Price,Adj Close,Close,High,Low,Open,Volume
Ticker,GDX,GDX,GDX,GDX,GDX,GDX
Date,,,,,,
2006-05-22,31.59446907043457,37.22999954223633,37.290000915527344,35.869998931884766,36.52000045776367,197100
2006-05-23,32.213966369628906,37.959999084472656,39.220001220703125,37.75,37.75,620900
2006-05-24,30.991952896118164,36.52000045776367,37.56999969482422,35.869998931884766,37.130001068115234,638600
2006-05-25,32.51948165893555,38.31999969482422,38.31999969482422,36.97999954223633,37.18000030517578,367000
2006-05-26,32.71466064453125,38.54999923706055,38.7400016784668,37.77000045776367,38.7400016784668,269400
2006-05-30,32.392189025878906,38.16999816894531,39.720001220703125,38.11000061035156,39.5,559100
2006-05-31,32.9692497253418,38.849998474121094,39.130001068115234,38.119998931884766,38.900001525878906,350700
2006-06-01,32.69769287109375,38.529998779296875,38.58000183105469,37.16999816894531,37.20000076293945,641300
2006-06-02,33.206871032714844,39.130001068115234,39.38999938964844,38.79999923706055,39.310001373291016,277300
2006-06-05,32.35824203491211,38.130001068115234,40.27000045776367,38.099998474121094,40.27000045776367,436000
2006-06-06,31.407773971557617,37.0099983215332,38.029998779296875,36.720001220703125,38.029998779296875,663600
2006-06-07,30.669469833374023,36.13999938964844,37.54999923706055,35.81999969482422,36.310001373291016,484100
2006-06-08,29.931156158447266,35.27000045776367,35.380001068115234,33.619998931884766,35.27000045776367,812800
2006-06-09,29.761436462402344,35.06999969482422,36.189998626708984,34.86000061035156,35.75,542200
2006-06-12,28.666698455810547,33.779998779296875,35.630001068115234,33.7599983215332,35.47999954223633,584700
2006-06-13,27.325864791870117,32.20000076293945,33.150001525878906,31.81999969482422,32.65999984741211,1580900
2006-06-14,28.030223846435547,33.029998779296875,33.5,32.25,32.849998474121094,646800
2006-06-15,29.651105880737305,34.939998626708984,35.04999923706055,34.0,34.400001525878906,882200
2006-06-16,29.337120056152344,34.56999969482422,35.0,34.29999923706055,35.0,602300
2006-06-19,28.513948440551758,33.599998474121094,34.470001220703125,33.56999969482422,34.16999816894531,366100
2006-06-20,29.14193344116211,34.34000015258789,34.72999954223633,33.599998474121094,33.90999984741211,388500
2006-06-21,30.43185806274414,35.86000061035156,36.040000915527344,34.599998474121094,34.599998474121094,551000
2006-06-22,30.24515151977539,35.63999938964844,36.209999084472656,35.16999816894531,36.0,590000
2006-06-23,30.788267135620117,36.279998779296875,36.5,35.150001525878906,35.16999816894531,467800
2006-06-26,31.08529281616211,36.630001068115234,36.79999923706055,36.150001525878906,36.619998931884766,301500
2006-06-27,30.1093692779541,35.47999954223633,37.04999923706055,35.47999954223633,36.970001220703125,469200
2006-06-28,29.96510124206543,35.310001373291016,35.93000030517578,35.0,35.70000076293945,415200
2006-06-29,32.213966369628906,37.959999084472656,37.959999084472656,35.939998626708984,35.95000076293945,588500
2006-06-30,32.841949462890625,38.70000076293945,39.060001373291016,38.31999969482422,38.70000076293945,1069400
2006-07-03,34.140357971191406,40.22999954223633,40.22999954223633,39.31999969482422,39.400001525878906,561200
2006-07-05,33.41053771972656,39.369998931884766,40.459999084472656,38.849998474121094,40.099998474121094,685600
2006-07-06,33.71604537963867,39.72999954223633,39.9900016784668,39.040000915527344,39.5,411100
2006-07-07,33.12200164794922,39.029998779296875,39.880001068115234,38.95000076293945,39.68000030517578,500500
2006-07-10,32.81649398803711,38.66999816894531,39.130001068115234,38.25,38.38999938964844,401400
2006-07-11,33.74150085449219,39.7599983215332,39.7599983215332,38.790000915527344,39.029998779296875,512700
2006-07-12,33.512386322021484,39.4900016784668,40.459999084472656,39.369998931884766,40.11000061035156,519500
2006-07-13,32.52796173095703,38.33000183105469,39.5,38.279998779296875,39.47999954223633,647700
2006-07-14,33.071083068847656,38.970001220703125,39.130001068115234,38.34000015258789,38.900001525878906,459500
2006-07-17,31.738733291625977,37.400001525878906,38.66999816894531,37.400001525878906,38.31999969482422,777700
2006-07-18,31.399280548095703,37.0,37.959999084472656,36.43000030517578,37.88999938964844,800200
2006-07-19,32.62131118774414,38.439998626708984,38.5099983215332,36.900001525878906,36.900001525878906,515300
2006-07-20,31.255023956298828,36.83000183105469,38.33000183105469,36.83000183105469,38.209999084472656,415200
2006-07-21,30.389421463012695,35.810001373291016,37.29999923706055,35.810001373291016,37.08000183105469,646200
2006-07-24,31.136213302612305,36.689998626708984,36.81999969482422,35.189998626708984,35.5,1086500
2006-07-25,31.984848022460938,37.689998626708984,37.790000915527344,36.41999816894531,36.83000183105469,949400
2006-07-26,32.55342483520508,38.36000061035156,38.38999938964844,37.18000030517578,37.4900016784668,361800
2006-07-27,31.823593139648438,37.5,39.369998931884766,37.369998931884766,39.349998474121094,518000
2006-07-28,32.909847259521484,38.779998779296875,38.779998779296875,37.689998626708984,37.779998779296875,371400
2006-07-31,32.89287567138672,38.7599983215332,38.86000061035156,38.22999954223633,38.72999954223633,233900
2006-08-01,33.7330207824707,39.75,39.75,38.29999923706055,38.59000015258789,536600
2006-08-02,34.505271911621094,40.65999984741211,40.70000076293945,39.810001373291016,40.34000015258789,944300
2006-08-03,33.868812561035156,39.90999984741211,40.45000076293945,39.560001373291016,40.290000915527344,496400
2006-08-04,33.59723663330078,39.59000015258789,40.77000045776367,39.540000915527344,40.66999816894531,501700
2006-08-07,34.0470085144043,40.119998931884766,40.41999816894531,39.720001220703125,39.79999923706055,279900
2006-08-08,33.707557678222656,39.720001220703125,40.45000076293945,39.56999969482422,39.9900016784668,361100
2006-08-09,34.437381744384766,40.58000183105469,40.86000061035156,39.79999923706055,40.040000915527344,631000
2006-08-10,33.7330207824707,39.75,40.380001068115234,39.189998626708984,40.29999923706055,745600
2006-08-11,32.833465576171875,38.689998626708984,40.2400016784668,38.68000030517578,40.099998474121094,512100
2006-08-14,32.281864166259766,38.040000915527344,38.84000015258789,37.880001068115234,38.52000045776367,420300
2006-08-15,32.72315216064453,38.560001373291016,38.720001220703125,38.150001525878906,38.150001525878906,298300
2006-08-16,33.25778579711914,39.189998626708984,39.459999084472656,39.060001373291016,39.22999954223633,199600
2006-08-17,32.48552703857422,38.279998779296875,39.09000015258789,38.02000045776367,39.04999923706055,277300
2006-08-18,32.570396423339844,38.380001068115234,38.54999923706055,37.619998931884766,38.54999923706055,317100
2006-08-21,34.1912727355957,40.290000915527344,40.290000915527344,39.0,39.150001525878906,408000
2006-08-22,34.3694953918457,40.5,40.5,39.66999816894531,40.0,304100
2006-08-23,34.26765060424805,40.380001068115234,41.220001220703125,40.22999954223633,40.95000076293945,402700
2006-08-24,33.7330207824707,39.75,40.689998626708984,39.599998474121094,40.599998474121094,327300
2006-08-25,33.92820739746094,39.97999954223633,40.34000015258789,39.79999923706055,40.099998474121094,188200
2006-08-28,33.17292404174805,39.09000015258789,39.880001068115234,39.04999923706055,39.869998931884766,345900
2006-08-29,33.39356994628906,39.349998474121094,39.349998474121094,38.45000076293945,39.04999923706055,853100
2006-08-30,33.52934646606445,39.5099983215332,40.099998474121094,39.099998474121094,39.86000061035156,525600
2006-08-31,34.44586181640625,40.59000015258789,40.599998474121094,40.02000045776367,40.290000915527344,535200
2006-09-01,34.70045471191406,40.88999938964844,41.08000183105469,40.0099983215332,40.25,241700
2006-09-05,35.727291107177734,42.099998474121094,42.16999816894531,41.5,41.650001525878906,669700
2006-09-06,35.38784408569336,41.70000076293945,42.58000183105469,41.560001373291016,41.84000015258789,664700
2006-09-07,34.19976043701172,40.29999923706055,40.970001220703125,40.209999084472656,40.5,851900
2006-09-08,33.30022048950195,39.2400016784668,39.599998474121094,39.099998474121094,39.599998474121094,754000
2006-09-11,30.890106201171875,36.400001525878906,37.779998779296875,36.2599983215332,37.5099983215332,1646500
2006-09-12,30.610061645507812,36.06999969482422,36.95000076293945,35.72999954223633,36.40999984741211,725900
2006-09-13,30.847675323486328,36.349998474121094,36.7400016784668,36.150001525878906,36.36000061035156,386500
2006-09-14,29.659597396850586,34.95000076293945,36.63999938964844,34.77000045776367,36.5,859600
2006-09-15,29.897212982177734,35.22999954223633,35.470001220703125,34.34000015258789,35.0099983215332,784400
2006-09-18,30.677953720092773,36.150001525878906,36.2400016784668,35.11000061035156,35.11000061035156,625000
2006-09-19,29.430471420288086,34.68000030517578,36.04999923706055,34.630001068115234,35.900001525878906,615000
2006-09-20,29.15890884399414,34.36000061035156,35.279998779296875,34.29999923706055,35.02000045776367,946400
2006-09-21,29.53230857849121,34.79999923706055,35.119998931884766,34.209999084472656,34.70000076293945,453900
2006-09-22,29.574737548828125,34.849998474121094,35.650001525878906,34.79999923706055,35.650001525878906,886000
2006-09-25,29.243762969970703,34.459999084472656,34.84000015258789,33.86000061035156,34.790000915527344,711100
2006-09-26,30.236669540405273,35.630001068115234,35.63999938964844,34.4900016784668,34.560001373291016,814100
2006-09-27,30.881622314453125,36.38999938964844,36.40999984741211,35.22999954223633,36.040000915527344,594900
2006-09-28,30.51671028137207,35.959999084472656,36.689998626708984,35.959999084472656,36.40999984741211,499300
2006-09-29,30.253637313842773,35.650001525878906,36.220001220703125,35.400001525878906,35.400001525878906,342000
2006-10-02,30.321521759033203,35.72999954223633,36.439998626708984,35.54999923706055,35.95000076293945,275600
2006-10-03,28.395139694213867,33.459999084472656,34.70000076293945,33.380001068115234,34.619998931884766,942700
2006-10-04,28.658218383789062,33.77000045776367,33.77000045776367,32.40999984741211,33.400001525878906,1014300
2006-10-05,29.286197662353516,34.5099983215332,34.79999923706055,34.040000915527344,34.459999084472656,493900
2006-10-06,29.167396545410156,34.369998931884766,34.86000061035156,33.77000045776367,34.47999954223633,458300
2006-10-09,28.92977523803711,34.09000015258789,35.06999969482422,34.06999969482422,35.0,477700
2006-10-10,29.218307495117188,34.43000030517578,34.689998626708984,33.529998779296875,33.560001373291016,473800
2006-10-11,28.69215965270996,33.810001373291016,34.599998474121094,33.779998779296875,34.599998474121094,385400
2006-10-12,29.44744300842285,34.70000076293945,34.779998779296875,33.720001220703125,33.93000030517578,626200
2006-10-13,30.37244987487793,35.790000915527344,35.79999923706055,35.15999984741211,35.25,977200
2006-10-16,30.60158348083496,36.060001373291016,36.20000076293945,35.40999984741211,36.20000076293945,946300
2006-10-17,30.38092803955078,35.79999923706055,35.9900016784668,35.13999938964844,35.9900016784668,402400
2006-10-18,29.85477638244629,35.18000030517578,35.9900016784668,35.099998474121094,35.9900016784668,336200
2006-10-19,30.839189529418945,36.34000015258789,36.45000076293945,35.59000015258789,35.650001525878906,782900
2006-10-20,30.330028533935547,35.7400016784668,36.599998474121094,35.72999954223633,36.290000915527344,492400
2006-10-23,30.618547439575195,36.08000183105469,36.08000183105469,35.06999969482422,35.18000030517578,481800
2006-10-24,30.83070182800293,36.33000183105469,36.599998474121094,35.5099983215332,35.5099983215332,675900
2006-10-25,31.696304321289062,37.349998474121094,37.349998474121094,36.0099983215332,36.20000076293945,746900
2006-10-26,31.62842559814453,37.27000045776367,37.63999938964844,36.90999984741211,37.5,682400
2006-10-27,31.263500213623047,36.84000015258789,37.56999969482422,36.84000015258789,37.20000076293945,433200
2006-10-30,31.407773971557617,37.0099983215332,38.040000915527344,37.0099983215332,38.040000915527344,522300
2006-10-31,32.213966369628906,37.959999084472656,37.970001220703125,37.0,37.0099983215332,583000
2006-11-01,32.281864166259766,38.040000915527344,38.880001068115234,37.75,38.529998779296875,856800
2006-11-02,32.53645706176758,38.34000015258789,38.79999923706055,37.91999816894531,38.150001525878906,551500
2006-11-03,32.926822662353516,38.79999923706055,38.95000076293945,38.25,38.29999923706055,1442400
2006-11-06,32.61282730102539,38.43000030517578,39.25,38.40999984741211,38.66999816894531,661700
2006-11-07,32.71466064453125,38.54999923706055,38.95000076293945,38.29999923706055,38.7599983215332,365200
2006-11-08,32.468563079833984,38.2599983215332,38.68000030517578,37.91999816894531,38.29999923706055,341100
2006-11-09,33.860321044921875,39.900001525878906,39.970001220703125,38.63999938964844,38.849998474121094,585600
2006-11-10,33.10503387451172,39.0099983215332,39.709999084472656,38.790000915527344,39.560001373291016,681900
2006-11-13,33.028656005859375,38.91999816894531,38.939998626708984,38.04999923706055,38.2599983215332,492100
2006-11-14,32.587371826171875,38.400001525878906,39.279998779296875,38.310001373291016,39.2599983215332,438000
2006-11-15,32.994712829589844,38.880001068115234,39.060001373291016,37.75,37.90999984741211,553300
2006-11-16,31.67084503173828,37.31999969482422,39.040000915527344,37.31999969482422,38.95000076293945,1309500
2006-11-17,31.696304321289062,37.349998474121094,37.66999816894531,36.66999816894531,37.040000915527344,672900
2006-11-20,31.67084503173828,37.31999969482422,38.16999816894531,37.25,37.86000061035156,343900
2006-11-21,32.833465576171875,38.689998626708984,38.7400016784668,37.869998931884766,37.88999938964844,845400
2006-11-22,32.96076583862305,38.84000015258789,39.52000045776367,38.59000015258789,39.099998474121094,463300
2006-11-24,33.860321044921875,39.900001525878906,40.209999084472656,39.650001525878906,39.93000030517578,588000
2006-11-27,33.911231994628906,39.959999084472656,40.45000076293945,39.86000061035156,40.290000915527344,545700
2006-11-28,34.28463363647461,40.400001525878906,40.400001525878906,39.70000076293945,39.9900016784668,817000
2006-11-29,34.39494705200195,40.529998779296875,40.529998779296875,40.029998779296875,40.189998626708984,597700
2006-11-30,35.62545394897461,41.97999954223633,41.97999954223633,41.029998779296875,41.16999816894531,1055700
2006-12-01,35.2520637512207,41.540000915527344,41.9900016784668,41.220001220703125,41.849998474121094,1057500
2006-12-04,35.71881866455078,42.09000015258789,42.119998931884766,41.209999084472656,41.7400016784668,837800
2006-12-05,35.2860107421875,41.58000183105469,42.31999969482422,41.2400016784668,42.099998474121094,960500
2006-12-06,34.717430114746094,40.90999984741211,41.630001068115234,40.79999923706055,40.959999084472656,804400
2006-12-07,35.00596237182617,41.25,41.4900016784668,40.220001220703125,41.06999969482422,962500
2006-12-08,34.3694953918457,40.5,41.619998931884766,40.29999923706055,41.54999923706055,790400
2006-12-11,34.649539947509766,40.83000183105469,41.06999969482422,40.45000076293945,40.45000076293945,518300
2006-12-12,34.25068283081055,40.36000061035156,40.70000076293945,39.84000015258789,40.540000915527344,873400
2006-12-13,34.28463363647461,40.400001525878906,40.56999969482422,39.83000183105469,40.25,584700
2006-12-14,34.41191864013672,40.54999923706055,40.70000076293945,40.16999816894531,40.43000030517578,1725200
2006-12-15,33.74150085449219,39.7599983215332,40.790000915527344,39.5099983215332,40.58000183105469,998800
2006-12-18,33.36811065673828,39.31999969482422,39.88999938964844,39.189998626708984,39.72999954223633,729500
2006-12-19,34.301597595214844,40.41999816894531,40.41999816894531,39.29999923706055,39.29999923706055,851600
2006-12-20,33.67361831665039,39.68000030517578,40.45000076293945,39.5,40.41999816894531,1064200
2006-12-21,33.192745208740234,39.0,39.56999969482422,38.61000061035156,39.540000915527344,1078700
2006-12-22,32.92890167236328,38.689998626708984,38.95000076293945,38.310001373291016,38.95000076293945,611300
2006-12-26,33.21827697753906,39.029998779296875,39.65999984741211,38.869998931884766,39.25,439800
2006-12-27,33.8651123046875,39.790000915527344,39.790000915527344,39.27000045776367,39.470001220703125,307800
2006-12-28,34.18852615356445,40.16999816894531,40.349998474121094,39.880001068115234,40.04999923706055,405000
2006-12-29,33.96725082397461,39.90999984741211,40.0,39.54999923706055,40.0,548200
2007-01-03,32.70762634277344,38.43000030517578,40.220001220703125,38.11000061035156,40.189998626708984,950300
2007-01-04,32.10334396362305,37.720001220703125,38.2400016784668,37.529998779296875,38.099998474121094,680300
2007-01-05,31.669288635253906,37.209999084472656,37.34000015258789,36.650001525878906,36.650001525878906,1869400
2007-01-08,31.745872497558594,37.29999923706055,37.40999984741211,36.77000045776367,37.29999923706055,946000
2007-01-09,31.533113479614258,37.04999923706055,37.20000076293945,36.25,36.75,742800
2007-01-10,31.15861701965332,36.61000061035156,36.79999923706055,36.189998626708984,36.31999969482422,622700
2007-01-11,31.430973052978516,36.93000030517578,37.459999084472656,36.689998626708984,36.77000045776367,1038800
2007-01-12,32.25654602050781,37.900001525878906,37.959999084472656,36.95000076293945,37.04999923706055,672600
2007-01-16,31.933124542236328,37.52000045776367,38.0,37.25,37.970001220703125,472200
2007-01-17,32.0863151550293,37.70000076293945,38.02000045776367,37.36000061035156,37.52000045776367,703000
2007-01-18,31.465017318725586,36.970001220703125,38.2400016784668,36.849998474121094,37.959999084472656,729900
2007-01-19,31.941633224487305,37.529998779296875,37.70000076293945,36.9900016784668,37.20000076293945,484200
2007-01-22,31.72035026550293,37.27000045776367,37.88999938964844,37.0099983215332,37.58000183105469,534600
2007-01-23,33.27785110473633,39.099998474121094,39.099998474121094,38.060001373291016,38.20000076293945,1457200
2007-01-24,33.66936492919922,39.560001373291016,39.560001373291016,38.34000015258789,38.81999969482422,704800
2007-01-25,33.2863655090332,39.11000061035156,40.099998474121094,38.869998931884766,39.810001373291016,1179800
2007-01-26,33.36296081542969,39.20000076293945,39.2400016784668,38.5,39.099998474121094,410000
2007-01-29,32.809749603271484,38.54999923706055,39.290000915527344,38.369998931884766,38.81999969482422,1024700
2007-01-30,33.167205810546875,38.970001220703125,39.06999969482422,38.54999923706055,38.79999923706055,530200
2007-01-31,33.703399658203125,39.599998474121094,39.779998779296875,38.959999084472656,38.970001220703125,643000
2007-02-01,33.91617202758789,39.849998474121094,40.41999816894531,39.83000183105469,40.13999938964844,700600
2007-02-02,33.465091705322266,39.31999969482422,39.5,38.95000076293945,39.33000183105469,640900
2007-02-05,33.60126876831055,39.47999954223633,39.630001068115234,39.25,39.599998474121094,206400
2007-02-06,33.81404495239258,39.72999954223633,40.02000045776367,39.41999816894531,39.90999984741211,260900
2007-02-07,33.45658493041992,39.310001373291016,39.900001525878906,39.130001068115234,39.54999923706055,392000
2007-02-08,34.26512145996094,40.2599983215332,40.2599983215332,39.06999969482422,39.29999923706055,920300
2007-02-09,34.13747024536133,40.11000061035156,40.810001373291016,39.91999816894531,40.41999816894531,918000
2007-02-12,33.7119140625,39.61000061035156,40.31999969482422,39.40999984741211,39.939998626708984,434100
2007-02-13,34.23958969116211,40.22999954223633,40.369998931884766,40.02000045776367,40.22999954223633,363400
2007-02-14,34.80131149291992,40.88999938964844,40.959999084472656,40.34000015258789,40.599998474121094,473700
2007-02-15,35.06515884399414,41.20000076293945,41.20000076293945,40.65999984741211,40.900001525878906,446300
2007-02-16,34.84387969970703,40.939998626708984,41.029998779296875,40.709999084472656,40.79999923706055,368100
2007-02-20,34.11192321777344,40.08000183105469,40.380001068115234,39.849998474121094,40.31999969482422,853400
2007-02-21,35.38006591796875,41.56999969482422,41.810001373291016,40.150001525878906,40.31999969482422,1071000
2007-02-22,35.57581329345703,41.79999923706055,42.22999954223633,41.560001373291016,42.0,660900
2007-02-23,35.60135269165039,41.83000183105469,43.31999969482422,41.7599983215332,42.400001525878906,1077200
2007-02-26,36.043914794921875,42.349998474121094,42.4900016784668,41.900001525878906,42.31999969482422,589200
2007-02-27,33.49063491821289,39.349998474121094,41.459999084472656,38.72999954223633,41.25,1639400
2007-02-28,34.03532791137695,39.9900016784668,40.119998931884766,38.83000183105469,39.400001525878906,1259900
2007-03-01,33.32040786743164,39.150001525878906,39.79999923706055,38.65999984741211,38.779998779296875,614400
2007-03-02,32.069297790527344,37.68000030517578,39.029998779296875,37.65999984741211,38.5,1297100
2007-03-05,31.42246437072754,36.91999816894531,37.84000015258789,36.25,37.0,878000
2007-03-06,32.40973663330078,38.08000183105469,38.220001220703125,37.59000015258789,37.59000015258789,965900
2007-03-07,32.418251037597656,38.09000015258789,38.720001220703125,37.9900016784668,38.099998474121094,1060000
2007-03-08,32.639530181884766,38.349998474121094,38.790000915527344,38.08000183105469,38.650001525878906,630400
2007-03-09,32.36717987060547,38.029998779296875,38.70000076293945,37.970001220703125,38.70000076293945,576800
2007-03-12,32.894859313964844,38.650001525878906,38.72999954223633,37.93000030517578,38.02000045776367,780000
2007-03-13,31.618223190307617,37.150001525878906,38.75,37.060001373291016,38.439998626708984,1068600
2007-03-14,31.796947479248047,37.36000061035156,37.47999954223633,36.459999084472656,37.0099983215332,1172600
2007-03-15,32.5459098815918,38.2400016784668,38.439998626708984,37.68000030517578,37.68000030517578,1055100
2007-03-16,32.64804458618164,38.36000061035156,39.029998779296875,38.150001525878906,38.650001525878906,1329200
2007-03-19,33.0650749206543,38.849998474121094,39.029998779296875,38.599998474121094,38.66999816894531,651600
2007-03-20,33.3799934387207,39.220001220703125,39.470001220703125,39.04999923706055,39.45000076293945,671500
2007-03-21,34.13747024536133,40.11000061035156,40.11000061035156,39.060001373291016,39.47999954223633,399500
2007-03-22,34.018306732177734,39.970001220703125,40.380001068115234,39.84000015258789,40.33000183105469,584600
2007-03-23,33.8991584777832,39.83000183105469,40.0,39.47999954223633,39.90999984741211,430800
2007-03-26,34.16299057006836,40.13999938964844,40.279998779296875,39.619998931884766,40.279998779296875,514500
2007-03-27,33.57574462890625,39.45000076293945,39.939998626708984,39.400001525878906,39.880001068115234,503200
2007-03-28,33.73744201660156,39.63999938964844,39.95000076293945,39.459999084472656,39.720001220703125,554000
2007-03-29,33.57574462890625,39.45000076293945,39.83000183105469,39.20000076293945,39.599998474121094,689100
2007-03-30,33.67786407470703,39.56999969482422,39.79999923706055,39.36000061035156,39.70000076293945,399500
2007-04-02,34.1714973449707,40.150001525878906,40.150001525878906,39.189998626708984,39.380001068115234,410200
2007-04-03,34.45236587524414,40.47999954223633,40.7400016784668,40.0,40.08000183105469,921600
2007-04-04,35.05663299560547,41.189998626708984,41.290000915527344,40.7400016784668,40.7400016784668,434100
2007-04-05,35.03962326049805,41.16999816894531,41.5,41.08000183105469,41.25,457600
2007-04-09,34.9374885559082,41.04999923706055,41.630001068115234,40.93000030517578,41.25,341700
2007-04-10,35.218353271484375,41.380001068115234,41.72999954223633,41.290000915527344,41.599998474121094,294100
2007-04-11,34.980045318603516,41.099998474121094,41.9900016784668,40.84000015258789,41.79999923706055,1486000
2007-04-12,35.133243560791016,41.279998779296875,41.279998779296875,40.810001373291016,41.15999984741211,446800
2007-04-13,36.043914794921875,42.349998474121094,42.599998474121094,41.5099983215332,41.54999923706055,854900
2007-04-16,36.4950065612793,42.880001068115234,42.880001068115234,42.439998626708984,42.52000045776367,695000
2007-04-17,35.99284744262695,42.290000915527344,42.77000045776367,42.2599983215332,42.599998474121094,539100
2007-04-18,35.822635650634766,42.09000015258789,42.4900016784668,42.0,42.40999984741211,472900
2007-04-19,34.95450973510742,41.06999969482422,41.41999816894531,40.25,41.41999816894531,1269100
2007-04-20,35.294952392578125,41.470001220703125,41.86000061035156,41.33000183105469,41.650001525878906,357900
2007-04-23,34.97153091430664,41.09000015258789,41.540000915527344,40.97999954223633,41.470001220703125,440700
2007-04-24,34.51194381713867,40.54999923706055,41.09000015258789,40.349998474121094,41.040000915527344,1293900
2007-04-25,34.9034423828125,41.0099983215332,41.13999938964844,40.58000183105469,40.97999954223633,813800
2007-04-26,34.09490203857422,40.060001373291016,40.599998474121094,39.91999816894531,40.599998474121094,1033200
2007-04-27,34.333221435546875,40.34000015258789,40.43000030517578,40.040000915527344,40.15999984741211,408800
2007-04-30,33.66936492919922,39.560001373291016,40.38999938964844,39.5,40.38999938964844,387700
2007-05-01,33.44807434082031,39.29999923706055,39.58000183105469,38.95000076293945,39.45000076293945,689800
2007-05-02,34.35022735595703,40.36000061035156,40.400001525878906,39.11000061035156,39.15999984741211,829800
2007-05-03,34.64811325073242,40.709999084472656,40.88999938964844,40.06999969482422,40.400001525878906,569300
2007-05-04,34.64811325073242,40.709999084472656,41.400001525878906,40.630001068115234,41.119998931884766,394100
2007-05-07,34.877906799316406,40.97999954223633,41.369998931884766,40.97999954223633,41.220001220703125,387300
2007-05-08,34.682159423828125,40.75,40.779998779296875,40.27000045776367,40.7599983215332,724100
2007-05-09,34.55449295043945,40.599998474121094,40.9900016784668,40.369998931884766,40.5099983215332,365700
2007-05-10,33.60126876831055,39.47999954223633,40.310001373291016,39.349998474121094,40.310001373291016,901500
2007-05-11,33.83106231689453,39.75,40.040000915527344,39.66999816894531,39.66999816894531,430800
2007-05-14,33.328922271728516,39.15999984741211,40.119998931884766,38.959999084472656,40.11000061035156,1028700
2007-05-15,33.2523193359375,39.06999969482422,39.65999984741211,38.97999954223633,39.20000076293945,422000
2007-05-16,32.716129302978516,38.439998626708984,39.04999923706055,38.13999938964844,38.959999084472656,1004300
2007-05-17,32.56293487548828,38.2599983215332,38.540000915527344,38.04999923706055,38.36000061035156,1301900
2007-05-18,33.201255798339844,39.0099983215332,39.209999084472656,38.529998779296875,38.65999984741211,752800
2007-05-21,33.592769622802734,39.470001220703125,39.75,38.849998474121094,38.849998474121094,1060900
2007-05-22,33.073585510253906,38.86000061035156,39.5,38.75,39.5,389000
2007-05-23,33.465091705322266,39.31999969482422,39.650001525878906,39.11000061035156,39.2400016784668,706000
2007-05-24,32.418251037597656,38.09000015258789,39.290000915527344,37.97999954223633,39.22999954223633,1005000
2007-05-25,32.56293487548828,38.2599983215332,38.470001220703125,37.90999984741211,38.220001220703125,476500
2007-05-29,32.299095153808594,37.95000076293945,38.630001068115234,37.90999984741211,38.5,665500
2007-05-30,32.3331413269043,37.9900016784668,38.029998779296875,37.5,37.86000061035156,641000
2007-05-31,33.328922271728516,39.15999984741211,39.20000076293945,38.18000030517578,38.25,782800
2007-06-01,34.09490203857422,40.060001373291016,40.13999938964844,39.709999084472656,39.72999954223633,1548000
2007-06-04,34.08639907836914,40.04999923706055,40.13999938964844,39.709999084472656,40.0,656600
2007-06-05,33.81404495239258,39.72999954223633,40.029998779296875,39.470001220703125,39.77000045776367,724000
2007-06-06,33.473609924316406,39.33000183105469,39.65999984741211,39.0,39.5,1056000
2007-06-07,32.350154876708984,38.0099983215332,39.33000183105469,37.970001220703125,39.20000076293945,1551700
2007-06-08,32.58846664428711,38.290000915527344,38.5099983215332,37.400001525878906,37.90999984741211,1027600
2007-06-11,32.53739929199219,38.22999954223633,38.529998779296875,37.900001525878906,38.33000183105469,709100
2007-06-12,31.856517791748047,37.43000030517578,38.029998779296875,37.29999923706055,37.77000045776367,971200
2007-06-13,32.3331413269043,37.9900016784668,37.9900016784668,37.40999984741211,37.560001373291016,1161400
2007-06-14,32.66506576538086,38.380001068115234,38.5099983215332,38.040000915527344,38.150001525878906,467000
2007-06-15,33.26934051513672,39.09000015258789,39.13999938964844,38.540000915527344,38.779998779296875,620100
2007-06-18,33.17572021484375,38.97999954223633,39.279998779296875,38.900001525878906,39.20000076293945,747500
2007-06-19,33.592769622802734,39.470001220703125,39.470001220703125,38.7400016784668,38.810001373291016,757200
2007-06-20,32.92890167236328,38.689998626708984,39.400001525878906,38.619998931884766,39.400001525878906,600700
2007-06-21,33.32040786743164,39.150001525878906,39.150001525878906,38.13999938964844,38.79999923706055,827400
2007-06-22,33.01401901245117,38.790000915527344,39.09000015258789,38.38999938964844,38.86000061035156,848700
2007-06-25,32.21397399902344,37.849998474121094,39.22999954223633,37.83000183105469,38.54999923706055,867200
2007-06-26,31.575653076171875,37.099998474121094,37.86000061035156,36.720001220703125,37.86000061035156,1323400
2007-06-27,31.83099365234375,37.400001525878906,37.400001525878906,36.630001068115234,37.060001373291016,1252700
2007-06-28,32.02674102783203,37.630001068115234,38.09000015258789,37.400001525878906,37.400001525878906,495100
2007-06-29,32.24803161621094,37.88999938964844,38.02000045776367,37.619998931884766,37.7599983215332,508500
2007-07-02,33.05656433105469,38.84000015258789,38.84000015258789,38.2599983215332,38.33000183105469,727400
2007-07-03,32.96295166015625,38.72999954223633,38.880001068115234,38.560001373291016,38.790000915527344,299700
2007-07-05,33.405521392822266,39.25,39.25,38.599998474121094,38.90999984741211,816300
2007-07-06,34.49491882324219,40.529998779296875,40.560001373291016,39.25,39.29999923706055,1608300
2007-07-09,34.792808532714844,40.880001068115234,41.2400016784668,40.720001220703125,40.91999816894531,1353900
2007-07-10,34.60556411743164,40.65999984741211,41.09000015258789,40.5,40.81999969482422,914200
2007-07-11,34.60556411743164,40.65999984741211,40.65999984741211,40.15999984741211,40.41999816894531,720400
2007-07-12,35.133243560791016,41.279998779296875,41.369998931884766,40.58000183105469,40.81999969482422,1065100
2007-07-13,35.15877151489258,41.310001373291016,41.619998931884766,41.209999084472656,41.34000015258789,583700
2007-07-16,34.94599914550781,41.060001373291016,41.38999938964844,40.59000015258789,41.38999938964844,701000
2007-07-17,34.741737365722656,40.81999969482422,41.189998626708984,40.66999816894531,41.029998779296875,1077400
2007-07-18,36.15456008911133,42.47999954223633,42.47999954223633,40.88999938964844,41.0,1382000
2007-07-19,36.67372131347656,43.09000015258789,43.189998626708984,42.58000183105469,42.58000183105469,1537700
2007-07-20,36.63117218017578,43.040000915527344,43.25,42.65999984741211,43.11000061035156,1191900
2007-07-23,36.588623046875,42.9900016784668,43.13999938964844,42.7400016784668,43.11000061035156,629800
2007-07-24,36.08646774291992,42.400001525878906,43.29999923706055,42.150001525878906,43.20000076293945,1210100
2007-07-25,35.507728576660156,41.720001220703125,41.9900016784668,40.7599983215332,41.88999938964844,2414900
2007-07-26,34.29916000366211,40.29999923706055,41.0,39.369998931884766,40.79999923706055,3046100
2007-07-27,33.20976257324219,39.02000045776367,40.22999954223633,39.02000045776367,40.029998779296875,1932200
2007-07-30,34.12895584106445,40.099998474121094,40.36000061035156,39.11000061035156,39.29999923706055,1202700
2007-07-31,33.99276351928711,39.939998626708984,40.93000030517578,39.93000030517578,40.5099983215332,1234200
2007-08-01,33.60126876831055,39.47999954223633,40.040000915527344,38.81999969482422,39.939998626708984,1481000
2007-08-02,33.88212966918945,39.810001373291016,39.95000076293945,39.36000061035156,39.66999816894531,1112000
2007-08-03,33.60126876831055,39.47999954223633,40.119998931884766,39.33000183105469,39.790000915527344,1742100
2007-08-06,32.971458435058594,38.7400016784668,40.13999938964844,38.06999969482422,39.36000061035156,2174900
2007-08-07,32.835289001464844,38.58000183105469,38.9900016784668,37.880001068115234,38.099998474121094,1075100
2007-08-08,34.15449142456055,40.130001068115234,40.34000015258789,39.36000061035156,39.369998931884766,1905300
2007-08-09,33.57574462890625,39.45000076293945,39.5,38.5,39.150001525878906,2182100
2007-08-10,33.91617202758789,39.849998474121094,40.099998474121094,38.79999923706055,39.0,1976300
2007-08-13,33.30339050292969,39.130001068115234,39.900001525878906,38.97999954223633,39.849998474121094,1228800
2007-08-14,32.38419723510742,38.04999923706055,39.11000061035156,37.84000015258789,38.95000076293945,1714800
2007-08-15,31.022449493408203,36.45000076293945,37.619998931884766,36.0099983215332,37.33000183105469,2675800
2007-08-16,29.354299545288086,34.4900016784668,35.63999938964844,32.7599983215332,35.560001373291016,5587800
2007-08-17,29.975601196289062,35.220001220703125,36.45000076293945,34.810001373291016,35.5099983215332,2975600
2007-08-20,30.469236373901367,35.79999923706055,36.099998474121094,35.099998474121094,35.439998626708984,1783900
2007-08-21,30.426679611206055,35.75,36.0,35.47999954223633,35.54999923706055,1199300
2007-08-22,31.388425827026367,36.880001068115234,37.040000915527344,36.349998474121094,36.36000061035156,1651100
2007-08-23,30.93733787536621,36.349998474121094,37.41999816894531,36.25,37.34000015258789,1297200
2007-08-24,31.601198196411133,37.130001068115234,37.380001068115234,36.41999816894531,36.4900016784668,1093300
2007-08-27,31.17564582824707,36.630001068115234,37.06999969482422,36.5099983215332,37.06999969482422,1452400
2007-08-28,30.392635345458984,35.709999084472656,36.650001525878906,35.599998474121094,36.15999984741211,962600
2007-08-29,31.456504821777344,36.959999084472656,36.959999084472656,36.04999923706055,36.099998474121094,1215800
2007-08-30,31.07351303100586,36.5099983215332,37.189998626708984,36.349998474121094,36.349998474121094,1032700
2007-08-31,32.04376983642578,37.650001525878906,37.75,37.099998474121094,37.59000015258789,1660500
2007-09-04,32.90336990356445,38.65999984741211,38.939998626708984,37.72999954223633,37.7400016784668,1883700
2007-09-05,32.75016403198242,38.47999954223633,38.56999969482422,37.970001220703125,38.2599983215332,1225800
2007-09-06,34.852378845214844,40.95000076293945,40.97999954223633,38.970001220703125,38.970001220703125,2737700
2007-09-07,35.03962326049805,41.16999816894531,41.75,40.68000030517578,41.59000015258789,2828400
2007-09-10,34.84387969970703,40.939998626708984,41.650001525878906,40.52000045776367,41.599998474121094,1592700
2007-09-11,35.78858184814453,42.04999923706055,42.13999938964844,40.849998474121094,41.09000015258789,1722400
2007-09-12,35.90774154663086,42.189998626708984,42.209999084472656,41.599998474121094,41.849998474121094,1177000
2007-09-13,35.92475891113281,42.209999084472656,42.279998779296875,41.5,41.72999954223633,1566600
2007-09-14,35.89072036743164,42.16999816894531,42.720001220703125,41.61000061035156,42.02000045776367,2389300
2007-09-17,35.87369918823242,42.150001525878906,42.70000076293945,41.84000015258789,42.31999969482422,2258400
2007-09-18,37.107784271240234,43.599998474121094,43.630001068115234,41.400001525878906,42.0,2453100
2007-09-19,37.4737548828125,44.029998779296875,44.59000015258789,43.59000015258789,43.939998626708984,2778800
2007-09-20,38.99722671508789,45.81999969482422,45.86000061035156,44.91999816894531,45.04999923706055,3633000
2007-09-21,38.70784378051758,45.47999954223633,45.959999084472656,45.0,45.95000076293945,2422700
2007-09-24,38.384429931640625,45.099998474121094,45.72999954223633,45.02000045776367,45.209999084472656,2098700
2007-09-25,37.95037841796875,44.59000015258789,44.68000030517578,44.150001525878906,44.58000183105469,2173300
2007-09-26,37.320552825927734,43.849998474121094,45.02000045776367,43.400001525878906,44.7400016784668,3632800
2007-09-27,37.729095458984375,44.33000183105469,44.630001068115234,43.84000015258789,44.380001068115234,1997400
2007-09-28,38.59719467163086,45.349998474121094,45.810001373291016,44.97999954223633,45.25,1853000
2007-10-01,38.99722671508789,45.81999969482422,45.84000015258789,44.81999969482422,44.869998931884766,1500500
2007-10-02,37.27800750732422,43.79999923706055,45.400001525878906,43.310001373291016,44.540000915527344,2634900
2007-10-03,37.09076690673828,43.58000183105469,44.41999816894531,43.43000030517578,44.33000183105469,1442000
2007-10-04,37.76313400268555,44.369998931884766,44.369998931884766,42.869998931884766,43.43000030517578,1849300
2007-10-05,38.80146789550781,45.59000015258789,45.59000015258789,44.189998626708984,44.22999954223633,2217500
2007-10-08,37.97590255737305,44.619998931884766,45.209999084472656,44.220001220703125,45.0,606000
2007-10-09,38.97168731689453,45.790000915527344,45.790000915527344,44.349998474121094,44.38999938964844,1120600
2007-10-10,39.72916030883789,46.68000030517578,46.779998779296875,45.79999923706055,46.41999816894531,1494900
2007-10-11,39.8312873840332,46.79999923706055,48.5099983215332,46.130001068115234,47.18000030517578,5105400
2007-10-12,40.67387771606445,47.790000915527344,47.79999923706055,46.959999084472656,47.290000915527344,1458200
2007-10-15,40.869625091552734,48.02000045776367,49.7400016784668,47.459999084472656,48.650001525878906,2146800
2007-10-16,40.24833679199219,47.290000915527344,48.099998474121094,47.02000045776367,48.0099983215332,1541700
2007-10-17,39.541927337646484,46.459999084472656,48.09000015258789,45.97999954223633,47.91999816894531,1721400
2007-10-18,40.34195327758789,47.400001525878906,47.4900016784668,46.59000015258789,46.63999938964844,1433000
2007-10-19,39.8312873840332,46.79999923706055,47.650001525878906,46.29999923706055,47.650001525878906,2277700
2007-10-22,38.75039291381836,45.529998779296875,45.61000061035156,44.619998931884766,45.5099983215332,2270700
2007-10-23,39.67809295654297,46.619998931884766,46.72999954223633,45.709999084472656,46.2400016784668,1470200
2007-10-24,40.001502990722656,47.0,47.0,45.65999984741211,46.5,1642600
2007-10-25,40.3845100402832,47.45000076293945,47.540000915527344,46.84000015258789,47.540000915527344,1494200
2007-10-26,41.193050384521484,48.400001525878906,48.65999984741211,47.900001525878906,48.22999954223633,1930200
2007-10-29,42.41862106323242,49.84000015258789,49.84000015258789,49.0099983215332,49.189998626708984,1586300
2007-10-30,41.550506591796875,48.81999969482422,48.93000030517578,48.47999954223633,48.84000015258789,1304900
2007-10-31,43.06545639038086,50.599998474121094,50.810001373291016,48.86000061035156,49.209999084472656,4774900
2007-11-01,41.550506591796875,48.81999969482422,50.15999984741211,48.59000015258789,50.15999984741211,2165300
2007-11-02,43.15907669067383,50.709999084472656,50.7400016784668,48.900001525878906,49.689998626708984,3212200
2007-11-05,42.92927932739258,50.439998626708984,51.22999954223633,49.779998779296875,51.22999954223633,2132700
2007-11-06,44.46976852416992,52.25,52.5,51.66999816894531,51.810001373291016,2181600
2007-11-07,43.85698318481445,51.529998779296875,53.84000015258789,51.5,53.84000015258789,3870500
2007-11-08,43.746341705322266,51.400001525878906,52.650001525878906,49.93000030517578,51.5,3504100
2007-11-09,42.818641662597656,50.310001373291016,51.2599983215332,50.0099983215332,51.25,1813000
2007-11-12,39.73767852783203,46.689998626708984,48.959999084472656,46.470001220703125,48.959999084472656,3908400
2007-11-13,40.49515151977539,47.58000183105469,48.02000045776367,46.939998626708984,46.939998626708984,1919300
2007-11-14,41.44837188720703,48.70000076293945,49.5,48.349998474121094,49.4900016784668,1823900
2007-11-15,39.5248908996582,46.439998626708984,47.9900016784668,45.970001220703125,47.9900016784668,2910000
2007-11-16,39.95896530151367,46.95000076293945,47.189998626708984,46.150001525878906,46.880001068115234,2132700
2007-11-19,38.682315826416016,45.45000076293945,46.70000076293945,45.040000915527344,46.650001525878906,2779600
2007-11-20,40.793033599853516,47.93000030517578,47.93000030517578,45.790000915527344,46.45000076293945,2560100
2007-11-21,39.848304748535156,46.81999969482422,47.900001525878906,45.95000076293945,47.900001525878906,2226200
2007-11-23,41.576045989990234,48.849998474121094,48.849998474121094,47.349998474121094,48.0,1155900
2007-11-26,40.05257797241211,47.060001373291016,49.43000030517578,46.849998474121094,49.43000030517578,1966500
2007-11-27,39.669593811035156,46.61000061035156,46.84000015258789,45.7400016784668,46.84000015258789,2329700
2007-11-28,40.733455657958984,47.86000061035156,48.0,46.060001373291016,46.11000061035156,3893200
2007-11-29,40.0185432434082,47.02000045776367,48.0,46.7599983215332,47.099998474121094,1668500
2007-11-30,39.456809997558594,46.36000061035156,47.5,45.70000076293945,47.09000015258789,2006000
2007-12-03,39.848304748535156,46.81999969482422,47.11000061035156,45.75,45.7599983215332,775800
2007-12-04,39.32063674926758,46.20000076293945,47.20000076293945,45.970001220703125,47.20000076293945,2908300
2007-12-05,39.08232879638672,45.91999816894531,46.470001220703125,45.529998779296875,46.470001220703125,1865200
2007-12-06,39.81427001953125,46.779998779296875,46.939998626708984,45.380001068115234,45.630001068115234,2123200
2007-12-07,39.490867614746094,46.400001525878906,47.0,45.93000030517578,47.0,1412300
2007-12-10,40.2908821105957,47.34000015258789,47.77000045776367,46.880001068115234,46.90999984741211,2009000
2007-12-11,39.09084701538086,45.93000030517578,48.13999938964844,45.66999816894531,47.45000076293945,2205500
2007-12-12,39.74618148803711,46.70000076293945,47.150001525878906,46.06999969482422,46.75,2369900
2007-12-13,38.34187316894531,45.04999923706055,46.25,44.619998931884766,46.20000076293945,2328700
2007-12-14,37.712066650390625,44.310001373291016,45.040000915527344,44.150001525878906,44.560001373291016,2332900
2007-12-17,36.21413803100586,42.54999923706055,44.310001373291016,42.5,43.900001525878906,1613400
2007-12-18,36.95458984375,43.41999816894531,43.7599983215332,42.310001373291016,43.36000061035156,2247900
2007-12-19,36.63969039916992,43.04999923706055,43.63999938964844,42.88999938964844,43.369998931884766,1084700
2007-12-20,36.48649215698242,42.869998931884766,43.22999954223633,42.400001525878906,43.099998474121094,1279700
2007-12-21,38.29931640625,45.0,45.40999984741211,43.63999938964844,43.9900016784668,3648200
2007-12-24,38.364227294921875,44.33000183105469,45.0099983215332,44.279998779296875,45.0099983215332,990600
2007-12-26,39.53254699707031,45.68000030517578,45.810001373291016,44.72999954223633,44.75,1680400
2007-12-27,39.272918701171875,45.380001068115234,45.97999954223633,45.150001525878906,45.970001220703125,1958900
2007-12-28,40.354705810546875,46.630001068115234,46.7400016784668,45.77000045776367,45.77000045776367,1444900
2007-12-31,39.66236114501953,45.83000183105469,46.7400016784668,45.630001068115234,46.619998931884766,980700
2008-01-02,42.613460540771484,49.2400016784668,49.27000045776367,46.689998626708984,46.689998626708984,3385300
2008-01-03,43.91158676147461,50.7400016784668,51.18000030517578,49.099998474121094,49.349998474121094,3871200
2008-01-04,43.184635162353516,49.900001525878906,50.349998474121094,49.279998779296875,50.279998779296875,2678500
2008-01-07,42.45768356323242,49.060001373291016,50.279998779296875,48.52000045776367,49.810001373291016,2859300
2008-01-08,43.96351623535156,50.79999923706055,51.97999954223633,50.599998474121094,50.7400016784668,4603800
2008-01-09,44.249107360839844,51.130001068115234,51.189998626708984,50.15999984741211,50.810001373291016,4724100
2008-01-10,45.01933288574219,52.02000045776367,52.459999084472656,50.349998474121094,50.86000061035156,3529200
2008-01-11,45.365501403808594,52.41999816894531,53.20000076293945,51.79999923706055,52.0,3736400
2008-01-14,46.14439010620117,53.31999969482422,54.22999954223633,53.09000015258789,54.029998779296875,6214000
2008-01-15,44.31834030151367,51.209999084472656,53.59000015258789,51.0,53.06999969482422,4602200
2008-01-16,42.25864028930664,48.83000183105469,50.869998931884766,48.25,50.290000915527344,5080200
2008-01-17,41.46244812011719,47.90999984741211,50.400001525878906,47.77000045776367,49.77000045776367,4064300
2008-01-18,41.83457946777344,48.34000015258789,48.95000076293945,46.470001220703125,48.470001220703125,3697800
2008-01-22,42.83845901489258,49.5,49.5,44.849998474121094,45.470001220703125,6123900
2008-01-23,41.704769134521484,48.189998626708984,49.470001220703125,46.27000045776367,48.560001373291016,3998100
2008-01-24,43.574073791503906,50.349998474121094,50.88999938964844,49.849998474121094,49.93000030517578,3635900
2008-01-25,43.6346549987793,50.41999816894531,51.959999084472656,50.25,50.93000030517578,4283100
2008-01-28,44.31834030151367,51.209999084472656,51.380001068115234,49.93000030517578,50.83000183105469,4157000
2008-01-29,43.87697982788086,50.70000076293945,51.59000015258789,50.56999969482422,51.59000015258789,3199800
2008-01-30,44.17987060546875,51.04999923706055,52.16999816894531,50.220001220703125,50.63999938964844,4030000
2008-01-31,43.574073791503906,50.349998474121094,50.869998931884766,49.81999969482422,50.52000045776367,2790800
2008-02-01,42.53556823730469,49.150001525878906,50.93000030517578,48.88999938964844,50.540000915527344,3315900
2008-02-04,41.67014694213867,48.150001525878906,49.0,47.810001373291016,49.0,4153700
2008-02-05,40.45855712890625,46.75,47.310001373291016,46.400001525878906,47.08000183105469,5774600
2008-02-06,40.5883674621582,46.900001525878906,48.04999923706055,46.84000015258789,47.31999969482422,4549400
2008-02-07,40.553749084472656,46.86000061035156,47.38999938964844,46.349998474121094,46.849998474121094,4785400
2008-02-08,42.00765609741211,48.540000915527344,48.68000030517578,47.0,47.060001373291016,4605900
2008-02-11,42.10285568237305,48.650001525878906,48.91999816894531,47.47999954223633,48.619998931884766,4430800
2008-02-12,40.5797119140625,46.88999938964844,48.95000076293945,46.79999923706055,48.599998474121094,4651000
2008-02-13,41.3326301574707,47.7599983215332,47.810001373291016,46.560001373291016,47.0,4449000
2008-02-14,41.098960876464844,47.4900016784668,48.09000015258789,47.22999954223633,47.72999954223633,4326200
2008-02-15,41.32396697998047,47.75,48.08000183105469,46.7599983215332,47.47999954223633,4141500
2008-02-19,42.92500686645508,49.599998474121094,49.779998779296875,48.68000030517578,48.869998931884766,5005200
2008-02-20,44.09333038330078,50.95000076293945,50.95000076293945,49.0,49.130001068115234,6070200
2008-02-21,43.954864501953125,50.790000915527344,52.20000076293945,50.63999938964844,51.41999816894531,8028900
2008-02-22,44.03274917602539,50.880001068115234,51.189998626708984,49.4900016784668,51.189998626708984,5110100
2008-02-25,44.08466720581055,50.939998626708984,51.189998626708984,49.7599983215332,50.81999969482422,5111800
2008-02-26,45.02798080444336,52.029998779296875,52.220001220703125,50.58000183105469,50.709999084472656,6042200
2008-02-27,46.005924224853516,53.15999984741211,53.77000045776367,52.599998474121094,52.7400016784668,5624100
2008-02-28,47.061729431152344,54.380001068115234,54.400001525878906,53.16999816894531,53.16999816894531,5439400
2008-02-29,45.97129440307617,53.119998931884766,54.119998931884766,52.63999938964844,54.0,5461000
2008-03-03,47.269432067871094,54.619998931884766,54.91999816894531,53.790000915527344,54.04999923706055,6082600
2008-03-04,45.651092529296875,52.75,55.20000076293945,51.959999084472656,55.150001525878906,7694100
2008-03-05,47.33001708984375,54.689998626708984,54.95000076293945,53.310001373291016,53.45000076293945,4219700
2008-03-06,47.40790557861328,54.779998779296875,55.060001373291016,53.81999969482422,54.70000076293945,3740000
2008-03-07,46.256893157958984,53.45000076293945,54.91999816894531,52.81999969482422,54.91999816894531,4223000
2008-03-10,44.500083923339844,51.41999816894531,52.720001220703125,51.209999084472656,52.33000183105469,5252300
2008-03-11,46.352088928222656,53.560001373291016,53.560001373291016,51.68000030517578,52.439998626708984,3226100
2008-03-12,46.42997360229492,53.650001525878906,54.0099983215332,53.08000183105469,53.70000076293945,2443600
2008-03-13,48.50698471069336,56.04999923706055,56.04999923706055,54.27000045776367,54.290000915527344,3685500
2008-03-14,48.82719421386719,56.41999816894531,56.869998931884766,55.189998626708984,55.88999938964844,4181300
2008-03-17,47.57233428955078,54.970001220703125,56.7400016784668,54.040000915527344,55.4900016784668,4293000
2008-03-18,45.33953857421875,52.38999938964844,55.4900016784668,52.119998931884766,55.29999923706055,4391000
2008-03-19,42.725955963134766,49.369998931884766,51.68000030517578,48.7400016784668,51.619998931884766,6715900
2008-03-20,41.349937438964844,47.779998779296875,48.099998474121094,46.06999969482422,47.54999923706055,6026300
2008-03-24,40.64895248413086,46.970001220703125,48.41999816894531,46.72999954223633,47.79999923706055,4141100
2008-03-25,42.44038009643555,49.040000915527344,49.060001373291016,47.720001220703125,47.72999954223633,2852600
2008-03-26,43.184635162353516,49.900001525878906,50.130001068115234,49.34000015258789,49.43000030517578,4326800
2008-03-27,42.717308044433594,49.36000061035156,49.95000076293945,48.86000061035156,49.95000076293945,2730400
2008-03-28,42.47498321533203,49.08000183105469,49.16999816894531,48.0099983215332,48.970001220703125,1735600
2008-03-31,41.28070068359375,47.70000076293945,49.40999984741211,47.13999938964844,49.099998474121094,2756200
2008-04-01,40.146995544433594,46.38999938964844,46.650001525878906,45.529998779296875,46.650001525878906,3567100
2008-04-02,41.86919403076172,48.380001068115234,48.38999938964844,46.54999923706055,46.689998626708984,2359300
2008-04-03,42.00765609741211,48.540000915527344,48.88999938964844,47.880001068115234,48.09000015258789,1702600
2008-04-04,42.32786560058594,48.90999984741211,49.119998931884766,48.470001220703125,48.5,1878000
2008-04-07,42.53556823730469,49.150001525878906,50.25,48.959999084472656,49.27000045776367,1756500
2008-04-08,41.9124641418457,48.43000030517578,49.0,48.13999938964844,48.40999984741211,1390900
2008-04-09,42.70865249633789,49.349998474121094,49.5,48.27000045776367,48.33000183105469,2108700
2008-04-10,42.431724548339844,49.029998779296875,49.75,48.400001525878906,49.45000076293945,1645400
2008-04-11,41.7307243347168,48.220001220703125,49.220001220703125,48.08000183105469,49.09000015258789,1558100
2008-04-14,41.54032516479492,48.0,48.7400016784668,47.939998626708984,48.130001068115234,1131900
2008-04-15,42.4922981262207,49.099998474121094,49.099998474121094,48.560001373291016,48.68000030517578,1178600
2008-04-16,44.50873565673828,51.43000030517578,51.45000076293945,49.91999816894531,49.91999816894531,2944600
2008-04-17,43.97217559814453,50.810001373291016,51.2599983215332,50.38999938964844,51.119998931884766,1292300
2008-04-18,42.66537857055664,49.29999923706055,49.70000076293945,48.81999969482422,49.5,2945600
2008-04-21,42.16343688964844,48.720001220703125,49.63999938964844,48.220001220703125,49.599998474121094,1842800
2008-04-22,41.65283966064453,48.130001068115234,49.22999954223633,47.970001220703125,48.369998931884766,1737200
2008-04-23,40.02583694458008,46.25,47.45000076293945,46.08000183105469,47.349998474121094,2760100
2008-04-24,38.34691619873047,44.310001373291016,45.900001525878906,44.16999816894531,45.900001525878906,4098500
2008-04-25,39.229652404785156,45.33000183105469,45.33000183105469,44.380001068115234,44.83000183105469,2262000
2008-04-28,38.34691619873047,44.310001373291016,45.900001525878906,44.310001373291016,45.279998779296875,1800900
2008-04-29,36.806461334228516,42.529998779296875,43.630001068115234,42.16999816894531,43.619998931884766,4684500
2008-04-30,37.73247528076172,43.599998474121094,43.779998779296875,42.439998626708984,42.79999923706055,3816200
2008-05-01,36.91031265258789,42.650001525878906,43.04999923706055,41.61000061035156,42.75,5422100
2008-05-02,37.368995666503906,43.18000030517578,43.58000183105469,42.65999984741211,42.709999084472656,1730000
2008-05-05,38.1651725769043,44.099998474121094,44.27000045776367,43.630001068115234,43.84000015258789,1812700
2008-05-06,39.10848617553711,45.189998626708984,45.31999969482422,44.279998779296875,44.279998779296875,1976200
2008-05-07,38.50270080566406,44.4900016784668,44.88999938964844,44.15999984741211,44.439998626708984,1128000
2008-05-08,39.87871170043945,46.08000183105469,46.099998474121094,44.880001068115234,44.880001068115234,2832200
2008-05-09,39.774871826171875,45.959999084472656,46.59000015258789,45.0,46.439998626708984,2583600
2008-05-12,39.792179107666016,45.97999954223633,46.4900016784668,45.40999984741211,45.9900016784668,2279100
2008-05-13,39.24695587158203,45.349998474121094,45.7599983215332,44.66999816894531,45.310001373291016,1567700
2008-05-14,38.66712188720703,44.68000030517578,45.72999954223633,44.650001525878906,45.290000915527344,1036800
2008-05-15,39.9912223815918,46.209999084472656,46.36000061035156,45.43000030517578,45.5099983215332,2346100
2008-05-16,40.951847076416016,47.31999969482422,47.540000915527344,46.849998474121094,47.0,3520000
2008-05-19,41.1595458984375,47.560001373291016,48.15999984741211,47.25,47.83000183105469,2845600
2008-05-20,42.16343688964844,48.720001220703125,48.849998474121094,47.790000915527344,47.790000915527344,2474600
2008-05-21,42.14612579345703,48.70000076293945,49.81999969482422,48.58000183105469,48.84000015258789,3507300
2008-05-22,41.69610595703125,48.18000030517578,49.06999969482422,47.619998931884766,48.61000061035156,2708200
2008-05-23,41.32396697998047,47.75,48.83000183105469,47.75,48.439998626708984,1630700
2008-05-27,40.190269470214844,46.439998626708984,47.13999938964844,46.150001525878906,46.880001068115234,1977100
2008-05-28,40.64028549194336,46.959999084472656,46.97999954223633,45.59000015258789,45.79999923706055,1478200
2008-05-29,39.1604118347168,45.25,46.119998931884766,45.130001068115234,45.849998474121094,1856500
2008-05-30,39.8267936706543,46.02000045776367,46.13999938964844,45.54999923706055,45.59000015258789,1099900
2008-06-02,40.1643180847168,46.40999984741211,46.75,45.95000076293945,46.0,940100
2008-06-03,39.33349609375,45.45000076293945,46.61000061035156,45.40999984741211,45.689998626708984,1336800
2008-06-04,38.66712188720703,44.68000030517578,45.59000015258789,44.599998474121094,45.560001373291016,1528000
2008-06-05,39.62774658203125,45.790000915527344,45.83000183105469,44.29999923706055,44.40999984741211,1560500
2008-06-06,40.406620025634766,46.689998626708984,47.25,46.189998626708984,46.189998626708984,1915200
2008-06-09,40.37200927734375,46.650001525878906,47.130001068115234,46.27000045776367,46.63999938964844,1169400
2008-06-10,38.2603759765625,44.209999084472656,45.880001068115234,44.040000915527344,45.689998626708984,3007500
2008-06-11,38.173824310302734,44.11000061035156,44.779998779296875,44.0099983215332,44.54999923706055,1351000
2008-06-12,37.368995666503906,43.18000030517578,43.459999084472656,42.70000076293945,43.41999816894531,2248900
2008-06-13,37.34303283691406,43.150001525878906,43.2599983215332,42.720001220703125,42.86000061035156,1303300
2008-06-16,37.775733947753906,43.650001525878906,44.5099983215332,43.56999969482422,44.22999954223633,1048500
2008-06-17,38.113258361816406,44.040000915527344,44.38999938964844,43.59000015258789,43.59000015258789,866700
2008-06-18,38.320945739746094,44.279998779296875,44.40999984741211,43.79999923706055,44.20000076293945,1119000
2008-06-19,38.12191390991211,44.04999923706055,45.11000061035156,43.83000183105469,44.75,1767500
2008-06-20,37.94017028808594,43.84000015258789,44.56999969482422,43.470001220703125,44.04999923706055,2477800
2008-06-23,38.320945739746094,44.279998779296875,44.279998779296875,42.869998931884766,43.08000183105469,1889000
2008-06-24,38.13056564331055,44.060001373291016,44.650001525878906,43.849998474121094,44.220001220703125,1006800
2008-06-25,37.97478103637695,43.880001068115234,44.13999938964844,42.790000915527344,43.9900016784668,2043300
2008-06-26,40.17295455932617,46.41999816894531,46.52000045776367,45.0,45.0,3895200
2008-06-27,41.79130935668945,48.290000915527344,48.70000076293945,47.040000915527344,47.08000183105469,3392500
2008-06-30,42.050933837890625,48.59000015258789,49.16999816894531,47.09000015258789,48.11000061035156,2067900
2008-07-01,42.86442947387695,49.529998779296875,50.09000015258789,48.79999923706055,49.06999969482422,3006900
2008-07-02,41.66148376464844,48.13999938964844,49.5,47.97999954223633,49.5,1783200
2008-07-03,40.73549270629883,47.06999969482422,47.84000015258789,46.43000030517578,47.84000015258789,1658800
2008-07-07,40.02583694458008,46.25,46.599998474121094,45.689998626708984,46.08000183105469,1763500
2008-07-08,39.420040130615234,45.54999923706055,45.880001068115234,44.79999923706055,45.880001068115234,2949800
2008-07-09,39.255611419677734,45.36000061035156,47.04999923706055,45.33000183105469,45.630001068115234,1883900
2008-07-10,40.389320373535156,46.66999816894531,47.099998474121094,45.86000061035156,46.0099983215332,1885200
2008-07-11,42.15478515625,48.709999084472656,49.09000015258789,47.959999084472656,47.959999084472656,4021200
2008-07-14,43.998138427734375,50.84000015258789,50.939998626708984,48.599998474121094,49.150001525878906,2378700
2008-07-15,42.92500686645508,49.599998474121094,51.84000015258789,48.90999984741211,51.439998626708984,5033500
2008-07-16,42.03363037109375,48.56999969482422,49.91999816894531,47.869998931884766,49.91999816894531,2379000
2008-07-17,41.150882720947266,47.54999923706055,49.599998474121094,47.150001525878906,48.209999084472656,2893400
2008-07-18,41.150882720947266,47.54999923706055,48.11000061035156,47.06999969482422,47.33000183105469,1331500
2008-07-21,42.13747787475586,48.689998626708984,48.689998626708984,47.25,48.16999816894531,1699400
2008-07-22,40.67490768432617,47.0,49.0,46.619998931884766,48.900001525878906,2508000
2008-07-23,38.571922302246094,44.56999969482422,46.75,44.310001373291016,46.720001220703125,4433700
2008-07-24,38.0872802734375,44.0099983215332,44.91999816894531,43.310001373291016,44.65999984741211,3448300
2008-07-25,38.30364990234375,44.2599983215332,44.709999084472656,43.34000015258789,44.31999969482422,2446900
2008-07-28,38.60654830932617,44.61000061035156,45.470001220703125,44.0,44.630001068115234,2224300
2008-07-29,37.79304122924805,43.66999816894531,44.54999923706055,43.16999816894531,44.54999923706055,3156000
2008-07-30,37.37764358520508,43.189998626708984,43.470001220703125,41.720001220703125,42.5,5464500
2008-07-31,37.62861633300781,43.47999954223633,44.41999816894531,43.290000915527344,44.36000061035156,2290800
2008-08-01,36.69395446777344,42.400001525878906,44.060001373291016,42.0,43.20000076293945,3886000
2008-08-04,35.35254669189453,40.849998474121094,42.61000061035156,40.290000915527344,42.0099983215332,6436200
2008-08-05,33.396697998046875,38.59000015258789,40.2599983215332,38.43000030517578,40.20000076293945,5147300
2008-08-06,33.93326187133789,39.209999084472656,39.93000030517578,38.939998626708984,38.939998626708984,3680700
2008-08-07,33.682281494140625,38.91999816894531,39.790000915527344,38.560001373291016,39.439998626708984,2572300
2008-08-08,31.414880752563477,36.29999923706055,38.0,36.279998779296875,38.0,5421900
2008-08-11,29.79652976989746,34.43000030517578,36.7599983215332,33.86000061035156,36.52000045776367,9889200
2008-08-12,30.610031127929688,35.369998931884766,35.75,34.380001068115234,35.02000045776367,6254000
2008-08-13,32.49665832519531,37.54999923706055,37.65999984741211,35.79999923706055,35.84000015258789,6282300
2008-08-14,31.042739868164062,35.869998931884766,37.66999816894531,35.83000183105469,37.15999984741211,3686600
2008-08-15,29.822494506835938,34.459999084472656,35.220001220703125,34.2599983215332,35.0,6607700
2008-08-18,30.385021209716797,35.11000061035156,35.810001373291016,35.0,35.16999816894531,4618800
2008-08-19,31.27640151977539,36.13999938964844,36.5099983215332,34.70000076293945,34.88999938964844,4109900
2008-08-20,31.311019897460938,36.18000030517578,36.790000915527344,35.459999084472656,36.150001525878906,3062000
2008-08-21,33.14571762084961,38.29999923706055,38.5,37.45000076293945,37.58000183105469,5749500
2008-08-22,32.44472885131836,37.4900016784668,38.040000915527344,36.88999938964844,37.88999938964844,2740600
2008-08-25,32.06394958496094,37.04999923706055,37.939998626708984,36.79999923706055,37.31999969482422,2120700
2008-08-26,32.03797912597656,37.02000045776367,37.65999984741211,36.68000030517578,36.70000076293945,2737200
2008-08-27,32.71300506591797,37.79999923706055,38.20000076293945,37.369998931884766,37.58000183105469,2169700
2008-08-28,32.81686019897461,37.91999816894531,38.880001068115234,37.349998474121094,38.7400016784668,2831400
2008-08-29,32.574546813964844,37.63999938964844,38.220001220703125,37.349998474121094,38.220001220703125,1674800
2008-09-02,30.506179809570312,35.25,35.68000030517578,34.90999984741211,35.650001525878906,3745200
2008-09-03,29.052268981933594,33.56999969482422,35.5,33.290000915527344,34.90999984741211,4802900
2008-09-04,27.849328994750977,32.18000030517578,34.38999938964844,32.15999984741211,34.09000015258789,6152400
2008-09-05,28.256080627441406,32.650001525878906,33.29999923706055,31.649999618530273,32.970001220703125,4943900
2008-09-08,26.776203155517578,30.940000534057617,33.599998474121094,30.940000534057617,33.599998474121094,5001400
2008-09-09,24.318403244018555,28.100000381469727,30.149999618530273,27.889999389648438,30.149999618530273,10857500
2008-09-10,25.166515350341797,29.079999923706055,29.100000381469727,27.43000030517578,28.579999923706055,8176700
2008-09-11,24.404943466186523,28.200000762939453,29.25,27.350000381469727,28.799999237060547,7511200
2008-09-12,27.044483184814453,31.25,31.690000534057617,29.0,29.700000762939453,10047700
2008-09-15,26.24829864501953,30.329999923706055,32.0,29.739999771118164,31.309999465942383,6408600
2008-09-16,26.438692092895508,30.549999237060547,30.729999542236328,28.610000610351562,29.489999771118164,6140300
2008-09-17,29.510942459106445,34.099998474121094,34.93000030517578,30.110000610351562,30.889999389648438,12870300
2008-09-18,29.597482681274414,34.20000076293945,36.13999938964844,33.2599983215332,35.52000045776367,11771700
2008-09-19,30.46291160583496,35.20000076293945,35.40999984741211,32.900001525878906,33.810001373291016,6476900
2008-09-22,32.963985443115234,38.09000015258789,38.72999954223633,36.15999984741211,36.18000030517578,8145700
2008-09-23,32.17644500732422,37.18000030517578,38.2400016784668,36.459999084472656,38.2400016784668,5181200
2008-09-24,32.358192443847656,37.38999938964844,38.06999969482422,36.939998626708984,37.779998779296875,3309300
2008-09-25,31.50141143798828,36.400001525878906,37.650001525878906,36.029998779296875,37.150001525878906,3710600
2008-09-26,31.008129119873047,35.83000183105469,37.81999969482422,35.2400016784668,36.91999816894531,4170900
2008-09-29,29.42439842224121,34.0,36.16999816894531,33.540000915527344,35.290000915527344,5882100
2008-09-30,29.242664337158203,33.790000915527344,34.58000183105469,33.400001525878906,33.9900016784668,3037200
2008-10-01,29.225353240966797,33.77000045776367,35.4900016784668,33.650001525878906,34.189998626708984,5119600
2008-10-02,25.054014205932617,28.950000762939453,33.06999969482422,28.469999313354492,33.06999969482422,9200800
2008-10-03,25.140552520751953,29.049999237060547,30.940000534057617,28.540000915527344,28.75,5121300
2008-10-06,24.14531707763672,27.899999618530273,30.6299991607666,25.299999237060547,30.219999313354492,9370300
2008-10-07,23.695297241210938,27.3799991607666,29.200000762939453,26.93000030517578,28.81999969482422,7163300
2008-10-08,27.053142547607422,31.260000228881836,31.649999618530273,28.229999542236328,28.65999984741211,9537600
2008-10-09,26.179061889648438,30.25,31.399999618530273,29.40999984741211,31.399999618530273,7924500
2008-10-10,22.795255661010742,26.34000015258789,30.729999542236328,24.68000030517578,30.059999465942383,11151400
2008-10-13,23.1933536529541,26.799999237060547,28.469999313354492,25.020000457763672,27.3799991607666,6280300
2008-10-14,23.70395278930664,27.389999389648438,28.809999465942383,26.84000015258789,27.65999984741211,6050700
2008-10-15,21.08171844482422,24.360000610351562,27.43000030517578,24.360000610351562,27.350000381469727,6690500
2008-10-16,19.21240234375,22.200000762939453,25.079999923706055,21.549999237060547,24.760000228881836,9989200
2008-10-17,18.771039962768555,21.690000534057617,24.209999084472656,20.969999313354492,21.3700008392334,6352300
2008-10-20,20.93459701538086,24.190000534057617,24.190000534057617,22.059999465942383,22.31999969482422,3919300
2008-10-21,18.944122314453125,21.889999389648438,23.200000762939453,21.760000228881836,22.459999084472656,4833100
2008-10-22,16.00168228149414,18.489999771118164,21.110000610351562,18.110000610351562,20.899999618530273,7410000
2008-10-23,15.067023277282715,17.40999984741211,19.530000686645508,16.799999237060547,18.260000228881836,9348900
2008-10-24,15.404540061950684,17.799999237060547,18.690000534057617,15.829999923706055,15.84000015258789,8507900
2008-10-27,14.166982650756836,16.3700008392334,18.34000015258789,16.329999923706055,18.0,7306100
2008-10-28,16.174766540527344,18.690000534057617,19.309999465942383,16.420000076293945,17.15999984741211,5992000
2008-10-29,18.052732467651367,20.860000610351562,21.309999465942383,18.90999984741211,19.170000076293945,8772700
2008-10-30,18.779691696166992,21.700000762939453,22.450000762939453,19.950000762939453,21.889999389648438,6972900
2008-10-31,18.130626678466797,20.950000762939453,21.8799991607666,20.780000686645508,21.3799991607666,4134300
2008-11-03,18.182552337646484,21.010000228881836,22.049999237060547,20.969999313354492,20.969999313354492,5729300
2008-11-04,20.683626174926758,23.899999618530273,24.420000076293945,22.219999313354492,22.360000610351562,10658000
2008-11-05,20.337453842163086,23.5,24.719999313354492,22.979999542236328,23.600000381469727,6821500
2008-11-06,18.978742599487305,21.93000030517578,24.290000915527344,21.010000228881836,23.729999542236328,9625700
2008-11-07,18.822961807250977,21.75,22.829999923706055,21.209999084472656,21.729999542236328,6304100
2008-11-10,20.034557342529297,23.149999618530273,23.709999084472656,22.3700008392334,23.290000915527344,4108000
2008-11-11,18.727766036987305,21.639999389648438,22.40999984741211,20.969999313354492,22.40999984741211,5562700
2008-11-12,16.78921890258789,19.399999618530273,21.25,19.399999618530273,20.989999771118164,6160100
2008-11-13,18.74507713317871,21.65999984741211,21.75,17.790000915527344,19.600000381469727,9645400
2008-11-14,17.784454345703125,20.549999237060547,22.6299991607666,20.459999084472656,21.84000015258789,6590800
2008-11-17,17.01422691345215,19.65999984741211,20.93000030517578,19.3700008392334,20.350000381469727,5998800
2008-11-18,16.92768096923828,19.559999465942383,20.450000762939453,19.1299991607666,19.8799991607666,6385100
2008-11-19,16.105531692504883,18.610000610351562,21.06999969482422,18.600000381469727,19.950000762939453,9968300
2008-11-20,15.75070571899414,18.200000762939453,19.450000762939453,17.59000015258789,18.610000610351562,7875900
2008-11-21,19.930706024169922,23.030000686645508,23.139999389648438,19.670000076293945,20.25,8971200
2008-11-24,21.31538200378418,24.6299991607666,25.950000762939453,24.239999771118164,24.5,11438000
2008-11-25,22.23273468017578,25.690000534057617,25.690000534057617,23.649999618530273,25.59000015258789,11000600
2008-11-26,22.59621238708496,26.110000610351562,26.209999084472656,24.40999984741211,24.920000076293945,9035800
2008-11-28,22.994308471679688,26.56999969482422,26.709999084472656,25.520000457763672,26.329999923706055,2678100
2008-12-01,19.472030639648438,22.5,24.950000762939453,22.5,24.780000686645508,8826700
2008-12-02,21.367311477661133,24.690000534057617,24.719999313354492,23.700000762939453,23.889999389648438,8226600
2008-12-03,20.822092056274414,24.059999465942383,24.81999969482422,23.399999618530273,23.649999618530273,6129200
2008-12-04,20.268226623535156,23.420000076293945,24.780000686645508,22.899999618530273,23.899999618530273,8322800
2008-12-05,20.103792190551758,23.229999542236328,23.420000076293945,21.200000762939453,22.889999389648438,7252900
2008-12-08,21.8606014251709,25.260000228881836,25.889999389648438,24.610000610351562,25.0,7784000
2008-12-09,21.990415573120117,25.40999984741211,26.170000076293945,24.520000457763672,24.979999542236328,5868300
2008-12-10,24.34436798095703,28.1299991607666,28.450000762939453,26.979999542236328,27.09000015258789,10461900
2008-12-11,24.249168395996094,28.020000457763672,29.90999984741211,27.3700008392334,28.920000076293945,11312400
2008-12-12,24.81169319152832,28.670000076293945,29.15999984741211,27.139999389648438,27.520000457763672,7272700
2008-12-15,26.25695037841797,30.34000015258789,30.850000381469727,29.270000457763672,29.649999618530273,7198800
2008-12-16,27.987796783447266,32.34000015258789,32.41999816894531,29.8700008392334,32.34000015258789,11269900
2008-12-17,27.788753509521484,32.11000061035156,33.869998931884766,31.739999771118164,32.779998779296875,10521200
2008-12-18,25.82423973083496,29.84000015258789,32.040000915527344,29.06999969482422,31.81999969482422,9491900
2008-12-19,26.46465492248535,30.579999923706055,30.6200008392334,28.959999084472656,29.219999313354492,9190300
2008-12-22,25.815584182739258,29.829999923706055,31.809999465942383,29.290000915527344,31.290000915527344,4573100
2008-12-23,26.603118896484375,30.739999771118164,30.969999313354492,29.579999923706055,29.920000076293945,3648400
2008-12-24,26.473304748535156,30.59000015258789,31.0,29.799999237060547,30.780000686645508,1289200
2008-12-26,27.909908294677734,32.25,32.52000045776367,30.18000030517578,30.959999084472656,2961500
2008-12-29,28.58493423461914,33.029998779296875,33.5099983215332,32.45000076293945,33.16999816894531,5369300
2008-12-30,28.558977127075195,33.0,33.04999923706055,32.310001373291016,33.0,4096000
2008-12-31,29.320554733276367,33.880001068115234,33.91999816894531,32.209999084472656,32.5,4366200
2009-01-02,28.835912704467773,33.31999969482422,34.45000076293945,33.18000030517578,33.5099983215332,4846500
2009-01-05,27.468544006347656,31.739999771118164,32.58000183105469,31.350000381469727,31.959999084472656,7600000
2009-01-06,28.221464157104492,32.61000061035156,33.2599983215332,31.420000076293945,31.829999923706055,8024000
2009-01-07,26.0059757232666,30.049999237060547,32.36000061035156,29.59000015258789,32.36000061035156,6701100
2009-01-08,27.51181411743164,31.790000915527344,31.790000915527344,30.540000915527344,30.889999389648438,5023900
2009-01-09,27.09640884399414,31.309999465942383,32.11000061035156,30.450000762939453,31.59000015258789,4483800
2009-01-12,25.054014205932617,28.950000762939453,30.200000762939453,28.700000762939453,30.190000534057617,5878100
2009-01-13,25.547298431396484,29.520000457763672,30.0,28.6200008392334,28.969999313354492,8157700
2009-01-14,24.404943466186523,28.200000762939453,29.59000015258789,27.670000076293945,29.079999923706055,5975100
2009-01-15,25.20978546142578,29.1299991607666,29.540000915527344,27.149999618530273,28.34000015258789,6393100
2009-01-16,26.767549514770508,30.93000030517578,31.010000228881836,29.440000534057617,30.6299991607666,9829300
2009-01-20,26.724275588989258,30.8799991607666,32.5099983215332,30.68000030517578,31.0,7953200
2009-01-21,27.390657424926758,31.649999618530273,31.760000228881836,29.940000534057617,30.899999618530273,6469400
2009-01-22,27.226224899291992,31.459999084472656,32.16999816894531,31.0,31.479999542236328,4949200
2009-01-23,29.54555892944336,34.13999938964844,34.66999816894531,32.22999954223633,32.27000045776367,12221500
2009-01-26,29.3984375,33.970001220703125,36.0,33.5,35.2400016784668,11124400
2009-01-27,28.965730667114258,33.470001220703125,34.099998474121094,33.27000045776367,33.9900016784668,6611700
2009-01-28,28.3253116607666,32.72999954223633,33.61000061035156,32.33000183105469,33.25,7382000
2009-01-29,29.77057456970215,34.400001525878906,34.5,32.0,32.31999969482422,10768000
2009-01-30,29.623449325561523,34.22999954223633,35.54999923706055,33.5099983215332,35.540000915527344,11641400
2009-02-02,28.472436904907227,32.900001525878906,34.0099983215332,32.5,33.349998474121094,10268900
2009-02-03,28.87053108215332,33.36000061035156,33.7400016784668,32.560001373291016,33.400001525878906,9819200
2009-02-04,29.476329803466797,34.060001373291016,34.31999969482422,33.43000030517578,33.70000076293945,7304400
2009-02-05,30.03020477294922,34.70000076293945,34.91999816894531,34.040000915527344,34.900001525878906,11352400
2009-02-06,30.653305053710938,35.41999816894531,35.54999923706055,34.13999938964844,34.41999816894531,9257600
2009-02-09,29.744606018066406,34.369998931884766,35.150001525878906,34.02000045776367,34.880001068115234,6714800
2009-02-10,29.42439842224121,34.0,35.4900016784668,33.34000015258789,35.189998626708984,11841600
2009-02-11,31.440839767456055,36.33000183105469,36.689998626708984,34.15999984741211,34.4900016784668,17253800
2009-02-12,31.570650100708008,36.47999954223633,36.47999954223633,35.54999923706055,36.2400016784668,14511100
2009-02-13,30.878314971923828,35.68000030517578,36.20000076293945,35.279998779296875,36.0,6688300
2009-02-17,32.020668029785156,37.0,37.79999923706055,36.560001373291016,36.959999084472656,19199000
2009-02-18,32.340877532958984,37.369998931884766,37.47999954223633,35.689998626708984,37.0,13202300
2009-02-19,30.84369468688965,35.63999938964844,37.29999923706055,35.41999816894531,37.08000183105469,14361200
2009-02-20,32.046634674072266,37.029998779296875,37.63999938964844,36.04999923706055,36.72999954223633,19549300
2009-02-23,31.562000274658203,36.470001220703125,37.2400016784668,35.63999938964844,36.75,23079700
2009-02-24,28.991689682006836,33.5,36.5,33.25,36.5,18752000
2009-02-25,28.472436904907227,32.900001525878906,34.7400016784668,32.84000015258789,33.34000015258789,15972300
2009-02-26,28.991689682006836,33.5,33.720001220703125,32.189998626708984,32.630001068115234,12759700
2009-02-27,28.87053108215332,33.36000061035156,34.22999954223633,32.52000045776367,33.91999816894531,10805900
2009-03-02,26.90601921081543,31.09000015258789,33.560001373291016,30.75,33.560001373291016,11876500
2009-03-03,27.4166202545166,31.68000030517578,32.18000030517578,29.920000076293945,31.0,10155400
2009-03-04,27.174299240112305,31.399999618530273,32.45000076293945,30.8700008392334,32.2400016784668,7661700
2009-03-05,28.576282501220703,33.02000045776367,33.060001373291016,31.420000076293945,31.5,9317000
2009-03-06,28.455127716064453,32.880001068115234,34.029998779296875,32.31999969482422,33.529998779296875,10024500
2009-03-09,27.304113388061523,31.549999237060547,32.65999984741211,31.18000030517578,32.650001525878906,7637800
2009-03-10,25.67711639404297,29.670000076293945,31.389999389648438,29.25,31.3700008392334,13630000
2009-03-11,27.12237548828125,31.34000015258789,31.610000610351562,29.8700008392334,30.079999923706055,8957100
2009-03-12,28.282041549682617,32.68000030517578,32.68000030517578,31.389999389648438,31.850000381469727,8909900
2009-03-13,28.628211975097656,33.08000183105469,33.310001373291016,32.380001068115234,33.189998626708984,5889600
2009-03-16,28.178190231323242,32.560001373291016,33.09000015258789,32.33000183105469,32.65999984741211,5202400
2009-03-17,27.56374168395996,31.850000381469727,32.470001220703125,31.3700008392334,32.2400016784668,5770900
2009-03-18,30.35040855407715,35.06999969482422,35.150001525878906,30.6200008392334,31.40999984741211,16924400
2009-03-19,32.41876220703125,37.459999084472656,37.59000015258789,36.290000915527344,36.290000915527344,16878600
2009-03-20,32.49665832519531,37.54999923706055,37.709999084472656,36.45000076293945,36.79999923706055,12587100
2009-03-23,32.6351203918457,37.709999084472656,38.220001220703125,37.20000076293945,37.40999984741211,8232500
2009-03-24,31.899513244628906,36.86000061035156,37.650001525878906,35.849998474121094,36.54999923706055,9658100
2009-03-25,33.2928466796875,38.470001220703125,38.4900016784668,36.54999923706055,36.95000076293945,8568900
2009-03-26,33.3793830871582,38.56999969482422,38.93000030517578,37.880001068115234,38.93000030517578,6279800
2009-03-27,32.020668029785156,37.0,37.599998474121094,36.59000015258789,37.5099983215332,4935300
2009-03-30,31.50141143798828,36.400001525878906,37.459999084472656,35.7599983215332,35.970001220703125,6869100
2009-03-31,31.916826248168945,36.880001068115234,37.43000030517578,35.970001220703125,36.81999969482422,4479500
2009-04-01,33.40534591674805,38.599998474121094,38.68000030517578,37.439998626708984,37.77000045776367,5278700
2009-04-02,32.10721206665039,37.099998474121094,37.7599983215332,36.310001373291016,37.540000915527344,7861900
2009-04-03,30.177318572998047,34.869998931884766,37.04999923706055,34.25,36.79999923706055,10506200
2009-04-06,28.732059478759766,33.20000076293945,33.58000183105469,32.619998931884766,33.400001525878906,8965800
2009-04-07,28.931110382080078,33.43000030517578,34.2599983215332,33.41999816894531,33.58000183105469,5303800
2009-04-08,29.017650604248047,33.529998779296875,34.2400016784668,32.970001220703125,34.18000030517578,4742900
2009-04-09,28.593595504760742,33.040000915527344,33.77000045776367,33.0,33.45000076293945,4283100
2009-04-13,29.225353240966797,33.77000045776367,34.349998474121094,33.689998626708984,34.20000076293945,6771100
2009-04-14,29.156116485595703,33.689998626708984,34.150001525878906,33.38999938964844,33.95000076293945,4602900
2009-04-15,29.329208374023438,33.88999938964844,34.189998626708984,33.47999954223633,33.59000015258789,4718600
2009-04-16,27.935871124267578,32.279998779296875,33.93000030517578,31.969999313354492,33.93000030517578,8860100
2009-04-17,26.802167892456055,30.969999313354492,32.0,30.799999237060547,31.950000762939453,9359900
2009-04-20,27.85798454284668,32.189998626708984,32.70000076293945,31.510000228881836,31.549999237060547,8510700
2009-04-21,27.174299240112305,31.399999618530273,32.93000030517578,31.0,32.849998474121094,7639400
2009-04-22,27.347379684448242,31.600000381469727,32.29999923706055,31.3700008392334,31.8700008392334,6708900
2009-04-23,28.333965301513672,32.7400016784668,33.4900016784668,31.59000015258789,31.989999771118164,9615100
2009-04-24,29.98693084716797,34.650001525878906,34.86000061035156,33.33000183105469,33.36000061035156,8218700
2009-04-27,29.744606018066406,34.369998931884766,34.779998779296875,33.84000015258789,34.31999969482422,5867900
2009-04-28,28.654172897338867,33.11000061035156,33.7400016784668,32.88999938964844,33.33000183105469,5191000
2009-04-29,29.329208374023438,33.88999938964844,34.369998931884766,33.650001525878906,33.9900016784668,5773600
2009-04-30,28.481088638305664,32.90999984741211,33.43000030517578,32.720001220703125,33.2400016784668,5921600
2009-05-01,28.593595504760742,33.040000915527344,33.459999084472656,32.68000030517578,33.0,2971200
2009-05-04,30.315786361694336,35.029998779296875,35.04999923706055,33.45000076293945,33.650001525878906,5966100
2009-05-05,30.099430084228516,34.779998779296875,35.849998474121094,34.63999938964844,35.7400016784668,6769700
2009-05-06,31.899513244628906,36.86000061035156,36.86000061035156,35.63999938964844,35.63999938964844,7867600
2009-05-07,31.6312313079834,36.54999923706055,37.79999923706055,36.119998931884766,37.470001220703125,6784400
2009-05-08,32.41876220703125,37.459999084472656,37.849998474121094,36.459999084472656,36.560001373291016,6460500
2009-05-11,32.2889518737793,37.310001373291016,37.63999938964844,36.54999923706055,37.06999969482422,4986500
2009-05-12,33.71689987182617,38.959999084472656,39.04999923706055,37.790000915527344,37.95000076293945,8298600
2009-05-13,32.834171295166016,37.939998626708984,39.54999923706055,37.619998931884766,38.599998474121094,10390900
2009-05-14,32.92936706542969,38.04999923706055,38.540000915527344,36.900001525878906,37.65999984741211,5763300
2009-05-15,32.58320236206055,37.650001525878906,38.77000045776367,37.119998931884766,38.130001068115234,7719000
2009-05-18,32.44472885131836,37.4900016784668,37.849998474121094,36.540000915527344,37.619998931884766,4007300
2009-05-19,33.25823211669922,38.43000030517578,39.36000061035156,37.47999954223633,37.75,7209900
2009-05-20,35.0236930847168,40.470001220703125,41.0,39.29999923706055,39.33000183105469,16040800
2009-05-21,35.690067291259766,41.2400016784668,41.68000030517578,39.459999084472656,40.5,9632100
2009-05-22,36.39105987548828,42.04999923706055,42.720001220703125,41.75,41.91999816894531,9204600
2009-05-26,36.209320068359375,41.84000015258789,42.0,40.40999984741211,41.0,7286400
2009-05-27,35.672760009765625,41.220001220703125,42.439998626708984,41.08000183105469,41.90999984741211,7127300
2009-05-28,37.22186279296875,43.0099983215332,43.40999984741211,41.939998626708984,41.939998626708984,8672200
2009-05-29,38.21710205078125,44.15999984741211,45.0,43.70000076293945,44.45000076293945,13002600
2009-06-01,37.56803894042969,43.40999984741211,45.099998474121094,43.38999938964844,44.72999954223633,10206600
2009-06-02,38.55461883544922,44.54999923706055,44.88999938964844,43.61000061035156,43.77000045776367,9135500
2009-06-03,36.48625946044922,42.15999984741211,43.83000183105469,41.29999923706055,43.7400016784668,10839900
2009-06-04,37.654579162597656,43.5099983215332,43.619998931884766,42.34000015258789,42.75,9864900
2009-06-05,35.76795959472656,41.33000183105469,43.25,40.81999969482422,42.25,10246700
2009-06-08,35.74198532104492,41.29999923706055,41.29999923706055,39.849998474121094,40.5,9576700
2009-06-09,35.56025695800781,41.09000015258789,42.099998474121094,40.900001525878906,42.08000183105469,5323900
2009-06-10,35.30928421020508,40.79999923706055,42.0,40.310001373291016,41.939998626708984,5776600
2009-06-11,35.41313171386719,40.91999816894531,41.709999084472656,40.099998474121094,40.5099983215332,5545000
2009-06-12,34.21885299682617,39.540000915527344,40.18000030517578,39.279998779296875,39.9900016784668,8795500
2009-06-15,32.860137939453125,37.970001220703125,39.380001068115234,37.68000030517578,39.279998779296875,8499000
2009-06-16,33.20629119873047,38.369998931884766,39.2400016784668,37.86000061035156,38.849998474121094,7023200
2009-06-17,33.08514404296875,38.22999954223633,38.43000030517578,37.130001068115234,38.130001068115234,8442100
2009-06-18,32.193756103515625,37.20000076293945,38.5,37.04999923706055,38.34000015258789,7646300
2009-06-19,33.22360610961914,38.38999938964844,38.68000030517578,37.560001373291016,37.709999084472656,8648000
2009-06-22,30.930240631103516,35.7400016784668,37.400001525878906,35.650001525878906,37.400001525878906,10768600
2009-06-23,32.30625915527344,37.33000183105469,37.33000183105469,35.459999084472656,36.18000030517578,8370100
2009-06-24,33.31015396118164,38.4900016784668,38.709999084472656,37.75,38.15999984741211,7890100
2009-06-25,34.6082878112793,39.9900016784668,40.0,38.29999923706055,38.5,6125500
2009-06-26,33.92460632324219,39.20000076293945,40.2599983215332,39.130001068115234,40.25,5540900
2009-06-29,33.88134002685547,39.150001525878906,39.709999084472656,38.86000061035156,39.5,4046600
2009-06-30,32.72166442871094,37.810001373291016,39.349998474121094,37.630001068115234,39.150001525878906,5487600
2009-07-01,34.10634231567383,39.40999984741211,39.91999816894531,38.599998474121094,38.70000076293945,5890300
2009-07-02,33.154380798339844,38.310001373291016,38.470001220703125,37.720001220703125,38.29999923706055,3867400
2009-07-06,31.96875,36.939998626708984,37.209999084472656,36.18000030517578,36.95000076293945,6927900
2009-07-07,31.59661102294922,36.5099983215332,37.400001525878906,36.5,36.90999984741211,5481700
2009-07-08,30.45425796508789,35.189998626708984,36.58000183105469,34.45000076293945,36.29999923706055,11077700
2009-07-09,30.55810546875,35.310001373291016,36.5,35.2599983215332,35.63999938964844,4610400
2009-07-10,30.410985946655273,35.13999938964844,35.58000183105469,34.58000183105469,34.810001373291016,4228100
2009-07-13,31.09466552734375,35.93000030517578,35.93000030517578,34.04999923706055,35.0099983215332,5147500
2009-07-14,31.812965393066406,36.7599983215332,36.810001373291016,36.189998626708984,36.4900016784668,5434700
2009-07-15,33.137062072753906,38.290000915527344,38.61000061035156,38.040000915527344,38.099998474121094,6690700
2009-07-16,33.17168045043945,38.33000183105469,38.599998474121094,37.65999984741211,38.0,3940200
2009-07-17,33.439964294433594,38.63999938964844,38.939998626708984,38.11000061035156,38.400001525878906,3814700
2009-07-20,34.815982818603516,40.22999954223633,40.29999923706055,39.52000045776367,39.95000076293945,6699500
2009-07-21,34.39193344116211,39.7400016784668,40.689998626708984,38.849998474121094,40.689998626708984,6574700
2009-07-22,34.41789627075195,39.77000045776367,40.349998474121094,39.130001068115234,39.5,5225900
2009-07-23,34.582332611083984,39.959999084472656,40.689998626708984,39.439998626708984,39.54999923706055,5418300
2009-07-24,34.53040313720703,39.900001525878906,40.439998626708984,39.7400016784668,39.810001373291016,3454100
2009-07-27,34.48712921142578,39.849998474121094,40.459999084472656,39.66999816894531,40.310001373291016,3709900
2009-07-28,33.18899154663086,38.349998474121094,38.97999954223633,37.349998474121094,38.779998779296875,7435600
2009-07-29,32.17644500732422,37.18000030517578,37.86000061035156,37.02000045776367,37.7400016784668,6151800
2009-07-30,33.02456283569336,38.15999984741211,38.58000183105469,37.970001220703125,38.09000015258789,5209700
2009-07-31,34.41789627075195,39.77000045776367,40.04999923706055,38.09000015258789,38.290000915527344,5305800
2009-08-03,35.283321380615234,40.77000045776367,41.25,40.470001220703125,40.720001220703125,7058400
2009-08-04,35.55160140991211,41.08000183105469,41.869998931884766,40.34000015258789,40.70000076293945,4939600
2009-08-05,35.4390983581543,40.95000076293945,41.34000015258789,40.08000183105469,41.150001525878906,4436100
2009-08-06,35.35254669189453,40.849998474121094,41.400001525878906,40.290000915527344,41.33000183105469,5332000
2009-08-07,34.59963607788086,39.97999954223633,41.0,39.900001525878906,40.720001220703125,4095900
2009-08-10,33.83805847167969,39.099998474121094,39.459999084472656,38.91999816894531,39.31999969482422,3379200
2009-08-11,33.25823211669922,38.43000030517578,39.04999923706055,38.369998931884766,38.95000076293945,5056900
2009-08-12,33.56978225708008,38.790000915527344,39.209999084472656,38.220001220703125,38.31999969482422,3485200
2009-08-13,34.51309585571289,39.880001068115234,40.150001525878906,39.279998779296875,39.900001525878906,6098300
2009-08-14,33.93326187133789,39.209999084472656,40.20000076293945,38.79999923706055,40.15999984741211,4969200
2009-08-17,32.28030014038086,37.29999923706055,37.810001373291016,36.9900016784668,37.560001373291016,7318700
2009-08-18,32.77358627319336,37.869998931884766,38.13999938964844,37.5,37.529998779296875,4268600
2009-08-19,33.09379577636719,38.2400016784668,38.58000183105469,37.11000061035156,37.459999084472656,5892600
2009-08-20,33.41400909423828,38.61000061035156,38.86000061035156,37.939998626708984,37.9900016784668,2748200
2009-08-21,34.011146545410156,39.29999923706055,39.90999984741211,39.099998474121094,39.380001068115234,5600600
2009-08-24,33.65631866455078,38.88999938964844,40.0,38.790000915527344,39.400001525878906,5324000
2009-08-25,33.959224700927734,39.2400016784668,39.939998626708984,39.040000915527344,39.689998626708984,4862600
2009-08-26,33.59574508666992,38.81999969482422,39.18000030517578,38.43000030517578,39.18000030517578,4202000
2009-08-27,34.244808197021484,39.56999969482422,39.7400016784668,38.060001373291016,38.86000061035156,4836700
2009-08-28,34.77271270751953,40.18000030517578,40.630001068115234,39.77000045776367,40.209999084472656,5624400
2009-08-31,34.19288635253906,39.5099983215332,39.56999969482422,39.08000183105469,39.38999938964844,4245900
2009-09-01,33.56978225708008,38.790000915527344,39.77000045776367,38.34000015258789,39.099998474121094,6372400
2009-09-02,36.76319122314453,42.47999954223633,42.63999938964844,39.18000030517578,39.400001525878906,17974000
2009-09-03,38.64116668701172,44.650001525878906,45.18000030517578,42.70000076293945,43.150001525878906,23524600
2009-09-04,38.961368560791016,45.02000045776367,45.38999938964844,43.900001525878906,44.41999816894531,13293400
2009-09-08,39.03926086425781,45.11000061035156,47.45000076293945,45.029998779296875,46.97999954223633,21956700
2009-09-09,38.182491302490234,44.119998931884766,45.56999969482422,43.470001220703125,45.220001220703125,15785300
2009-09-10,39.41139221191406,45.540000915527344,45.79999923706055,43.599998474121094,43.790000915527344,16575600
2009-09-11,39.88737106323242,46.09000015258789,47.290000915527344,45.66999816894531,46.66999816894531,16190800
2009-09-14,39.281578063964844,45.38999938964844,46.0,45.040000915527344,45.2400016784668,12142500
2009-09-15,40.54508972167969,46.849998474121094,47.0,45.34000015258789,45.34000015258789,13140000
2009-09-16,41.54032516479492,48.0,48.36000061035156,47.63999938964844,48.04999923706055,16299400
2009-09-17,41.349937438964844,47.779998779296875,48.400001525878906,46.06999969482422,47.79999923706055,18540200
2009-09-18,39.7402458190918,45.91999816894531,47.29999923706055,45.369998931884766,47.25,13002600
2009-09-21,39.07387161254883,45.150001525878906,45.36000061035156,43.5,44.5,16952900
2009-09-22,40.03449249267578,46.2599983215332,46.84000015258789,45.869998931884766,46.72999954223633,9360600
2009-09-23,38.80559539794922,44.84000015258789,46.36000061035156,44.72999954223633,46.11000061035156,12289900
2009-09-24,37.85362243652344,43.7400016784668,45.470001220703125,43.25,45.34000015258789,11410300
2009-09-25,37.27379608154297,43.06999969482422,43.7400016784668,42.66999816894531,43.27000045776367,10547000
2009-09-28,37.247825622558594,43.040000915527344,44.380001068115234,43.0,43.290000915527344,5793200
2009-09-29,38.476722717285156,44.459999084472656,44.7400016784668,43.099998474121094,43.25,7640600
2009-09-30,39.195037841796875,45.290000915527344,45.65999984741211,43.83000183105469,45.400001525878906,10604900
2009-10-01,37.265140533447266,43.060001373291016,45.369998931884766,42.810001373291016,45.290000915527344,11245400
2009-10-02,37.00551223754883,42.7599983215332,44.220001220703125,42.279998779296875,42.63999938964844,13271500
2009-10-05,38.56326675415039,44.560001373291016,44.83000183105469,43.099998474121094,43.099998474121094,7808100
2009-10-06,41.19416427612305,47.599998474121094,48.06999969482422,46.349998474121094,46.58000183105469,17726600
2009-10-07,41.45379638671875,47.900001525878906,48.060001373291016,46.849998474121094,47.650001525878906,11827700
2009-10-08,42.13747787475586,48.689998626708984,49.52000045776367,47.689998626708984,48.540000915527344,17081400
2009-10-09,41.79130935668945,48.290000915527344,48.7599983215332,47.630001068115234,48.290000915527344,9855300
2009-10-12,41.78264236450195,48.279998779296875,49.400001525878906,47.880001068115234,48.939998626708984,7120900
2009-10-13,42.5701789855957,49.189998626708984,49.7400016784668,48.0099983215332,48.810001373291016,11942300
2009-10-14,42.51826858520508,49.130001068115234,49.72999954223633,48.97999954223633,49.599998474121094,8690600
2009-10-15,41.67880630493164,48.15999984741211,48.86000061035156,47.97999954223633,48.150001525878906,9913900
2009-10-16,41.86919403076172,48.380001068115234,48.86000061035156,47.599998474121094,47.97999954223633,12171200
2009-10-19,41.99900436401367,48.529998779296875,48.84000015258789,47.54999923706055,48.52000045776367,8294700
2009-10-20,41.10762023925781,47.5,48.72999954223633,46.810001373291016,48.720001220703125,8938200
2009-10-21,41.012420654296875,47.38999938964844,49.0,47.0099983215332,47.029998779296875,12517900
2009-10-22,40.6662483215332,46.9900016784668,47.52000045776367,46.34000015258789,47.060001373291016,10834100
2009-10-23,40.406620025634766,46.689998626708984,47.91999816894531,46.36000061035156,47.810001373291016,9369900
2009-10-26,38.6757698059082,44.689998626708984,47.400001525878906,44.380001068115234,46.790000915527344,14361100
2009-10-27,38.48538589477539,44.470001220703125,44.7400016784668,43.43000030517578,44.40999984741211,12606500
2009-10-28,36.23527908325195,41.869998931884766,44.40999984741211,41.61000061035156,43.900001525878906,18057500
2009-10-29,37.90555191040039,43.79999923706055,44.349998474121094,42.400001525878906,42.54999923706055,13254700
2009-10-30,36.667999267578125,42.369998931884766,43.529998779296875,40.91999816894531,43.5,17395900
2009-11-02,37.10935974121094,42.880001068115234,44.25,41.810001373291016,43.130001068115234,16954900
2009-11-03,39.965267181396484,46.18000030517578,46.189998626708984,42.20000076293945,42.400001525878906,22137000
2009-11-04,40.268157958984375,46.529998779296875,47.33000183105469,45.720001220703125,46.63999938964844,21205200
2009-11-05,40.432594299316406,46.720001220703125,47.0,46.040000915527344,46.650001525878906,11448800
2009-11-06,41.21146011352539,47.619998931884766,48.38999938964844,46.7599983215332,47.0,14085700
2009-11-09,42.648067474365234,49.279998779296875,50.20000076293945,49.04999923706055,49.150001525878906,15186300
2009-11-10,42.97693634033203,49.65999984741211,49.90999984741211,48.400001525878906,49.06999969482422,13192100
2009-11-11,43.184635162353516,49.900001525878906,50.88999938964844,49.650001525878906,50.869998931884766,12321100
2009-11-12,41.921119689941406,48.439998626708984,49.900001525878906,48.209999084472656,49.45000076293945,14504200
2009-11-13,43.08078384399414,49.779998779296875,50.029998779296875,48.31999969482422,48.439998626708984,13422500
2009-11-16,44.43084716796875,51.34000015258789,51.88999938964844,50.54999923706055,50.66999816894531,15491700
2009-11-17,44.595272064208984,51.529998779296875,51.59000015258789,50.18000030517578,50.470001220703125,10591000
2009-11-18,44.12794876098633,50.9900016784668,52.43000030517578,50.560001373291016,52.0,11689900
2009-11-19,44.223148345947266,51.099998474121094,51.349998474121094,49.27000045776367,50.290000915527344,12795700
2009-11-20,43.980831146240234,50.81999969482422,50.90999984741211,49.790000915527344,50.27000045776367,12129100
2009-11-23,44.72509002685547,51.68000030517578,53.11000061035156,51.38999938964844,52.34000015258789,13656800
2009-11-24,44.526039123535156,51.45000076293945,51.959999084472656,50.540000915527344,51.880001068115234,14639200
2009-11-25,45.72032928466797,52.83000183105469,52.959999084472656,51.849998474121094,52.16999816894531,10383300
2009-11-27,43.980831146240234,50.81999969482422,51.72999954223633,49.40999984741211,50.290000915527344,10088300
2009-11-30,44.23180389404297,51.11000061035156,51.59000015258789,50.380001068115234,50.63999938964844,14052600
2009-12-01,46.455936431884766,53.68000030517578,54.220001220703125,52.5,52.599998474121094,14080400
2009-12-02,47.40790557861328,54.779998779296875,55.400001525878906,54.209999084472656,54.470001220703125,17780100
2009-12-03,46.32611846923828,53.529998779296875,54.599998474121094,53.06999969482422,54.220001220703125,15821400
2009-12-04,43.86832046508789,50.689998626708984,52.56999969482422,49.47999954223633,52.5,31698100
2009-12-07,43.063472747802734,49.7599983215332,50.75,48.79999923706055,49.38999938964844,21137500
2009-12-08,41.32396697998047,47.75,49.08000183105469,47.41999816894531,49.02000045776367,21027900
2009-12-09,42.22401809692383,48.790000915527344,49.279998779296875,47.630001068115234,48.040000915527344,18644400
2009-12-10,42.18074035644531,48.7400016784668,49.41999816894531,48.279998779296875,49.2599983215332,10748700
2009-12-11,41.384552001953125,47.81999969482422,49.09000015258789,47.5099983215332,48.84000015258789,12582000
2009-12-14,41.94708251953125,48.470001220703125,48.540000915527344,47.560001373291016,48.45000076293945,8234300
2009-12-15,41.09030532836914,47.47999954223633,48.63999938964844,47.33000183105469,48.22999954223633,10858400
2009-12-16,41.722068786621094,48.209999084472656,48.7400016784668,47.720001220703125,48.099998474121094,12141300
2009-12-17,39.11714172363281,45.20000076293945,47.290000915527344,45.16999816894531,47.040000915527344,19775800
2009-12-18,40.06045150756836,46.290000915527344,46.29999923706055,44.97999954223633,45.54999923706055,15884200
2009-12-21,39.29887771606445,45.40999984741211,46.599998474121094,44.79999923706055,46.439998626708984,12100300
2009-12-22,39.38542938232422,45.5099983215332,45.959999084472656,44.79999923706055,45.5,13940400
2009-12-23,40.713626861572266,46.93000030517578,47.380001068115234,45.75,45.79999923706055,12614200
2009-12-24,40.739654541015625,46.959999084472656,47.56999969482422,46.959999084472656,47.54999923706055,4523300
2009-12-28,40.661582946777344,46.869998931884766,47.59000015258789,46.4900016784668,47.400001525878906,7292400
2009-12-29,40.27985382080078,46.43000030517578,47.290000915527344,46.29999923706055,46.93000030517578,7193000
2009-12-30,39.79403305053711,45.869998931884766,46.20000076293945,45.59000015258789,46.0099983215332,6923800
2009-12-31,40.0890007019043,46.209999084472656,46.70000076293945,46.040000915527344,46.459999084472656,7475300
2010-01-04,41.39030456542969,47.709999084472656,48.25,47.560001373291016,47.779998779296875,12508700
2010-01-05,41.78937911987305,48.16999816894531,48.68000030517578,47.439998626708984,47.970001220703125,13787800
2010-01-06,42.804412841796875,49.34000015258789,50.06999969482422,48.709999084472656,48.91999816894531,19322600
2010-01-07,42.596195220947266,49.099998474121094,49.369998931884766,48.54999923706055,49.34000015258789,13312000
2010-01-08,43.238162994384766,49.84000015258789,49.84000015258789,48.630001068115234,49.5099983215332,10719800
2010-01-11,43.52445602416992,50.16999816894531,51.15999984741211,49.90999984741211,51.0,12918100
2010-01-12,41.945526123046875,48.349998474121094,49.869998931884766,47.939998626708984,49.47999954223633,14794800
2010-01-13,42.38798141479492,48.86000061035156,48.959999084472656,47.5,48.599998474121094,9377500
2010-01-14,42.16241455078125,48.599998474121094,48.93000030517578,48.02000045776367,48.779998779296875,8445500
2010-01-15,41.13871765136719,47.41999816894531,48.08000183105469,47.04999923706055,48.02000045776367,14184100
2010-01-19,41.372955322265625,47.689998626708984,47.810001373291016,47.279998779296875,47.34000015258789,8578100
2010-01-20,39.67257308959961,45.72999954223633,46.849998474121094,44.849998474121094,46.65999984741211,21228000
2010-01-21,37.954856872558594,43.75,45.65999984741211,43.720001220703125,45.310001373291016,24757600
2010-01-22,37.98955535888672,43.790000915527344,44.779998779296875,42.95000076293945,43.29999923706055,26244900
2010-01-25,37.469024658203125,43.189998626708984,44.540000915527344,43.130001068115234,44.45000076293945,17791100
2010-01-26,37.416988372802734,43.130001068115234,43.86000061035156,42.29999923706055,42.689998626708984,17133300
2010-01-27,37.104671478271484,42.77000045776367,43.2400016784668,41.81999969482422,42.939998626708984,18111200
2010-01-28,36.58414077758789,42.16999816894531,43.22999954223633,41.15999984741211,43.130001068115234,28262300
2010-01-29,35.326210021972656,40.720001220703125,42.5,40.529998779296875,42.0,22948500
2010-02-01,37.25214767456055,42.939998626708984,42.95000076293945,41.20000076293945,41.25,18770400
2010-02-02,37.30419921875,43.0,43.70000076293945,42.68000030517578,43.52000045776367,19421400
2010-02-03,36.931156158447266,42.56999969482422,43.61000061035156,42.5099983215332,43.02000045776367,13517700
2010-02-04,34.909786224365234,40.2400016784668,41.75,40.04999923706055,41.650001525878906,25283400
2010-02-05,36.7923469543457,42.40999984741211,42.40999984741211,39.47999954223633,40.18000030517578,33034700
2010-02-08,35.378257751464844,40.779998779296875,42.5099983215332,40.77000045776367,42.2599983215332,18173900
2010-02-09,36.931156158447266,42.56999969482422,43.11000061035156,41.59000015258789,41.7599983215332,24227600
2010-02-10,36.74029541015625,42.349998474121094,42.77000045776367,41.40999984741211,42.58000183105469,15919300
2010-02-11,38.16306686401367,43.9900016784668,44.22999954223633,42.31999969482422,42.59000015258789,18114400
2010-02-12,38.119686126708984,43.939998626708984,43.939998626708984,42.650001525878906,43.150001525878906,16589900
2010-02-16,38.96120071411133,44.90999984741211,45.22999954223633,44.56999969482422,45.16999816894531,15964000
2010-02-17,38.787696838378906,44.709999084472656,45.34000015258789,44.33000183105469,44.900001525878906,14755100
2010-02-18,39.091331481933594,45.060001373291016,45.560001373291016,44.61000061035156,44.61000061035156,15184500
2010-02-19,38.66624069213867,44.56999969482422,45.75,44.209999084472656,44.43000030517578,15114000
2010-02-22,38.249813079833984,44.09000015258789,45.0099983215332,43.880001068115234,44.97999954223633,12299900
2010-02-23,36.87043380737305,42.5,44.099998474121094,42.189998626708984,43.93000030517578,15431400
2010-02-24,36.65354537963867,42.25,43.04999923706055,42.029998779296875,42.22999954223633,12516800
2010-02-25,37.69459915161133,43.45000076293945,43.689998626708984,41.349998474121094,41.86000061035156,21464000
2010-02-26,38.076316833496094,43.88999938964844,44.040000915527344,43.09000015258789,43.810001373291016,10706200
2010-03-01,38.72696304321289,44.63999938964844,44.779998779296875,43.4900016784668,44.20000076293945,11664500
2010-03-02,39.481719970703125,45.5099983215332,46.38999938964844,44.959999084472656,45.16999816894531,21127800
2010-03-03,40.21913146972656,46.36000061035156,46.91999816894531,45.959999084472656,46.2599983215332,18235600
2010-03-04,39.542449951171875,45.58000183105469,46.470001220703125,45.2400016784668,46.150001525878906,15228300
2010-03-05,40.27985382080078,46.43000030517578,46.72999954223633,45.939998626708984,45.95000076293945,13823000
2010-03-08,39.86343765258789,45.95000076293945,46.97999954223633,45.810001373291016,46.77000045776367,9919600
2010-03-09,39.542449951171875,45.58000183105469,46.099998474121094,45.25,45.349998474121094,10594100
2010-03-10,39.00457763671875,44.959999084472656,46.13999938964844,44.599998474121094,45.79999923706055,16057900
2010-03-11,39.31689453125,45.31999969482422,45.369998931884766,44.25,44.790000915527344,10309800
2010-03-12,39.03060531616211,44.9900016784668,45.83000183105469,44.75,45.58000183105469,9797100
2010-03-15,38.987220764160156,44.939998626708984,45.20000076293945,44.31999969482422,45.119998931884766,8384600
2010-03-16,40.010921478271484,46.119998931884766,46.27000045776367,45.560001373291016,45.779998779296875,14902600
2010-03-17,40.141048431396484,46.27000045776367,46.77000045776367,46.130001068115234,46.20000076293945,15113900
2010-03-18,39.88079071044922,45.970001220703125,46.84000015258789,45.52000045776367,46.369998931884766,12704600
2010-03-19,39.30821228027344,45.310001373291016,46.08000183105469,44.869998931884766,45.310001373291016,17280500
2010-03-22,39.16073226928711,45.13999938964844,45.290000915527344,44.209999084472656,44.65999984741211,12044100
2010-03-23,39.282188415527344,45.279998779296875,45.72999954223633,44.439998626708984,45.02000045776367,11287100
2010-03-24,37.73796463012695,43.5,44.5,43.369998931884766,44.38999938964844,18192200
2010-03-25,37.22611999511719,42.90999984741211,44.04999923706055,42.720001220703125,43.97999954223633,14569900
2010-03-26,37.92015075683594,43.709999084472656,43.939998626708984,42.75,43.15999984741211,12771600
2010-03-29,38.458030700683594,44.33000183105469,44.4900016784668,43.849998474121094,44.189998626708984,9462600
2010-03-30,38.0502815246582,43.86000061035156,44.52000045776367,43.59000015258789,44.439998626708984,10072700
2010-03-31,38.527427673339844,44.40999984741211,44.70000076293945,44.15999984741211,44.47999954223633,8492500
2010-04-01,40.25382995605469,46.400001525878906,46.439998626708984,45.36000061035156,45.459999084472656,12672400
2010-04-05,40.68760299682617,46.900001525878906,47.209999084472656,46.400001525878906,46.86000061035156,8188700
2010-04-06,40.60952377319336,46.810001373291016,47.290000915527344,46.58000183105469,46.63999938964844,9463300
2010-04-07,41.79804992675781,48.18000030517578,48.5,47.150001525878906,47.31999969482422,14321100
2010-04-08,41.806732177734375,48.189998626708984,48.36000061035156,47.61000061035156,48.0,8628700
2010-04-09,42.23183059692383,48.68000030517578,49.11000061035156,48.209999084472656,48.65999984741211,9311900
2010-04-12,41.76334762573242,48.13999938964844,49.11000061035156,48.0099983215332,48.5,8421500
2010-04-13,41.42500305175781,47.75,48.060001373291016,46.86000061035156,48.02000045776367,10893000
2010-04-14,41.719974517822266,48.09000015258789,48.45000076293945,47.61000061035156,48.22999954223633,7795500
2010-04-15,41.26885223388672,47.56999969482422,48.290000915527344,47.54999923706055,47.959999084472656,5925400
2010-04-16,40.47072219848633,46.650001525878906,47.45000076293945,45.72999954223633,47.02000045776367,20720900
2010-04-19,40.41865921020508,46.59000015258789,46.599998474121094,45.70000076293945,46.119998931884766,10560900
2010-04-20,40.305885314941406,46.459999084472656,47.310001373291016,46.439998626708984,47.0,6337400
2010-04-21,40.75699996948242,46.97999954223633,47.209999084472656,46.36000061035156,46.70000076293945,8103800
2010-04-22,41.086669921875,47.36000061035156,47.36000061035156,46.04999923706055,46.41999816894531,7762600
2010-04-23,41.82408142089844,48.209999084472656,48.29999923706055,46.68000030517578,47.209999084472656,9274400
2010-04-26,41.754676818847656,48.130001068115234,48.560001373291016,47.90999984741211,48.25,5567100
2010-04-27,41.88480758666992,48.279998779296875,48.689998626708984,47.31999969482422,47.689998626708984,17820100
2010-04-28,43.11671447753906,49.70000076293945,50.33000183105469,48.34000015258789,48.470001220703125,17930100
2010-04-29,43.64591598510742,50.310001373291016,50.66999816894531,49.63999938964844,49.81999969482422,9864000
2010-04-30,43.81941604614258,50.5099983215332,51.540000915527344,50.5,50.869998931884766,12778500
2010-05-03,43.27286911010742,49.880001068115234,51.04999923706055,49.369998931884766,50.91999816894531,10052600
2010-05-04,43.08202362060547,49.65999984741211,50.310001373291016,48.459999084472656,50.220001220703125,22279200
2010-05-05,42.7176513671875,49.2400016784668,49.869998931884766,47.88999938964844,48.060001373291016,17606300
2010-05-06,43.32492446899414,49.939998626708984,50.5,48.06999969482422,49.16999816894531,23954100
2010-05-07,42.62221908569336,49.130001068115234,50.45000076293945,48.40999984741211,49.66999816894531,16601100
2010-05-10,43.49842834472656,50.13999938964844,50.34000015258789,49.029998779296875,49.5099983215332,15389200
2010-05-11,46.50011444091797,53.599998474121094,54.20000076293945,51.31999969482422,51.38999938964844,21796600
2010-05-12,46.35263442993164,53.43000030517578,54.630001068115234,53.2599983215332,54.040000915527344,22283300
2010-05-13,45.684627532958984,52.65999984741211,53.869998931884766,52.43000030517578,53.470001220703125,12815800
2010-05-14,46.10972595214844,53.150001525878906,53.709999084472656,51.369998931884766,53.47999954223633,17431200
2010-05-17,44.999267578125,51.869998931884766,53.06999969482422,51.209999084472656,52.970001220703125,14198200
2010-05-18,44.66961669921875,51.4900016784668,52.2599983215332,50.95000076293945,51.27000045776367,14859300
2010-05-19,42.89983367919922,49.45000076293945,50.709999084472656,48.099998474121094,50.5,21950900
2010-05-20,40.81772994995117,47.04999923706055,48.779998779296875,46.7599983215332,48.11000061035156,25901600
2010-05-21,40.956539154052734,47.209999084472656,47.720001220703125,45.880001068115234,46.16999816894531,17751400
2010-05-24,41.32958221435547,47.63999938964844,48.540000915527344,47.5099983215332,48.06999969482422,11161700
2010-05-25,42.45737838745117,48.939998626708984,49.029998779296875,46.88999938964844,47.220001220703125,16751400
2010-05-26,42.50075912475586,48.9900016784668,50.380001068115234,48.84000015258789,50.04999923706055,11067000
2010-05-27,43.53312683105469,50.18000030517578,50.40999984741211,49.31999969482422,49.41999816894531,9490600
2010-05-28,43.255523681640625,49.86000061035156,50.189998626708984,49.29999923706055,49.86000061035156,7536800
2010-06-01,43.21213912963867,49.810001373291016,51.15999984741211,49.720001220703125,50.29999923706055,9029200
2010-06-02,43.95823287963867,50.66999816894531,50.70000076293945,49.5099983215332,49.81999969482422,6356700
2010-06-03,43.229496002197266,49.83000183105469,51.0,49.150001525878906,50.61000061035156,7316500
2010-06-04,42.344608306884766,48.810001373291016,49.900001525878906,48.630001068115234,49.13999938964844,9554600
2010-06-07,43.541805267333984,50.189998626708984,50.79999923706055,48.400001525878906,48.70000076293945,10433700
2010-06-08,44.0015983581543,50.720001220703125,51.630001068115234,50.310001373291016,50.709999084472656,12295100
2010-06-09,43.550479888916016,50.20000076293945,51.040000915527344,49.83000183105469,50.5,7962500
2010-06-10,43.949554443359375,50.65999984741211,50.900001525878906,50.0099983215332,50.119998931884766,6449900
2010-06-11,44.06233215332031,50.790000915527344,50.970001220703125,50.40999984741211,50.790000915527344,4276300
2010-06-14,43.290225982666016,49.900001525878906,51.040000915527344,49.79999923706055,50.93000030517578,6659900
2010-06-15,44.391998291015625,51.16999816894531,51.189998626708984,50.150001525878906,50.16999816894531,6474100
2010-06-16,44.817100524902344,51.65999984741211,51.970001220703125,50.810001373291016,50.97999954223633,7094800
2010-06-17,45.94488525390625,52.959999084472656,53.25,52.47999954223633,52.619998931884766,9942500
2010-06-18,46.89918518066406,54.060001373291016,54.22999954223633,53.56999969482422,53.86000061035156,10202400
2010-06-21,45.56317901611328,52.52000045776367,54.400001525878906,52.16999816894531,54.27000045776367,10914800
2010-06-22,45.23351287841797,52.13999938964844,53.16999816894531,52.130001068115234,52.59000015258789,6096000
2010-06-23,45.50244903564453,52.45000076293945,52.65999984741211,51.41999816894531,51.900001525878906,6464600
2010-06-24,45.268211364746094,52.18000030517578,53.06999969482422,51.939998626708984,52.13999938964844,8071600
2010-06-25,46.74302673339844,53.880001068115234,54.310001373291016,52.79999923706055,53.040000915527344,8479600
2010-06-28,46.32661056518555,53.400001525878906,54.83000183105469,52.970001220703125,53.95000076293945,12312700
2010-06-29,45.094703674316406,51.97999954223633,52.86000061035156,51.650001525878906,52.599998474121094,10291600
2010-06-30,45.077354431152344,51.959999084472656,52.79999923706055,51.709999084472656,51.77000045776367,6028700
2010-07-01,43.04730987548828,49.619998931884766,51.810001373291016,48.790000915527344,51.529998779296875,14999200
2010-07-02,43.01261520385742,49.58000183105469,50.47999954223633,49.27000045776367,50.0,7383000
2010-07-06,42.43135070800781,48.90999984741211,49.970001220703125,48.47999954223633,49.83000183105469,8130900
2010-07-07,43.36830139160156,49.9900016784668,50.11000061035156,48.5,48.900001525878906,7720100
2010-07-08,42.83910369873047,49.380001068115234,50.400001525878906,48.619998931884766,50.22999954223633,7610700
2010-07-09,43.793399810791016,50.47999954223633,51.0,49.91999816894531,49.91999816894531,6954000
2010-07-12,43.50710678100586,50.150001525878906,50.95000076293945,49.83000183105469,50.38999938964844,4625200
2010-07-13,43.71532440185547,50.38999938964844,51.47999954223633,50.25,51.369998931884766,8299600
2010-07-14,43.60253143310547,50.2599983215332,51.040000915527344,49.880001068115234,50.369998931884766,7023800
2010-07-15,43.52445602416992,50.16999816894531,50.72999954223633,49.5099983215332,50.65999984741211,5826200
2010-07-16,42.11037063598633,48.540000915527344,49.290000915527344,48.41999816894531,49.25,9591800
2010-07-19,41.23414993286133,47.529998779296875,48.20000076293945,46.9900016784668,48.11000061035156,8842000
2010-07-20,42.119041442871094,48.54999923706055,48.65999984741211,47.22999954223633,47.380001068115234,6985900
2010-07-21,41.79804992675781,48.18000030517578,49.15999984741211,47.88999938964844,49.0099983215332,6896800
2010-07-22,42.64824676513672,49.15999984741211,49.59000015258789,48.52000045776367,48.56999969482422,7207800
2010-07-23,42.69161605834961,49.209999084472656,49.63999938964844,48.869998931884766,49.36000061035156,8233600
2010-07-26,42.41400146484375,48.88999938964844,49.560001373291016,48.599998474121094,49.5,7215800
2010-07-27,40.85243606567383,47.09000015258789,48.540000915527344,46.81999969482422,48.5,17306800
2010-07-28,41.11269760131836,47.38999938964844,47.59000015258789,46.79999923706055,46.90999984741211,8290600
2010-07-29,41.36428451538086,47.68000030517578,48.029998779296875,47.119998931884766,47.7400016784668,7329300
2010-07-30,41.83275604248047,48.220001220703125,48.43000030517578,47.45000076293945,47.58000183105469,9818200
2010-08-02,41.685272216796875,48.04999923706055,49.04999923706055,47.68000030517578,48.93000030517578,6512800
2010-08-03,41.91950988769531,48.31999969482422,48.79999923706055,48.130001068115234,48.279998779296875,6389400
2010-08-04,43.04730987548828,49.619998931884766,49.7599983215332,49.11000061035156,49.31999969482422,11804700
2010-08-05,43.108036041259766,49.689998626708984,49.70000076293945,49.16999816894531,49.599998474121094,4171500
2010-08-06,43.52445602416992,50.16999816894531,50.70000076293945,49.95000076293945,50.119998931884766,6680500
2010-08-09,43.541805267333984,50.189998626708984,50.220001220703125,49.47999954223633,50.16999816894531,5638600
2010-08-10,43.697967529296875,50.369998931884766,50.4900016784668,49.13999938964844,49.459999084472656,8309300
2010-08-11,42.57884216308594,49.08000183105469,50.33000183105469,48.9900016784668,50.15999984741211,8253200
2010-08-12,43.64591598510742,50.310001373291016,50.36000061035156,49.70000076293945,49.7599983215332,7018800
2010-08-13,43.15142059326172,49.7400016784668,50.380001068115234,49.650001525878906,50.27000045776367,3979300
2010-08-16,43.99292755126953,50.709999084472656,50.790000915527344,50.16999816894531,50.36000061035156,5563700
2010-08-17,44.4961051940918,51.290000915527344,51.369998931884766,50.529998779296875,50.939998626708984,5996700
2010-08-18,45.22483825683594,52.130001068115234,52.220001220703125,50.5,50.84000015258789,8128500
2010-08-19,44.87781524658203,51.72999954223633,52.54999923706055,51.209999084472656,52.220001220703125,6209300
2010-08-20,44.487430572509766,51.279998779296875,51.459999084472656,50.5099983215332,51.189998626708984,6285900
2010-08-23,44.157772064208984,50.900001525878906,51.47999954223633,50.65999984741211,51.369998931884766,4604000
2010-08-24,43.637237548828125,50.29999923706055,51.150001525878906,49.56999969482422,49.790000915527344,7947800
2010-08-25,45.112060546875,52.0,52.0,50.40999984741211,50.75,9649600
2010-08-26,45.745357513427734,52.72999954223633,52.83000183105469,51.97999954223633,51.9900016784668,8288000
2010-08-27,46.27455520629883,53.34000015258789,53.459999084472656,51.97999954223633,52.810001373291016,9827100
2010-08-30,46.08369445800781,53.119998931884766,53.689998626708984,52.939998626708984,53.20000076293945,5655100
2010-08-31,46.50879669189453,53.61000061035156,54.4900016784668,53.310001373291016,53.41999816894531,12207400
2010-09-01,45.84946060180664,52.849998474121094,54.33000183105469,52.7599983215332,54.150001525878906,7926200
2010-09-02,46.47408676147461,53.56999969482422,53.779998779296875,52.810001373291016,53.459999084472656,6963000
2010-09-03,46.57820129394531,53.689998626708984,53.70000076293945,52.7599983215332,53.11000061035156,6072000
2010-09-07,46.80376052856445,53.95000076293945,54.529998779296875,53.91999816894531,54.2599983215332,7737500
2010-09-08,46.56084442138672,53.66999816894531,54.689998626708984,53.65999984741211,54.290000915527344,6306500
2010-09-09,45.67595291137695,52.650001525878906,54.0,52.5,53.939998626708984,7008500
2010-09-10,46.0142936706543,53.040000915527344,53.47999954223633,52.43000030517578,52.470001220703125,5493200
2010-09-13,45.97959518432617,53.0,53.439998626708984,52.720001220703125,53.20000076293945,5218600
2010-09-14,47.61056900024414,54.880001068115234,55.59000015258789,53.91999816894531,53.970001220703125,14873400
2010-09-15,47.36765670776367,54.599998474121094,55.119998931884766,54.2599983215332,54.72999954223633,8739800
2010-09-16,48.0269889831543,55.36000061035156,55.66999816894531,54.86000061035156,55.16999816894531,9409700
2010-09-17,47.523807525634766,54.779998779296875,55.77000045776367,54.68000030517578,55.72999954223633,8981800
2010-09-20,48.0096435546875,55.34000015258789,55.900001525878906,54.959999084472656,55.18000030517578,9126700
2010-09-21,48.295928955078125,55.66999816894531,55.77000045776367,53.849998474121094,55.09000015258789,16432400
2010-09-22,48.90319061279297,56.369998931884766,56.66999816894531,55.810001373291016,56.290000915527344,10975400
2010-09-23,48.3740119934082,55.7599983215332,56.5,55.47999954223633,56.09000015258789,8142200
2010-09-24,48.295928955078125,55.66999816894531,56.619998931884766,55.4900016784668,56.619998931884766,9569200
2010-09-27,48.0096435546875,55.34000015258789,55.97999954223633,55.150001525878906,55.849998474121094,5841700
2010-09-28,49.15480041503906,56.65999984741211,56.75,54.279998779296875,55.0,15152200
2010-09-29,49.024654388427734,56.5099983215332,56.86000061035156,56.099998474121094,56.779998779296875,10175400
2010-09-30,48.521484375,55.93000030517578,56.810001373291016,54.9900016784668,56.7599983215332,12778900
2010-10-01,49.10273361206055,56.599998474121094,57.25,55.93000030517578,55.93000030517578,9595500
2010-10-04,48.19181442260742,55.54999923706055,56.369998931884766,55.20000076293945,56.369998931884766,7089800
2010-10-05,49.675315856933594,57.2599983215332,57.83000183105469,56.720001220703125,56.810001373291016,12005700
2010-10-06,50.421390533447266,58.119998931884766,58.40999984741211,57.209999084472656,57.4900016784668,11074600
2010-10-07,49.08538818359375,56.58000183105469,58.58000183105469,55.970001220703125,58.58000183105469,18951100
2010-10-08,49.71001052856445,57.29999923706055,57.459999084472656,56.61000061035156,56.63999938964844,8792800
2010-10-11,49.805442810058594,57.40999984741211,57.72999954223633,56.599998474121094,57.029998779296875,7204500
2010-10-12,49.597232818603516,57.16999816894531,57.279998779296875,56.11000061035156,56.959999084472656,9428600
2010-10-13,50.829139709472656,58.59000015258789,58.81999969482422,57.75,57.79999923706055,10926900
2010-10-14,50.48213195800781,58.189998626708984,58.880001068115234,57.88999938964844,58.43000030517578,8451000
2010-10-15,49.805442810058594,57.40999984741211,58.08000183105469,56.91999816894531,57.869998931884766,11031300
2010-10-18,49.571197509765625,57.13999938964844,57.5099983215332,56.5099983215332,57.0,7251600
2010-10-19,47.30693054199219,54.529998779296875,55.400001525878906,54.0099983215332,55.36000061035156,16650900
2010-10-20,48.113739013671875,55.459999084472656,55.900001525878906,54.61000061035156,54.63999938964844,11603300
2010-10-21,47.09004211425781,54.279998779296875,55.900001525878906,53.779998779296875,55.5,13814000
2010-10-22,47.619239807128906,54.88999938964844,54.88999938964844,53.84000015258789,54.349998474121094,7658800
2010-10-25,48.35665512084961,55.7400016784668,56.189998626708984,55.400001525878906,55.97999954223633,9001000
2010-10-26,48.4000244140625,55.790000915527344,56.06999969482422,54.880001068115234,55.0099983215332,6279700
2010-10-27,47.43705749511719,54.68000030517578,55.09000015258789,53.66999816894531,55.0099983215332,8954800
2010-10-28,48.894527435302734,56.36000061035156,56.5,55.0099983215332,55.4900016784668,8830400
2010-10-29,49.71001052856445,57.29999923706055,57.4900016784668,56.52000045776367,56.720001220703125,8511700
2010-11-01,49.64928436279297,57.22999954223633,57.869998931884766,56.72999954223633,57.58000183105469,6735500
2010-11-02,50.031002044677734,57.66999816894531,57.88999938964844,57.150001525878906,57.7599983215332,7036500
2010-11-03,49.64928436279297,57.22999954223633,57.84000015258789,56.16999816894531,57.59000015258789,15068800
2010-11-04,52.043697357177734,59.9900016784668,60.029998779296875,59.08000183105469,59.34000015258789,13991400
2010-11-05,52.13045883178711,60.09000015258789,60.849998474121094,59.560001373291016,59.66999816894531,10177600
2010-11-08,53.58791732788086,61.77000045776367,61.849998474121094,59.88999938964844,59.970001220703125,10841100
2010-11-09,51.76607894897461,59.66999816894531,63.7599983215332,59.189998626708984,62.83000183105469,25300200
2010-11-10,53.20619583129883,61.33000183105469,61.41999816894531,59.29999923706055,60.5,17318500
2010-11-11,53.59659194946289,61.779998779296875,61.90999984741211,60.47999954223633,61.59000015258789,10126300
2010-11-12,52.113094329833984,60.06999969482422,61.41999816894531,59.36000061035156,60.5099983215332,13211000
2010-11-15,51.59257125854492,59.470001220703125,60.38999938964844,59.20000076293945,60.22999954223633,7805600
2010-11-16,50.02232360839844,57.65999984741211,58.72999954223633,57.04999923706055,58.5099983215332,16198800
2010-11-17,50.35198974609375,58.040000915527344,58.86000061035156,57.52000045776367,57.54999923706055,9264000
2010-11-18,51.21084976196289,59.029998779296875,59.59000015258789,58.810001373291016,59.27000045776367,10379900
2010-11-19,51.4277458190918,59.279998779296875,59.40999984741211,58.349998474121094,58.68000030517578,7655600
2010-11-22,52.078392028808594,60.029998779296875,60.22999954223633,58.72999954223633,59.130001068115234,8650100
2010-11-23,51.72270202636719,59.619998931884766,60.189998626708984,59.18000030517578,59.90999984741211,10627800
2010-11-24,51.76607894897461,59.66999816894531,60.13999938964844,59.2599983215332,59.84000015258789,4914000
2010-11-26,50.84648895263672,58.61000061035156,58.849998474121094,58.2599983215332,58.36000061035156,3884200
2010-11-29,51.072044372558594,58.869998931884766,58.959999084472656,57.61000061035156,58.41999816894531,6868000
2010-11-30,51.61860275268555,59.5,60.119998931884766,58.790000915527344,58.900001525878906,10819500
2010-12-01,52.2952766418457,60.279998779296875,60.400001525878906,59.43000030517578,60.02000045776367,8486500
2010-12-02,53.07605743408203,61.18000030517578,61.720001220703125,60.70000076293945,60.70000076293945,9973000
2010-12-03,54.40340042114258,62.709999084472656,63.13999938964844,61.7400016784668,61.79999923706055,10234800
2010-12-06,55.34901428222656,63.79999923706055,63.880001068115234,62.88999938964844,63.06999969482422,8212400
2010-12-07,54.11711502075195,62.380001068115234,64.62000274658203,62.279998779296875,64.58000183105469,14763900
2010-12-08,53.093414306640625,61.20000076293945,62.29999923706055,60.77000045776367,61.849998474121094,11456300
2010-12-09,53.29295349121094,61.43000030517578,61.849998474121094,61.029998779296875,61.79999923706055,9156700
2010-12-10,53.49248504638672,61.65999984741211,61.83000183105469,60.599998474121094,61.099998474121094,7446700
2010-12-13,53.978309631347656,62.220001220703125,62.9900016784668,62.02000045776367,62.58000183105469,7754800
2010-12-14,53.90022659301758,62.130001068115234,62.81999969482422,61.869998931884766,62.33000183105469,6844900
2010-12-15,52.9112434387207,60.9900016784668,62.150001525878906,60.84000015258789,61.59000015258789,9763900
2010-12-16,52.199851989746094,60.16999816894531,60.869998931884766,59.5,60.849998474121094,10748800
2010-12-17,52.434078216552734,60.439998626708984,60.459999084472656,59.400001525878906,60.310001373291016,11315700
2010-12-20,52.5468635559082,60.56999969482422,60.869998931884766,59.83000183105469,60.630001068115234,5934300
2010-12-21,52.529518127441406,60.54999923706055,60.81999969482422,60.06999969482422,60.650001525878906,5673800
2010-12-22,51.9135627746582,59.84000015258789,60.59000015258789,59.810001373291016,60.540000915527344,4418900
2010-12-23,52.307464599609375,59.88999938964844,60.38999938964844,59.0,59.369998931884766,7247400
2010-12-27,52.00177001953125,59.540000915527344,59.93000030517578,58.93000030517578,59.93000030517578,3479200
2010-12-28,53.35553741455078,61.09000015258789,61.22999954223633,60.130001068115234,60.619998931884766,5314000
2010-12-29,53.547691345214844,61.310001373291016,61.599998474121094,60.95000076293945,61.380001068115234,4002400
2010-12-30,53.17212677001953,60.880001068115234,61.560001373291016,60.61000061035156,61.27000045776367,3477600
2010-12-31,53.68741989135742,61.470001220703125,61.7400016784668,60.959999084472656,61.119998931884766,4461500
2011-01-03,53.0760498046875,60.77000045776367,62.02000045776367,60.400001525878906,61.810001373291016,9097700
2011-01-04,51.547611236572266,59.02000045776367,60.209999084472656,58.0,60.040000915527344,13872000
2011-01-05,50.84890365600586,58.220001220703125,58.619998931884766,57.4900016784668,58.34000015258789,11490900
2011-01-06,49.55628204345703,56.7400016784668,58.36000061035156,56.560001373291016,58.279998779296875,13883700
2011-01-07,49.55628204345703,56.7400016784668,57.709999084472656,56.400001525878906,56.470001220703125,11027600
2011-01-10,49.687286376953125,56.88999938964844,57.060001373291016,56.279998779296875,56.880001068115234,7591100
2011-01-11,50.691688537597656,58.040000915527344,58.099998474121094,57.29999923706055,57.70000076293945,8288600
2011-01-12,50.56941604614258,57.900001525878906,58.2400016784668,57.310001373291016,58.22999954223633,7430200
2011-01-13,48.95363235473633,56.04999923706055,58.150001525878906,55.689998626708984,58.150001525878906,12741600
2011-01-14,47.9317741394043,54.880001068115234,56.04999923706055,54.61000061035156,55.54999923706055,17677900
2011-01-18,48.74402618408203,55.810001373291016,56.08000183105469,55.439998626708984,55.650001525878906,6702300
2011-01-19,48.44707107543945,55.470001220703125,56.40999984741211,54.939998626708984,56.349998474121094,8648800
2011-01-20,47.72215270996094,54.63999938964844,54.68000030517578,53.380001068115234,54.189998626708984,17410200
2011-01-21,47.110782623291016,53.939998626708984,54.959999084472656,53.900001525878906,54.40999984741211,16704300
2011-01-24,46.665348052978516,53.43000030517578,54.5,53.119998931884766,53.88999938964844,11997200
2011-01-25,46.39460372924805,53.119998931884766,53.31999969482422,52.459999084472656,52.77000045776367,17835300
2011-01-26,48.12391662597656,55.099998474121094,55.20000076293945,52.95000076293945,53.02000045776367,16728600
2011-01-27,46.9273681640625,53.72999954223633,55.040000915527344,53.33000183105469,55.040000915527344,14558900
2011-01-28,47.33786392211914,54.20000076293945,55.310001373291016,53.27000045776367,53.470001220703125,13555700
2011-01-31,47.09330749511719,53.91999816894531,54.52000045776367,53.439998626708984,54.13999938964844,8539200
2011-02-01,48.420867919921875,55.439998626708984,55.52000045776367,54.0099983215332,54.56999969482422,11419600
2011-02-02,48.06277847290039,55.029998779296875,55.63999938964844,54.560001373291016,55.56999969482422,6583300
2011-02-03,49.364131927490234,56.52000045776367,56.70000076293945,54.540000915527344,55.27000045776367,11667100
2011-02-04,49.006038665771484,56.11000061035156,57.029998779296875,55.970001220703125,56.93000030517578,8586900
2011-02-07,49.014774322509766,56.119998931884766,56.81999969482422,55.93000030517578,56.65999984741211,6296600
2011-02-08,50.08905029296875,57.349998474121094,57.459999084472656,56.7599983215332,56.9900016784668,8316700
2011-02-09,49.311729431152344,56.459999084472656,57.66999816894531,56.099998474121094,57.369998931884766,7190000
2011-02-10,48.84883117675781,55.93000030517578,56.2599983215332,55.220001220703125,55.849998474121094,7487800
2011-02-11,48.674156188964844,55.72999954223633,56.70000076293945,55.5099983215332,56.02000045776367,8777200
2011-02-14,49.311729431152344,56.459999084472656,56.650001525878906,55.95000076293945,55.9900016784668,4779600
2011-02-15,50.22878646850586,57.5099983215332,57.720001220703125,57.02000045776367,57.099998474121094,8398600
2011-02-16,50.4296760559082,57.7400016784668,57.939998626708984,56.959999084472656,57.70000076293945,6611200
2011-02-17,51.049774169921875,58.45000076293945,58.45000076293945,57.779998779296875,58.130001068115234,6277500
2011-02-18,51.5126838684082,58.97999954223633,59.65999984741211,58.65999984741211,58.7400016784668,7849900
2011-02-22,51.03231430053711,58.43000030517578,60.33000183105469,58.43000030517578,60.20000076293945,10995900
2011-02-23,52.06290817260742,59.61000061035156,60.060001373291016,58.689998626708984,58.90999984741211,9591100
2011-02-24,50.4296760559082,57.7400016784668,60.0,57.630001068115234,59.95000076293945,10741600
2011-02-25,51.48646926879883,58.95000076293945,58.95000076293945,58.18000030517578,58.25,6030200
2011-02-28,52.25506591796875,59.83000183105469,59.900001525878906,58.91999816894531,59.2400016784668,5107500
2011-03-01,53.10224914550781,60.79999923706055,61.150001525878906,60.25,60.380001068115234,10062600
2011-03-02,53.09352111816406,60.790000915527344,61.25,60.36000061035156,61.099998474121094,7046500
2011-03-03,52.290000915527344,59.869998931884766,60.20000076293945,59.189998626708984,60.11000061035156,8688500
2011-03-04,52.752899169921875,60.400001525878906,60.84000015258789,60.060001373291016,60.08000183105469,5798800
2011-03-07,52.35987091064453,59.95000076293945,61.29999923706055,59.790000915527344,61.2400016784668,8315100
2011-03-08,51.88824462890625,59.40999984741211,59.83000183105469,58.599998474121094,59.7599983215332,6310700
2011-03-09,51.47773742675781,58.939998626708984,59.880001068115234,58.540000915527344,59.689998626708984,5931000
2011-03-10,49.63488006591797,56.83000183105469,57.83000183105469,56.54999923706055,57.599998474121094,13804700
2011-03-11,50.499542236328125,57.81999969482422,58.2400016784668,56.119998931884766,56.349998474121094,8314400
2011-03-14,50.490814208984375,57.810001373291016,58.08000183105469,57.04999923706055,57.810001373291016,6208700
2011-03-15,49.329193115234375,56.47999954223633,56.650001525878906,54.75,55.04999923706055,13460200
2011-03-16,48.246192932128906,55.2400016784668,56.95000076293945,54.68000030517578,56.529998779296875,12467700
2011-03-17,48.66542053222656,55.720001220703125,55.970001220703125,55.060001373291016,55.68000030517578,7536000
2011-03-18,49.486412048339844,56.65999984741211,57.06999969482422,56.08000183105469,56.4900016784668,10996300
2011-03-21,50.67422103881836,58.02000045776367,58.04999923706055,57.209999084472656,57.720001220703125,6313200
2011-03-22,50.80522918701172,58.16999816894531,58.56999969482422,57.439998626708984,57.720001220703125,5635400
2011-03-23,52.64808654785156,60.279998779296875,60.43000030517578,58.31999969482422,58.400001525878906,8172200
2011-03-24,52.39480209350586,59.9900016784668,61.369998931884766,59.79999923706055,60.689998626708984,12404200
2011-03-25,51.984317779541016,59.52000045776367,60.61000061035156,59.220001220703125,60.099998474121094,7526500
2011-03-28,51.07597732543945,58.47999954223633,59.5,58.439998626708984,58.88999938964844,6115400
2011-03-29,51.128387451171875,58.540000915527344,59.380001068115234,58.040000915527344,58.41999816894531,7364500
2011-03-30,52.089115142822266,59.63999938964844,59.75,58.650001525878906,59.27000045776367,8175500
2011-03-31,52.490875244140625,60.099998474121094,60.59000015258789,59.86000061035156,60.25,6820900
2011-04-01,52.20265579223633,59.77000045776367,60.2400016784668,59.43000030517578,59.880001068115234,6738400
2011-04-04,52.18518829345703,59.75,60.689998626708984,59.72999954223633,60.06999969482422,4070600
2011-04-05,54.77043151855469,62.709999084472656,62.7400016784668,59.68000030517578,59.83000183105469,11402200
2011-04-06,54.822837829589844,62.77000045776367,63.68000030517578,62.36000061035156,63.22999954223633,9953500
2011-04-07,54.59574508666992,62.5099983215332,63.459999084472656,62.279998779296875,62.65999984741211,7358200
2011-04-08,55.85344314575195,63.95000076293945,64.13999938964844,63.34000015258789,63.58000183105469,7970000
2011-04-11,54.237667083740234,62.099998474121094,63.849998474121094,61.540000915527344,63.84000015258789,10108200
2011-04-12,53.373008728027344,61.11000061035156,62.189998626708984,60.529998779296875,61.720001220703125,10917800
2011-04-13,53.154666900634766,60.86000061035156,61.81999969482422,60.5099983215332,61.68000030517578,7912400
2011-04-14,53.835906982421875,61.63999938964844,62.0,60.79999923706055,60.970001220703125,10613900
2011-04-15,53.661224365234375,61.439998626708984,61.900001525878906,61.040000915527344,61.68000030517578,9797800
2011-04-18,53.128456115722656,60.83000183105469,61.45000076293945,59.529998779296875,61.349998474121094,13988800
2011-04-19,53.835906982421875,61.63999938964844,61.709999084472656,60.560001373291016,60.849998474121094,7253700
2011-04-20,54.237667083740234,62.099998474121094,63.11000061035156,62.06999969482422,62.369998931884766,10690700
2011-04-21,54.7005615234375,62.630001068115234,62.970001220703125,62.15999984741211,62.650001525878906,7236100
2011-04-25,53.48654556274414,61.2400016784668,62.900001525878906,60.900001525878906,62.869998931884766,9336200
2011-04-26,52.59568786621094,60.220001220703125,60.869998931884766,59.79999923706055,60.79999923706055,8200000
2011-04-27,53.809696197509766,61.61000061035156,61.779998779296875,59.5099983215332,60.619998931884766,12458900
2011-04-28,53.521488189697266,61.279998779296875,62.59000015258789,61.11000061035156,61.779998779296875,9883500
2011-04-29,54.32500076293945,62.20000076293945,62.5,61.16999816894531,61.59000015258789,10129400
2011-05-02,52.50834274291992,60.119998931884766,62.15999984741211,59.59000015258789,61.45000076293945,12053300
2011-05-03,50.84890365600586,58.220001220703125,60.04999923706055,57.56999969482422,59.83000183105469,19236200
2011-05-04,50.95370101928711,58.34000015258789,58.880001068115234,57.029998779296875,58.33000183105469,15991400
2011-05-05,49.006038665771484,56.11000061035156,58.04999923706055,55.2400016784668,57.349998474121094,23610000
2011-05-06,48.98857498168945,56.09000015258789,57.66999816894531,55.95000076293945,56.86000061035156,12707600
2011-05-09,49.966773986816406,57.209999084472656,57.310001373291016,56.290000915527344,56.81999969482422,8612300
2011-05-10,49.57374572753906,56.7599983215332,57.470001220703125,56.72999954223633,57.36000061035156,10316100
2011-05-11,47.95797348022461,54.90999984741211,56.939998626708984,54.4900016784668,56.650001525878906,15720200
2011-05-12,47.730892181396484,54.650001525878906,55.40999984741211,53.61000061035156,54.310001373291016,14713600
2011-05-13,47.346595764160156,54.209999084472656,55.33000183105469,53.369998931884766,54.68000030517578,13901400
2011-05-16,47.57368087768555,54.470001220703125,55.459999084472656,53.83000183105469,54.150001525878906,14157200
2011-05-17,48.045310974121094,55.0099983215332,55.13999938964844,53.61000061035156,54.209999084472656,14210100
2011-05-18,48.377201080322266,55.38999938964844,55.93000030517578,55.029998779296875,55.34000015258789,11678200
2011-05-19,48.56060791015625,55.599998474121094,55.849998474121094,55.0,55.33000183105469,7864500
2011-05-20,48.70036315917969,55.7599983215332,56.5099983215332,54.540000915527344,55.599998474121094,19310600
2011-05-23,48.33353805541992,55.34000015258789,56.290000915527344,54.91999816894531,55.369998931884766,11369900
2011-05-24,49.44274139404297,56.61000061035156,56.88999938964844,55.83000183105469,55.869998931884766,11177000
2011-05-25,49.853233337402344,57.08000183105469,57.5,56.369998931884766,56.70000076293945,8180600
2011-05-26,49.87070083618164,57.099998474121094,57.22999954223633,56.310001373291016,57.04999923706055,7962300
2011-05-27,50.58687973022461,57.91999816894531,58.09000015258789,57.45000076293945,57.4900016784668,7031300
2011-05-31,50.78777313232422,58.150001525878906,58.5,57.41999816894531,58.459999084472656,8879000
2011-06-01,49.84450149536133,57.06999969482422,58.400001525878906,57.0,58.0099983215332,9626300
2011-06-02,49.44274139404297,56.61000061035156,57.68000030517578,55.81999969482422,57.150001525878906,9937100
2011-06-03,49.337928771972656,56.4900016784668,56.959999084472656,56.0,56.310001373291016,9447200
2011-06-06,47.879364013671875,54.81999969482422,56.79999923706055,54.619998931884766,56.2599983215332,10447800
2011-06-07,47.74834442138672,54.66999816894531,55.5,54.41999816894531,55.279998779296875,9865400
2011-06-08,46.665348052978516,53.43000030517578,54.400001525878906,52.79999923706055,54.08000183105469,13321700
2011-06-09,47.4863395690918,54.369998931884766,54.7599983215332,53.25,53.599998474121094,9639300
2011-06-10,46.63915252685547,53.400001525878906,53.91999816894531,52.900001525878906,53.75,10939500
2011-06-13,45.870567321777344,52.52000045776367,53.65999984741211,52.15999984741211,53.150001525878906,9552300
2011-06-14,46.63041305541992,53.38999938964844,53.7400016784668,52.720001220703125,52.720001220703125,7111100
2011-06-15,46.34219741821289,53.060001373291016,54.04999923706055,52.52000045776367,53.0099983215332,11589200
2011-06-16,45.224246978759766,51.779998779296875,53.04999923706055,51.099998474121094,52.900001525878906,14785800
2011-06-17,45.39020538330078,51.970001220703125,52.70000076293945,51.58000183105469,51.79999923706055,12022000
2011-06-20,45.63474655151367,52.25,52.689998626708984,51.95000076293945,51.959999084472656,8240800
2011-06-21,47.171913146972656,54.0099983215332,54.13999938964844,52.560001373291016,52.630001068115234,11127400
2011-06-22,47.7396240234375,54.65999984741211,55.400001525878906,54.029998779296875,54.08000183105469,13614500
2011-06-23,47.171913146972656,54.0099983215332,54.0099983215332,52.529998779296875,53.2599983215332,17473700
2011-06-24,45.922969818115234,52.58000183105469,53.900001525878906,52.43000030517578,53.900001525878906,9523200
2011-06-27,45.870567321777344,52.52000045776367,52.86000061035156,51.79999923706055,52.22999954223633,8743900
2011-06-28,46.429527282714844,53.15999984741211,53.45000076293945,52.310001373291016,52.83000183105469,8985900
2011-06-29,47.4863395690918,54.369998931884766,55.0,53.4900016784668,53.81999969482422,11305800
2011-06-30,47.67848205566406,54.59000015258789,54.84000015258789,54.04999923706055,54.65999984741211,9545400
2011-07-01,46.93610763549805,53.7400016784668,54.2400016784668,53.02000045776367,54.209999084472656,10228300
2011-07-05,48.40340042114258,55.41999816894531,55.7400016784668,54.54999923706055,54.93000030517578,11813200
2011-07-06,49.02351379394531,56.130001068115234,56.470001220703125,55.65999984741211,55.84000015258789,9346200
2011-07-07,49.12832260131836,56.25,56.95000076293945,56.25,56.54999923706055,10928500
2011-07-08,49.16324996948242,56.290000915527344,56.97999954223633,55.97999954223633,56.63999938964844,8155800
2011-07-11,48.57808303833008,55.619998931884766,56.810001373291016,55.310001373291016,56.470001220703125,13055100
2011-07-12,50.10652160644531,57.369998931884766,57.75,55.52000045776367,55.58000183105469,16395200
2011-07-13,51.76595687866211,59.27000045776367,59.970001220703125,58.15999984741211,58.290000915527344,20717500
2011-07-14,51.33799362182617,58.779998779296875,60.119998931884766,58.720001220703125,60.0,16631100
2011-07-15,52.15898895263672,59.720001220703125,59.72999954223633,58.93000030517578,59.099998474121094,8716600
2011-07-18,52.91010284423828,60.58000183105469,60.9900016784668,60.2400016784668,60.38999938964844,13536900
2011-07-19,52.12405014038086,59.68000030517578,60.939998626708984,59.34000015258789,60.869998931884766,12716600
2011-07-20,52.709224700927734,60.349998474121094,60.540000915527344,59.040000915527344,59.310001373291016,8719100
2011-07-21,52.447208404541016,60.04999923706055,60.779998779296875,59.7400016784668,60.59000015258789,10937800
2011-07-22,53.06731414794922,60.7599983215332,61.0,60.150001525878906,60.45000076293945,6874300
2011-07-25,52.64808654785156,60.279998779296875,61.709999084472656,60.130001068115234,61.43000030517578,9478200
2011-07-26,52.65681838989258,60.290000915527344,60.56999969482422,59.84000015258789,60.2400016784668,6589300
2011-07-27,51.07597732543945,58.47999954223633,60.939998626708984,58.349998474121094,60.599998474121094,14018900
2011-07-28,50.77029037475586,58.130001068115234,58.29999923706055,57.150001525878906,58.130001068115234,12542600
2011-07-29,49.687286376953125,56.88999938964844,57.93000030517578,56.7599983215332,57.93000030517578,13971800
2011-08-01,50.09778594970703,57.36000061035156,58.22999954223633,56.75,56.9900016784668,10818000
2011-08-02,51.049774169921875,58.45000076293945,59.029998779296875,57.630001068115234,58.08000183105469,13021100
2011-08-03,51.7048225402832,59.20000076293945,59.77000045776367,58.90999984741211,59.150001525878906,12672400
2011-08-04,48.822628021240234,55.900001525878906,59.72999954223633,54.91999816894531,59.709999084472656,24418000
2011-08-05,48.40340042114258,55.41999816894531,57.15999984741211,53.779998779296875,56.20000076293945,17767700
2011-08-08,48.420867919921875,55.439998626708984,57.97999954223633,55.27000045776367,56.189998626708984,26913200
2011-08-09,50.394737243652344,57.70000076293945,57.720001220703125,54.900001525878906,56.380001068115234,23868200
2011-08-10,51.79216766357422,59.29999923706055,60.529998779296875,56.720001220703125,57.72999954223633,23957300
2011-08-11,52.272525787353516,59.849998474121094,60.34000015258789,57.790000915527344,58.959999084472656,20157100
2011-08-12,51.722293853759766,59.220001220703125,59.4900016784668,58.22999954223633,59.209999084472656,13455500
2011-08-15,53.18959426879883,60.900001525878906,61.0,58.599998474121094,59.06999969482422,11934000
2011-08-16,52.64808654785156,60.279998779296875,61.220001220703125,60.0,60.869998931884766,11112800
2011-08-17,53.04984664916992,60.7400016784668,61.560001373291016,60.279998779296875,60.34000015258789,8825900
2011-08-18,52.19392013549805,59.7599983215332,61.130001068115234,59.290000915527344,61.040000915527344,11366200
2011-08-19,53.50400924682617,61.2599983215332,61.7599983215332,60.459999084472656,60.63999938964844,15347500
2011-08-22,55.63508987426758,63.70000076293945,64.05000305175781,61.849998474121094,62.130001068115234,21888700
2011-08-23,53.704891204833984,61.4900016784668,63.060001373291016,60.63999938964844,62.529998779296875,22696900
2011-08-24,52.368595123291016,59.959999084472656,61.220001220703125,58.790000915527344,60.93000030517578,18463200
2011-08-25,53.33806610107422,61.06999969482422,61.45000076293945,58.56999969482422,59.02000045776367,15036200
2011-08-26,54.569549560546875,62.47999954223633,62.56999969482422,59.58000183105469,61.16999816894531,12205600
2011-08-29,54.106658935546875,61.95000076293945,62.84000015258789,61.13999938964844,62.72999954223633,12107900
2011-08-30,55.023712158203125,63.0,63.290000915527344,62.08000183105469,62.70000076293945,11241500
2011-08-31,54.84903335571289,62.79999923706055,63.45000076293945,61.90999984741211,63.02000045776367,11582100
2011-09-01,55.3556022644043,63.380001068115234,63.900001525878906,62.31999969482422,62.88999938964844,12892500
2011-09-02,56.69189453125,64.91000366210938,65.33999633789062,64.23999786376953,64.33000183105469,18725800
2011-09-06,57.06745147705078,65.33999633789062,66.68000030517578,64.37999725341797,65.2699966430664,23412000
2011-09-07,57.14605712890625,65.43000030517578,65.45999908447266,63.099998474121094,63.75,15155100
2011-09-08,58.194122314453125,66.62999725341797,66.94000244140625,66.0,66.63999938964844,16666600
2011-09-09,57.46921920776367,65.80000305175781,66.9800033569336,65.30999755859375,65.98999786376953,14665800
2011-09-12,55.80976867675781,63.900001525878906,65.5999984741211,62.34000015258789,64.75,18843400
2011-09-13,56.23773193359375,64.38999938964844,64.75,62.880001068115234,63.9900016784668,10438400
2011-09-14,55.17219543457031,63.16999816894531,64.30999755859375,63.0,64.2699966430664,11954300
2011-09-15,54.84903335571289,62.79999923706055,62.900001525878906,61.349998474121094,62.650001525878906,14250700
2011-09-16,55.99318313598633,64.11000061035156,64.20999908447266,62.86000061035156,63.0099983215332,12489200
2011-09-19,55.44293975830078,63.47999954223633,64.76000213623047,63.220001220703125,64.06999969482422,12326100
2011-09-20,57.32073974609375,65.62999725341797,66.38999938964844,63.209999084472656,63.54999923706055,15775600
2011-09-21,56.141658782958984,64.27999877929688,66.9000015258789,64.27999877929688,65.44999694824219,16292300
2011-09-22,51.79216766357422,59.29999923706055,61.22999954223633,58.650001525878906,61.06999969482422,27372500
2011-09-23,49.26805877685547,56.40999984741211,57.84000015258789,54.939998626708984,57.52000045776367,30082300
2011-09-26,50.08031463623047,57.34000015258789,57.54999923706055,54.97999954223633,55.7599983215332,23422700
2011-09-27,49.84450149536133,57.06999969482422,59.70000076293945,56.7599983215332,59.459999084472656,26567200
2011-09-28,47.63481521606445,54.540000915527344,57.90999984741211,54.4900016784668,57.27000045776367,16821800
2011-09-29,48.06277847290039,55.029998779296875,55.880001068115234,54.09000015258789,55.540000915527344,17720900
2011-09-30,48.202518463134766,55.189998626708984,56.58000183105469,54.25,54.40999984741211,15197400
2011-10-03,47.55621337890625,54.45000076293945,56.720001220703125,54.40999984741211,56.22999954223633,16264400
2011-10-04,45.85309982299805,52.5,53.75,50.41999816894531,53.75,29700000
2011-10-05,47.94050216674805,54.88999938964844,55.02000045776367,52.18000030517578,52.61000061035156,20112000
2011-10-06,49.145790100097656,56.27000045776367,56.279998779296875,54.130001068115234,54.9900016784668,17540800
2011-10-07,47.9317741394043,54.880001068115234,56.849998474121094,54.22999954223633,56.650001525878906,14417500
2011-10-10,49.643619537353516,56.84000015258789,56.84000015258789,55.68000030517578,56.290000915527344,11984300
2011-10-11,49.70475769042969,56.90999984741211,57.099998474121094,55.72999954223633,56.29999923706055,11868600
2011-10-12,50.123985290527344,57.38999938964844,57.849998474121094,56.849998474121094,57.540000915527344,11025600
2011-10-13,49.154518127441406,56.279998779296875,57.0,55.650001525878906,56.86000061035156,11561200
2011-10-14,50.621822357177734,57.959999084472656,58.0,56.72999954223633,56.880001068115234,8425200
2011-10-17,49.42527770996094,56.59000015258789,57.97999954223633,56.41999816894531,57.86000061035156,8866200
2011-10-18,49.75716018676758,56.970001220703125,57.15999984741211,54.279998779296875,55.779998779296875,14667100
2011-10-19,46.77015686035156,53.54999923706055,56.529998779296875,53.43000030517578,56.5099983215332,17339800
2011-10-20,46.40333557128906,53.130001068115234,53.77000045776367,52.029998779296875,53.0099983215332,16157100
2011-10-21,47.14570999145508,53.97999954223633,54.560001373291016,53.439998626708984,54.18000030517578,9628300
2011-10-24,48.93617630004883,56.029998779296875,56.220001220703125,54.38999938964844,54.400001525878906,12321400
2011-10-25,50.1763916015625,57.45000076293945,58.220001220703125,54.939998626708984,56.18000030517578,20170000
2011-10-26,50.63055419921875,57.970001220703125,58.63999938964844,56.689998626708984,58.13999938964844,14249400
2011-10-27,51.626220703125,59.11000061035156,59.63999938964844,58.13999938964844,58.810001373291016,16160500
2011-10-28,52.82276916503906,60.47999954223633,60.810001373291016,58.54999923706055,58.790000915527344,11921100
2011-10-31,51.381675720214844,58.83000183105469,59.77000045776367,58.720001220703125,59.75,10746500
2011-11-01,51.1021842956543,58.5099983215332,59.369998931884766,56.029998779296875,56.630001068115234,14572300
2011-11-02,52.368595123291016,59.959999084472656,60.75,58.95000076293945,59.5,11390400
2011-11-03,54.00185012817383,61.83000183105469,61.83000183105469,59.9900016784668,61.11000061035156,11762100
2011-11-04,53.53894805908203,61.29999923706055,61.470001220703125,59.93000030517578,61.11000061035156,7508000
2011-11-07,55.285736083984375,63.29999923706055,63.31999969482422,61.849998474121094,61.86000061035156,11832200
2011-11-08,54.58702087402344,62.5,63.70000076293945,62.5,63.04999923706055,11886800
2011-11-09,53.00617599487305,60.689998626708984,63.04999923706055,60.66999816894531,61.779998779296875,15054500
2011-11-10,52.55200958251953,60.16999816894531,61.209999084472656,59.27000045776367,61.0,14523500
2011-11-11,54.421077728271484,62.310001373291016,62.56999969482422,60.7400016784668,60.7400016784668,7928100
2011-11-14,53.425411224365234,61.16999816894531,62.38999938964844,60.83000183105469,62.04999923706055,7790100
2011-11-15,53.56514358520508,61.33000183105469,61.63999938964844,60.41999816894531,61.099998474121094,7028900
2011-11-16,52.67428970336914,60.310001373291016,61.54999923706055,60.209999084472656,60.54999923706055,7930400
2011-11-17,50.543212890625,57.869998931884766,59.849998474121094,57.630001068115234,59.630001068115234,18674200
2011-11-18,49.83576583862305,57.060001373291016,58.54999923706055,56.77000045776367,58.11000061035156,12504500
2011-11-21,49.08464813232422,56.20000076293945,56.209999084472656,54.91999816894531,56.130001068115234,14780200
2011-11-22,49.818302154541016,57.040000915527344,57.619998931884766,56.2400016784668,56.70000076293945,12750700
2011-11-23,48.46453857421875,55.4900016784668,56.4900016784668,55.11000061035156,56.290000915527344,15222200
2011-11-25,47.85316848754883,54.790000915527344,55.84000015258789,54.77000045776367,54.970001220703125,5170700
2011-11-28,49.08464813232422,56.20000076293945,56.93000030517578,55.79999923706055,56.470001220703125,9859400
2011-11-29,49.311729431152344,56.459999084472656,57.11000061035156,56.029998779296875,56.220001220703125,7563000
2011-11-30,52.76163101196289,60.40999984741211,60.5,58.560001373291016,58.70000076293945,17914300
2011-12-01,52.665565490722656,60.29999923706055,61.0099983215332,59.599998474121094,60.31999969482422,11337300
2011-12-02,50.875099182128906,58.25,60.869998931884766,58.06999969482422,60.720001220703125,15115100
2011-12-05,50.53448486328125,57.86000061035156,59.47999954223633,57.5099983215332,58.220001220703125,10462500
2011-12-06,51.547611236572266,59.02000045776367,59.470001220703125,57.099998474121094,57.4900016784668,13805500
2011-12-07,51.49520492553711,58.959999084472656,59.290000915527344,58.27000045776367,59.06999969482422,11633100
2011-12-08,50.01044464111328,57.2599983215332,58.25,56.970001220703125,58.119998931884766,15134300
2011-12-09,50.50828170776367,57.83000183105469,58.060001373291016,57.08000183105469,57.43000030517578,8459300
2011-12-12,48.73529052734375,55.79999923706055,56.33000183105469,55.20000076293945,56.310001373291016,13465800
2011-12-13,47.198123931884766,54.040000915527344,56.66999816894531,53.720001220703125,55.959999084472656,17873300
2011-12-14,45.748291015625,52.380001068115234,53.220001220703125,51.529998779296875,52.91999816894531,30181400
2011-12-15,45.136924743652344,51.68000030517578,53.13999938964844,51.56999969482422,53.0099983215332,20605600
2011-12-16,46.01030731201172,52.68000030517578,53.18000030517578,52.040000915527344,52.5,16285400
2011-12-19,44.69148635864258,51.16999816894531,52.54999923706055,51.029998779296875,52.4900016784668,15120200
2011-12-20,46.281063079833984,52.9900016784668,53.25,52.369998931884766,52.380001068115234,11644900
2011-12-21,46.254852294921875,52.959999084472656,53.43000030517578,52.41999816894531,53.150001525878906,8724300
2011-12-22,45.76576232910156,52.400001525878906,52.619998931884766,51.77000045776367,52.560001373291016,13179600
2011-12-23,46.238746643066406,52.790000915527344,52.790000915527344,52.349998474121094,52.59000015258789,4729000
2011-12-27,45.432918548583984,51.869998931884766,52.52000045776367,51.68000030517578,52.369998931884766,4786400
2011-12-28,43.84754180908203,50.060001373291016,51.869998931884766,50.0099983215332,51.77000045776367,14170400
2011-12-29,44.846065521240234,51.20000076293945,51.20000076293945,49.220001220703125,49.52000045776367,12196600
2011-12-30,45.04751205444336,51.43000030517578,52.08000183105469,51.09000015258789,51.619998931884766,10001400
2012-01-03,47.12340545654297,53.79999923706055,54.02000045776367,52.7599983215332,52.790000915527344,13011400
2012-01-04,47.07085037231445,53.7400016784668,54.540000915527344,53.34000015258789,53.61000061035156,8184000
2012-01-05,47.21099853515625,53.900001525878906,54.27000045776367,52.7599983215332,53.2599983215332,7415800
2012-01-06,46.729244232177734,53.349998474121094,54.290000915527344,53.220001220703125,54.130001068115234,7757700
2012-01-09,46.99201965332031,53.650001525878906,53.95000076293945,53.18000030517578,53.54999923706055,5513900
2012-01-10,47.71025085449219,54.470001220703125,55.06999969482422,54.38999938964844,54.79999923706055,6615000
2012-01-11,47.57011795043945,54.310001373291016,54.5099983215332,53.66999816894531,54.459999084472656,6838500
2012-01-12,47.929229736328125,54.720001220703125,55.45000076293945,54.310001373291016,54.84000015258789,8358700
2012-01-13,47.342376708984375,54.04999923706055,54.16999816894531,53.22999954223633,54.040000915527344,7322500
2012-01-17,46.58034133911133,53.18000030517578,54.540000915527344,52.86000061035156,54.540000915527344,8412800
2012-01-18,46.632896423339844,53.2400016784668,53.58000183105469,52.95000076293945,53.06999969482422,7007800
2012-01-19,45.67817687988281,52.150001525878906,53.41999816894531,51.58000183105469,53.16999816894531,12918900
2012-01-20,45.704444885253906,52.18000030517578,52.779998779296875,51.75,52.06999969482422,8845400
2012-01-23,46.43144226074219,53.0099983215332,53.27000045776367,52.41999816894531,52.41999816894531,12818900
2012-01-24,45.38911819458008,51.81999969482422,52.58000183105469,51.709999084472656,52.5099983215332,12761700
2012-01-25,48.375938415527344,55.22999954223633,55.40999984741211,51.27000045776367,51.58000183105469,26995600
2012-01-26,48.84016418457031,55.7599983215332,56.779998779296875,55.5099983215332,56.060001373291016,20174200
2012-01-27,50.04890441894531,57.13999938964844,57.369998931884766,55.720001220703125,55.79999923706055,14823200
2012-01-30,49.45329284667969,56.459999084472656,56.90999984741211,55.79999923706055,56.400001525878906,8660600
2012-01-31,49.45329284667969,56.459999084472656,57.709999084472656,55.75,57.52000045776367,14442300
2012-02-01,49.5408821105957,56.560001373291016,57.150001525878906,56.369998931884766,57.040000915527344,8178400
2012-02-02,50.33795166015625,57.470001220703125,57.939998626708984,56.689998626708984,57.09000015258789,10696000
2012-02-03,49.43578338623047,56.439998626708984,56.939998626708984,55.95000076293945,56.77000045776367,16557400
2012-02-06,49.20804214477539,56.18000030517578,56.79999923706055,55.86000061035156,56.02000045776367,9668400
2012-02-07,48.945274353027344,55.880001068115234,56.650001525878906,55.290000915527344,56.09000015258789,13118400
2012-02-08,48.64746856689453,55.540000915527344,56.529998779296875,55.369998931884766,56.13999938964844,8798100
2012-02-09,48.393455505371094,55.25,56.43000030517578,55.25,56.20000076293945,8596700
2012-02-10,47.72776794433594,54.4900016784668,54.84000015258789,54.08000183105469,54.540000915527344,9900900
2012-02-13,47.56134796142578,54.29999923706055,54.91999816894531,54.130001068115234,54.7599983215332,6050800
2012-02-14,47.09711837768555,53.77000045776367,54.54999923706055,53.189998626708984,54.29999923706055,10699100
2012-02-15,46.913185119628906,53.560001373291016,54.459999084472656,53.52000045776367,54.43000030517578,10014200
2012-02-16,48.13069152832031,54.95000076293945,55.150001525878906,52.689998626708984,52.939998626708984,15885900
2012-02-17,47.42996597290039,54.150001525878906,55.349998474121094,54.040000915527344,55.29999923706055,9653200
2012-02-21,48.89270782470703,55.81999969482422,55.849998474121094,54.70000076293945,55.0099983215332,11722700
2012-02-22,49.77737808227539,56.83000183105469,57.0,55.310001373291016,55.58000183105469,13146400
2012-02-23,50.15401077270508,57.2599983215332,57.709999084472656,56.77000045776367,57.040000915527344,14465100
2012-02-24,49.45329284667969,56.459999084472656,57.290000915527344,56.18000030517578,57.150001525878906,9122200
2012-02-27,49.102935791015625,56.060001373291016,56.63999938964844,55.72999954223633,56.27000045776367,8395400
2012-02-28,50.21533203125,57.33000183105469,57.439998626708984,56.20000076293945,56.54999923706055,15019900
2012-02-29,48.52484130859375,55.400001525878906,57.90999984741211,54.869998931884766,57.5099983215332,34053800
2012-03-01,48.95402526855469,55.88999938964844,56.380001068115234,55.209999084472656,55.540000915527344,15032900
2012-03-02,47.99054718017578,54.790000915527344,55.529998779296875,54.5099983215332,55.38999938964844,12757700
2012-03-05,46.965736389160156,53.619998931884766,54.439998626708984,53.220001220703125,54.34000015258789,13539600
2012-03-06,45.95845031738281,52.470001220703125,52.58000183105469,51.63999938964844,52.54999923706055,20943600
2012-03-07,46.13363265991211,52.66999816894531,52.91999816894531,51.93000030517578,52.58000183105469,11751800
2012-03-08,46.70296096801758,53.31999969482422,53.709999084472656,52.470001220703125,53.22999954223633,9950500
2012-03-09,46.632896423339844,53.2400016784668,53.939998626708984,52.63999938964844,52.95000076293945,8384800
2012-03-12,45.87086868286133,52.369998931884766,53.2400016784668,52.220001220703125,52.95000076293945,8761400
2012-03-13,45.643131256103516,52.11000061035156,52.86000061035156,51.790000915527344,52.209999084472656,13602500
2012-03-14,43.900089263916016,50.119998931884766,51.349998474121094,49.68000030517578,51.349998474121094,24309200
2012-03-15,43.91761016845703,50.13999938964844,50.939998626708984,49.91999816894531,50.22999954223633,11196700
2012-03-16,43.73366165161133,49.93000030517578,50.310001373291016,49.79999923706055,49.95000076293945,11395500
2012-03-19,43.444618225097656,49.599998474121094,50.52000045776367,49.59000015258789,50.06999969482422,11432600
2012-03-20,43.67235565185547,49.86000061035156,49.9900016784668,48.41999816894531,48.9900016784668,15287200
2012-03-21,43.58475875854492,49.7599983215332,50.5,49.720001220703125,50.27000045776367,14024800
2012-03-22,42.70010757446289,48.75,49.130001068115234,48.45000076293945,48.7599983215332,11460500
2012-03-23,43.58475875854492,49.7599983215332,50.060001373291016,48.83000183105469,49.08000183105469,14594200
2012-03-26,44.346797943115234,50.630001068115234,50.95000076293945,50.20000076293945,50.810001373291016,12638700
2012-03-27,43.716156005859375,49.90999984741211,50.86000061035156,49.79999923706055,50.84000015258789,10166200
2012-03-28,42.85777282714844,48.93000030517578,49.75,48.630001068115234,49.650001525878906,14557900
2012-03-29,42.97163009643555,49.060001373291016,49.09000015258789,48.04999923706055,48.7599983215332,12259600
2012-03-30,43.39207077026367,49.540000915527344,49.630001068115234,48.810001373291016,49.619998931884766,9890400
2012-04-02,44.13657760620117,50.38999938964844,50.7599983215332,49.41999816894531,49.540000915527344,13114500
2012-04-03,42.70010757446289,48.75,50.470001220703125,48.349998474121094,50.470001220703125,17390400
2012-04-04,40.91326904296875,46.709999084472656,47.77000045776367,46.0099983215332,47.72999954223633,27237700
2012-04-05,40.46657180786133,46.20000076293945,47.08000183105469,46.0,46.95000076293945,11559200
2012-04-09,40.711822509765625,46.47999954223633,47.130001068115234,46.38999938964844,46.59000015258789,9302200
2012-04-10,41.20232009887695,47.040000915527344,47.189998626708984,45.97999954223633,46.439998626708984,18461300
2012-04-11,40.720577239990234,46.4900016784668,47.22999954223633,46.36000061035156,47.15999984741211,10167900
2012-04-12,42.174564361572266,48.150001525878906,48.33000183105469,46.45000076293945,46.459999084472656,14841700
2012-04-13,41.60523223876953,47.5,48.060001373291016,47.25,47.91999816894531,12925100
2012-04-16,40.85196304321289,46.63999938964844,47.7400016784668,46.38999938964844,47.34000015258789,12576000
2012-04-17,41.26362609863281,47.11000061035156,47.709999084472656,46.47999954223633,46.81999969482422,10549000
2012-04-18,40.843204498291016,46.630001068115234,47.2599983215332,46.400001525878906,46.650001525878906,10432800
2012-04-19,40.82567596435547,46.61000061035156,47.27000045776367,46.439998626708984,46.95000076293945,10358700
2012-04-20,40.39649200439453,46.119998931884766,47.060001373291016,46.099998474121094,46.72999954223633,10535400
2012-04-23,39.45051956176758,45.040000915527344,45.45000076293945,44.18000030517578,45.40999984741211,19325900
2012-04-24,39.53811264038086,45.13999938964844,45.470001220703125,44.790000915527344,45.349998474121094,10375100
2012-04-25,40.5453987121582,46.290000915527344,46.38999938964844,45.099998474121094,45.470001220703125,21177600
2012-04-26,40.51035690307617,46.25,46.45000076293945,45.869998931884766,46.31999969482422,12882600
2012-04-27,40.99209976196289,46.79999923706055,47.11000061035156,46.5099983215332,46.86000061035156,9498400
2012-04-30,40.63298797607422,46.38999938964844,46.56999969482422,45.709999084472656,46.369998931884766,9197900
2012-05-01,40.67677688598633,46.439998626708984,46.900001525878906,46.119998931884766,46.40999984741211,8883700
2012-05-02,39.99357223510742,45.65999984741211,46.099998474121094,45.29999923706055,46.06999969482422,10172800
2012-05-03,38.43447494506836,43.880001068115234,45.150001525878906,43.400001525878906,45.040000915527344,19120600
2012-05-04,38.58338165283203,44.04999923706055,44.7400016784668,43.790000915527344,43.81999969482422,14631400
2012-05-07,38.25053787231445,43.66999816894531,44.38999938964844,43.09000015258789,44.09000015258789,13775000
2012-05-08,36.93669128417969,42.16999816894531,42.849998474121094,41.72999954223633,42.7400016784668,23654800
2012-05-09,37.68119812011719,43.02000045776367,43.630001068115234,41.099998474121094,41.38999938964844,28890800
2012-05-10,37.74251174926758,43.09000015258789,43.88999938964844,42.68000030517578,43.54999923706055,18881400
2012-05-11,37.155662536621094,42.41999816894531,43.29999923706055,42.33000183105469,42.58000183105469,12632900
2012-05-14,35.88560485839844,40.970001220703125,42.2599983215332,40.95000076293945,41.56999969482422,21789800
2012-05-15,34.457889556884766,39.34000015258789,41.34000015258789,39.25,40.970001220703125,24527000
2012-05-16,34.65058898925781,39.560001373291016,40.65999984741211,39.08000183105469,39.45000076293945,28720000
2012-05-17,36.209693908691406,41.34000015258789,41.970001220703125,40.119998931884766,40.18000030517578,30740700
2012-05-18,36.45493698120117,41.619998931884766,42.810001373291016,41.439998626708984,42.189998626708984,21909600
2012-05-21,37.67243194580078,43.0099983215332,43.119998931884766,41.630001068115234,41.63999938964844,13536300
2012-05-22,37.260772705078125,42.540000915527344,43.7599983215332,42.20000076293945,42.959999084472656,20767800
2012-05-23,38.92497634887695,44.439998626708984,44.439998626708984,41.29999923706055,42.119998931884766,31400000
2012-05-24,39.09140396118164,44.630001068115234,45.279998779296875,43.70000076293945,44.75,21742500
2012-05-25,39.3366584777832,44.90999984741211,45.150001525878906,44.38999938964844,44.7400016784668,12572600
2012-05-29,38.6184196472168,44.09000015258789,45.47999954223633,43.68000030517578,45.41999816894531,16699100
2012-05-30,38.74980163574219,44.2400016784668,44.83000183105469,42.720001220703125,43.43000030517578,20220700
2012-05-31,38.346885681152344,43.779998779296875,44.849998474121094,43.13999938964844,44.31999969482422,15763700
2012-06-01,40.799407958984375,46.58000183105469,46.869998931884766,44.779998779296875,44.83000183105469,35430300
2012-06-04,41.456329345703125,47.33000183105469,47.349998474121094,45.86000061035156,46.91999816894531,20460800
2012-06-05,41.63151168823242,47.529998779296875,47.599998474121094,46.849998474121094,47.099998474121094,14154900
2012-06-06,41.71034240722656,47.619998931884766,48.720001220703125,46.90999984741211,48.380001068115234,24414600
2012-06-07,40.282630920410156,45.9900016784668,47.75,45.43000030517578,47.70000076293945,28584100
2012-06-08,40.5804328918457,46.33000183105469,46.63999938964844,45.06999969482422,45.36000061035156,14443000
2012-06-11,39.99357223510742,45.65999984741211,46.709999084472656,45.529998779296875,46.65999984741211,13785700
2012-06-12,40.95706558227539,46.7599983215332,46.939998626708984,46.0099983215332,46.119998931884766,13719300
2012-06-13,40.983341217041016,46.790000915527344,47.47999954223633,46.619998931884766,47.130001068115234,13250500
2012-06-14,41.10597610473633,46.93000030517578,47.16999816894531,46.20000076293945,47.13999938964844,15090600
2012-06-15,41.09720993041992,46.91999816894531,47.119998931884766,46.560001373291016,47.09000015258789,12873200
2012-06-18,41.80669021606445,47.72999954223633,47.91999816894531,46.150001525878906,46.33000183105469,13099100
2012-06-19,41.76289749145508,47.68000030517578,47.88999938964844,47.220001220703125,47.779998779296875,10395000
2012-06-20,41.40377426147461,47.27000045776367,48.349998474121094,46.5,47.099998474121094,21410300
2012-06-21,39.2578239440918,44.81999969482422,46.380001068115234,44.79999923706055,46.27000045776367,17763000
2012-06-22,39.047607421875,44.58000183105469,45.349998474121094,44.029998779296875,44.7400016784668,13971400
2012-06-25,39.55562210083008,45.15999984741211,45.45000076293945,43.869998931884766,44.119998931884766,11187900
2012-06-26,38.93374252319336,44.45000076293945,45.22999954223633,43.900001525878906,44.7599983215332,10339500
2012-06-27,38.78483200073242,44.279998779296875,44.79999923706055,43.68000030517578,44.70000076293945,9853800
2012-06-28,37.935211181640625,43.310001373291016,44.0,42.599998474121094,43.720001220703125,15493700
2012-06-29,39.214027404785156,44.77000045776367,45.08000183105469,44.13999938964844,44.9900016784668,12481800
2012-07-02,39.205265045166016,44.7599983215332,45.040000915527344,44.380001068115234,44.45000076293945,6302200
2012-07-03,40.6855354309082,46.45000076293945,46.56999969482422,45.459999084472656,45.47999954223633,11298800
2012-07-05,40.08993148803711,45.77000045776367,46.41999816894531,45.68000030517578,46.0,8584600
2012-07-06,38.91621780395508,44.43000030517578,45.40999984741211,44.25,45.0099983215332,12260200
2012-07-09,38.75856018066406,44.25,44.5099983215332,43.79999923706055,44.310001373291016,8547200
2012-07-10,37.54981231689453,42.869998931884766,44.84000015258789,42.650001525878906,44.66999816894531,14906800
2012-07-11,36.76150894165039,41.970001220703125,42.54999923706055,41.4900016784668,42.540000915527344,16633700
2012-07-12,36.533782958984375,41.709999084472656,42.060001373291016,40.459999084472656,41.20000076293945,24067000
2012-07-13,37.0593147277832,42.310001373291016,42.5099983215332,41.75,42.060001373291016,13690600
2012-07-16,36.92793273925781,42.15999984741211,42.43000030517578,41.900001525878906,42.369998931884766,7989500
2012-07-17,36.52501678466797,41.70000076293945,42.189998626708984,41.0,42.11000061035156,12185200
2012-07-18,36.01699447631836,41.119998931884766,41.58000183105469,41.0,41.290000915527344,8492600
2012-07-19,36.42866516113281,41.59000015258789,41.880001068115234,41.36000061035156,41.54999923706055,7725100
2012-07-20,36.54253387451172,41.720001220703125,41.869998931884766,41.310001373291016,41.349998474121094,8173800
2012-07-23,35.64911651611328,40.70000076293945,41.060001373291016,40.5099983215332,40.9900016784668,10124000
2012-07-24,35.66663360595703,40.720001220703125,41.16999816894531,40.400001525878906,41.04999923706055,8483400
2012-07-25,36.752750396728516,41.959999084472656,42.630001068115234,41.150001525878906,41.54999923706055,14456000
2012-07-26,37.51478576660156,42.83000183105469,42.959999084472656,41.810001373291016,42.08000183105469,13397600
2012-07-27,37.777557373046875,43.130001068115234,43.290000915527344,42.400001525878906,43.029998779296875,12202100
2012-07-30,38.29433059692383,43.720001220703125,43.77000045776367,42.90999984741211,43.0099983215332,7071700
2012-07-31,37.51478576660156,42.83000183105469,43.97999954223633,42.779998779296875,43.7400016784668,9413800
2012-08-01,37.00675964355469,42.25,43.04999923706055,41.09000015258789,42.59000015258789,30714900
2012-08-02,36.82282638549805,42.040000915527344,42.88999938964844,41.650001525878906,41.9900016784668,11901900
2012-08-03,37.54106140136719,42.86000061035156,43.0099983215332,42.33000183105469,42.54999923706055,14580100
2012-08-06,38.3030891418457,43.72999954223633,44.15999984741211,42.84000015258789,42.93000030517578,12916100
2012-08-07,38.74104690551758,44.22999954223633,44.25,43.77000045776367,44.040000915527344,8880400
2012-08-08,38.53082275390625,43.9900016784668,44.88999938964844,43.91999816894531,44.06999969482422,10652200
2012-08-09,39.030086517333984,44.560001373291016,44.72999954223633,43.72999954223633,44.0,8443400
2012-08-10,39.284095764160156,44.849998474121094,44.900001525878906,44.349998474121094,44.47999954223633,5845300
2012-08-13,38.74980163574219,44.2400016784668,45.34000015258789,44.06999969482422,45.0,8020400
2012-08-14,38.47827911376953,43.93000030517578,44.540000915527344,43.86000061035156,44.06999969482422,6268600
2012-08-15,38.67097473144531,44.150001525878906,44.189998626708984,43.70000076293945,44.0099983215332,4683000
2012-08-16,39.98481750488281,45.650001525878906,45.66999816894531,44.2599983215332,44.38999938964844,14382600
2012-08-17,39.713287353515625,45.34000015258789,45.900001525878906,45.060001373291016,45.75,7456000
2012-08-20,39.95853805541992,45.619998931884766,45.77000045776367,44.849998474121094,45.31999969482422,6397600
2012-08-21,40.624229431152344,46.380001068115234,47.22999954223633,46.08000183105469,46.36000061035156,16393800
2012-08-22,41.60523223876953,47.5,47.5,45.95000076293945,46.45000076293945,15922200
2012-08-23,41.5351676940918,47.41999816894531,48.150001525878906,47.349998474121094,47.959999084472656,14891700
2012-08-24,41.666542053222656,47.56999969482422,47.779998779296875,47.060001373291016,47.34000015258789,7617800
2012-08-27,41.07969665527344,46.900001525878906,47.66999816894531,46.790000915527344,47.59000015258789,8282900
2012-08-28,41.035892486572266,46.849998474121094,47.38999938964844,46.79999923706055,47.06999969482422,7093000
2012-08-29,40.63298797607422,46.38999938964844,47.0099983215332,46.2599983215332,46.959999084472656,8076100
2012-08-30,40.308902740478516,46.02000045776367,46.59000015258789,45.849998474121094,46.41999816894531,8065700
2012-08-31,41.99062728881836,47.939998626708984,48.060001373291016,45.959999084472656,46.43000030517578,26221700
2012-09-04,41.84172439575195,47.77000045776367,48.13999938964844,47.31999969482422,48.06999969482422,10668700
2012-09-05,41.981868743896484,47.93000030517578,47.97999954223633,47.290000915527344,47.72999954223633,6741300
2012-09-06,43.03295135498047,49.130001068115234,49.15999984741211,48.20000076293945,48.459999084472656,15134600
2012-09-07,44.19790267944336,50.459999084472656,50.72999954223633,50.08000183105469,50.2599983215332,18402500
2012-09-10,43.339515686035156,49.47999954223633,50.41999816894531,49.400001525878906,50.29999923706055,11893500
2012-09-11,43.628562927246094,49.810001373291016,50.349998474121094,49.58000183105469,49.93000030517578,9796700
2012-09-12,43.803741455078125,50.0099983215332,50.2400016784668,48.709999084472656,50.189998626708984,18235400
2012-09-13,46.00225830078125,52.52000045776367,52.529998779296875,49.2400016784668,49.88999938964844,32409600
2012-09-14,47.17595291137695,53.86000061035156,54.08000183105469,53.0,53.029998779296875,27035600
2012-09-17,47.20222854614258,53.88999938964844,54.20000076293945,53.130001068115234,54.02000045776367,12992700
2012-09-18,47.57886505126953,54.31999969482422,54.31999969482422,53.369998931884766,53.790000915527344,16323500
2012-09-19,47.99054718017578,54.790000915527344,54.95000076293945,53.900001525878906,54.5099983215332,15389300
2012-09-20,47.61390686035156,54.36000061035156,54.40999984741211,53.66999816894531,54.130001068115234,11582300
2012-09-21,48.0080680847168,54.810001373291016,55.25,54.310001373291016,55.11000061035156,13869600
2012-09-24,46.387657165527344,52.959999084472656,54.22999954223633,52.93000030517578,54.060001373291016,16072900
2012-09-25,45.69568634033203,52.16999816894531,53.959999084472656,52.15999984741211,53.709999084472656,17410200
2012-09-26,45.897151947021484,52.400001525878906,52.779998779296875,50.900001525878906,51.54999923706055,18635900
2012-09-27,47.20222854614258,53.88999938964844,53.9900016784668,52.599998474121094,53.09000015258789,17141300
2012-09-28,47.02705001831055,53.689998626708984,54.119998931884766,53.209999084472656,53.689998626708984,10909100
2012-10-01,47.237266540527344,53.93000030517578,54.61000061035156,53.70000076293945,54.209999084472656,10912600
2012-10-02,46.939456939697266,53.59000015258789,54.20000076293945,53.25,54.040000915527344,10223300
2012-10-03,46.177433013916016,52.720001220703125,53.68000030517578,52.619998931884766,53.68000030517578,11934900
2012-10-04,47.517555236816406,54.25,54.25,53.290000915527344,53.4900016784668,14103200
2012-10-05,46.99201965332031,53.650001525878906,54.63999938964844,53.41999816894531,53.9900016784668,12997100
2012-10-08,46.62413787841797,53.22999954223633,53.540000915527344,52.88999938964844,53.16999816894531,7563400
2012-10-09,45.616859436035156,52.08000183105469,53.65999984741211,52.04999923706055,53.43000030517578,13256500
2012-10-10,45.96721267700195,52.47999954223633,53.0,51.779998779296875,51.970001220703125,11006200
2012-10-11,45.97597122192383,52.4900016784668,53.130001068115234,52.459999084472656,52.81999969482422,7463700
2012-10-12,45.24897766113281,51.65999984741211,52.720001220703125,51.540000915527344,52.59000015258789,10958100
2012-10-15,45.23146057128906,51.63999938964844,51.68000030517578,50.810001373291016,51.27000045776367,10377700
2012-10-16,46.13363265991211,52.66999816894531,52.66999816894531,51.959999084472656,51.959999084472656,11357500
2012-10-17,46.5190315246582,53.11000061035156,53.400001525878906,52.220001220703125,52.7599983215332,10937100
2012-10-18,45.12635040283203,51.52000045776367,52.72999954223633,51.52000045776367,52.560001373291016,14783900
2012-10-19,45.31028366088867,51.72999954223633,52.0,50.7599983215332,51.349998474121094,19920000
2012-10-22,45.92341613769531,52.43000030517578,52.47999954223633,51.560001373291016,51.619998931884766,10197500
2012-10-23,44.63584518432617,50.959999084472656,51.47999954223633,50.91999816894531,51.22999954223633,14897400
2012-10-24,43.84754180908203,50.060001373291016,51.5,49.97999954223633,51.349998474121094,15897400
2012-10-25,45.18766403198242,51.59000015258789,51.72999954223633,51.02000045776367,51.290000915527344,17175500
2012-10-26,44.88109588623047,51.2400016784668,51.880001068115234,51.0,51.709999084472656,8553500
2012-10-31,46.3350944519043,52.900001525878906,52.970001220703125,51.86000061035156,51.880001068115234,17965000
2012-11-01,45.5555419921875,52.0099983215332,52.540000915527344,52.0,52.459999084472656,10229600
2012-11-02,43.58475875854492,49.7599983215332,51.400001525878906,49.7400016784668,51.31999969482422,20450400
2012-11-05,43.260677337646484,49.38999938964844,50.25,49.38999938964844,50.040000915527344,10855400
2012-11-06,44.09279251098633,50.34000015258789,50.4900016784668,49.38999938964844,50.02000045776367,18612700
2012-11-07,44.73219680786133,51.06999969482422,51.119998931884766,49.63999938964844,50.709999084472656,15286700
2012-11-08,45.03000259399414,51.40999984741211,51.81999969482422,50.20000076293945,50.77000045776367,15624700
2012-11-09,44.381832122802734,50.66999816894531,51.619998931884766,50.65999984741211,51.470001220703125,10771000
2012-11-12,43.830013275146484,50.040000915527344,50.939998626708984,49.97999954223633,50.70000076293945,7668700
2012-11-13,43.339515686035156,49.47999954223633,50.130001068115234,49.25,49.459999084472656,10448100
2012-11-14,41.35997772216797,47.220001220703125,49.45000076293945,47.15999984741211,49.41999816894531,25574300
2012-11-15,40.265113830566406,45.970001220703125,47.189998626708984,45.5,47.150001525878906,29679400
2012-11-16,40.70306396484375,46.470001220703125,46.77000045776367,45.349998474121094,45.900001525878906,22350700
2012-11-19,41.84172439575195,47.77000045776367,47.849998474121094,47.209999084472656,47.560001373291016,15537800
2012-11-20,41.48260498046875,47.36000061035156,47.72999954223633,47.08000183105469,47.540000915527344,10107900
2012-11-21,42.113258361816406,48.08000183105469,48.13999938964844,47.0,47.34000015258789,8856600
2012-11-23,42.69135284423828,48.7400016784668,49.0,47.880001068115234,48.349998474121094,12737700
2012-11-26,42.70010757446289,48.75,48.75,47.86000061035156,48.5,12536000
2012-11-27,41.570194244384766,47.459999084472656,48.47999954223633,47.459999084472656,48.27000045776367,18502000
2012-11-28,41.95559310913086,47.900001525878906,47.91999816894531,46.25,46.58000183105469,14299200
2012-11-29,42.07822036743164,48.040000915527344,48.470001220703125,47.560001373291016,48.130001068115234,9941800
2012-11-30,41.64902114868164,47.54999923706055,48.279998779296875,47.060001373291016,47.7599983215332,11111000
2012-12-03,40.711822509765625,46.47999954223633,47.65999984741211,46.43000030517578,47.52000045776367,14753700
2012-12-04,40.860721588134766,46.650001525878906,46.97999954223633,45.72999954223633,45.880001068115234,11930500
2012-12-05,39.722042083740234,45.349998474121094,46.70000076293945,45.220001220703125,46.68000030517578,16368500
2012-12-06,39.8972282409668,45.54999923706055,46.13999938964844,45.25,45.33000183105469,13228400
2012-12-07,40.230072021484375,45.93000030517578,46.20000076293945,45.65999984741211,45.959999084472656,10047800
2012-12-10,40.746849060058594,46.52000045776367,46.66999816894531,46.099998474121094,46.29999923706055,9836300
2012-12-11,40.536643981933594,46.279998779296875,46.720001220703125,46.22999954223633,46.380001068115234,7457600
2012-12-12,41.71910858154297,47.630001068115234,47.959999084472656,46.61000061035156,46.720001220703125,23020300
2012-12-13,40.58919143676758,46.34000015258789,46.88999938964844,45.970001220703125,46.560001373291016,15955300
2012-12-14,40.711822509765625,46.47999954223633,46.75,45.959999084472656,46.150001525878906,12424800
2012-12-17,40.738094329833984,46.5099983215332,46.70000076293945,46.060001373291016,46.31999969482422,9087200
2012-12-18,40.07240295410156,45.75,46.61000061035156,45.38999938964844,46.52000045776367,14998700
2012-12-19,39.730812072753906,45.36000061035156,45.79999923706055,45.279998779296875,45.529998779296875,10954600
2012-12-20,39.47679901123047,45.06999969482422,45.20000076293945,44.15999984741211,44.849998474121094,14517200
2012-12-21,39.57314682006836,45.18000030517578,45.54999923706055,44.65999984741211,44.66999816894531,11377700
2012-12-24,39.68995666503906,44.849998474121094,44.900001525878906,44.18000030517578,44.86000061035156,5888200
2012-12-26,39.9554443359375,45.150001525878906,45.2400016784668,44.68000030517578,45.029998779296875,7026700
2012-12-27,40.21207809448242,45.439998626708984,45.900001525878906,44.689998626708984,44.7599983215332,17914700
2012-12-28,39.7607536315918,44.93000030517578,45.689998626708984,44.880001068115234,45.290000915527344,10707600
2012-12-31,41.05278396606445,46.38999938964844,46.59000015258789,44.95000076293945,45.0,16214700
2013-01-02,41.68109130859375,47.099998474121094,47.529998779296875,46.90999984741211,47.22999954223633,13210600
2013-01-03,39.946598052978516,45.13999938964844,47.060001373291016,45.06999969482422,46.7400016784668,22829200
2013-01-04,40.11473846435547,45.33000183105469,45.33000183105469,44.5,44.790000915527344,16822300
2013-01-07,39.36253356933594,44.47999954223633,45.04999923706055,44.439998626708984,44.849998474121094,15483900
2013-01-08,39.512969970703125,44.650001525878906,44.70000076293945,43.9900016784668,44.52000045776367,11815600
2013-01-09,39.256343841552734,44.36000061035156,44.720001220703125,44.130001068115234,44.619998931884766,7690400
2013-01-10,40.18553161621094,45.40999984741211,45.59000015258789,44.849998474121094,44.86000061035156,16542800
2013-01-11,40.17667770385742,45.400001525878906,45.4900016784668,44.88999938964844,45.34000015258789,12013900
2013-01-14,40.02623748779297,45.22999954223633,45.7599983215332,45.189998626708984,45.68000030517578,8074700
2013-01-15,40.34482955932617,45.59000015258789,45.959999084472656,45.040000915527344,45.52000045776367,9774200
2013-01-16,40.0085334777832,45.209999084472656,45.41999816894531,45.099998474121094,45.290000915527344,8441200
2013-01-17,39.82270050048828,45.0,45.45000076293945,44.540000915527344,44.95000076293945,12326900
2013-01-18,39.9200439453125,45.11000061035156,45.25,44.900001525878906,45.25,8141400
2013-01-22,40.548362731933594,45.81999969482422,45.91999816894531,44.880001068115234,45.029998779296875,12118800
2013-01-23,39.433326721191406,44.560001373291016,45.720001220703125,44.540000915527344,45.619998931884766,16697100
2013-01-24,38.25634765625,43.22999954223633,44.41999816894531,43.099998474121094,44.220001220703125,25261700
2013-01-25,37.09706115722656,41.91999816894531,43.060001373291016,41.900001525878906,42.95000076293945,35696400
2013-01-28,36.707679748535156,41.47999954223633,42.08000183105469,41.38999938964844,41.959999084472656,18548900
2013-01-29,37.38909149169922,42.25,42.41999816894531,41.84000015258789,42.119998931884766,16484400
2013-01-30,37.13246154785156,41.959999084472656,43.13999938964844,41.900001525878906,42.93000030517578,19525600
2013-01-31,36.831573486328125,41.619998931884766,41.93000030517578,41.400001525878906,41.869998931884766,12440500
2013-02-01,37.36254119873047,42.220001220703125,42.38999938964844,41.54999923706055,42.27000045776367,17063300
2013-02-04,37.46873474121094,42.34000015258789,42.880001068115234,41.9900016784668,42.029998779296875,9921100
2013-02-05,37.397945404052734,42.2599983215332,42.66999816894531,42.060001373291016,42.59000015258789,7646100
2013-02-06,37.645729064941406,42.540000915527344,42.619998931884766,42.16999816894531,42.220001220703125,8173500
2013-02-07,37.69882583618164,42.599998474121094,42.939998626708984,42.0,42.11000061035156,9787300
2013-02-08,37.45103454589844,42.31999969482422,42.77000045776367,42.310001373291016,42.56999969482422,5593600
2013-02-11,36.69883346557617,41.470001220703125,41.970001220703125,41.36000061035156,41.939998626708984,11962600
2013-02-12,37.09706115722656,41.91999816894531,41.9900016784668,41.13999938964844,41.41999816894531,11065200
2013-02-13,36.45989990234375,41.20000076293945,42.08000183105469,41.15999984741211,41.79999923706055,14594300
2013-02-14,36.60149002075195,41.36000061035156,42.0099983215332,41.349998474121094,41.38999938964844,9956400
2013-02-15,35.300621032714844,39.88999938964844,40.83000183105469,39.83000183105469,40.83000183105469,22895700
2013-02-19,34.8404426574707,39.369998931884766,39.77000045776367,39.15999984741211,39.77000045776367,15353800
2013-02-20,33.14133834838867,37.45000076293945,38.880001068115234,37.38999938964844,38.709999084472656,37094600
2013-02-21,33.734249114990234,38.119998931884766,38.709999084472656,37.4900016784668,37.61000061035156,23221700
2013-02-22,33.56610870361328,37.93000030517578,38.459999084472656,37.720001220703125,38.220001220703125,11323300
2013-02-25,34.132476806640625,38.56999969482422,39.0,38.290000915527344,38.47999954223633,17100500
2013-02-26,34.557254791259766,39.04999923706055,39.290000915527344,38.13999938964844,38.7599983215332,19392300
2013-02-27,33.85814666748047,38.2599983215332,38.720001220703125,38.13999938964844,38.66999816894531,14560700
2013-02-28,33.09709167480469,37.400001525878906,38.099998474121094,37.220001220703125,38.09000015258789,15832200
2013-03-01,32.840457916259766,37.11000061035156,37.779998779296875,37.02000045776367,37.540000915527344,13137000
2013-03-04,31.77850914001465,35.90999984741211,37.119998931884766,35.88999938964844,37.040000915527344,24525200
2013-03-05,31.79621124267578,35.93000030517578,36.650001525878906,35.900001525878906,36.38999938964844,17759700
2013-03-06,33.13249206542969,37.439998626708984,37.45000076293945,35.56999969482422,35.88999938964844,33784100
2013-03-07,32.6634635925293,36.90999984741211,38.060001373291016,36.869998931884766,37.529998779296875,22037400
2013-03-08,32.840457916259766,37.11000061035156,37.58000183105469,36.310001373291016,36.56999969482422,23003100
2013-03-11,32.70771408081055,36.959999084472656,37.33000183105469,36.779998779296875,37.220001220703125,11375600
2013-03-12,33.5218620300293,37.880001068115234,38.20000076293945,37.439998626708984,37.56999969482422,21810500
2013-03-13,32.6280632019043,36.869998931884766,38.029998779296875,36.72999954223633,37.939998626708984,18937900
2013-03-14,32.96434783935547,37.25,37.459999084472656,36.56999969482422,36.689998626708984,12373800
2013-03-15,33.04399108886719,37.34000015258789,37.56999969482422,37.099998474121094,37.2599983215332,12569800
2013-03-18,33.16789245605469,37.47999954223633,38.09000015258789,37.36000061035156,37.83000183105469,9937400
2013-03-19,33.256378173828125,37.58000183105469,37.849998474121094,37.2400016784668,37.45000076293945,12018400
2013-03-20,33.14133834838867,37.45000076293945,37.709999084472656,37.310001373291016,37.54999923706055,8447200
2013-03-21,34.00857925415039,38.43000030517578,38.58000183105469,37.650001525878906,37.72999954223633,17376100
2013-03-22,33.769649505615234,38.15999984741211,38.54999923706055,37.9900016784668,38.130001068115234,10310300
2013-03-25,33.33603286743164,37.66999816894531,38.130001068115234,37.38999938964844,37.95000076293945,14494300
2013-03-26,33.07939910888672,37.380001068115234,37.66999816894531,37.029998779296875,37.5099983215332,19264000
2013-03-27,33.62805938720703,38.0,38.08000183105469,37.119998931884766,37.20000076293945,16701600
2013-03-28,33.49531555175781,37.849998474121094,37.93000030517578,37.54999923706055,37.77000045776367,7672800
2013-04-01,33.14133834838867,37.45000076293945,37.880001068115234,37.20000076293945,37.84000015258789,12218000
2013-04-02,31.75197410583496,35.880001068115234,36.9900016784668,35.79999923706055,36.970001220703125,22194000
2013-04-03,30.309497833251953,34.25,36.18000030517578,34.02000045776367,35.7599983215332,42315900
2013-04-04,31.16790199279785,35.220001220703125,35.41999816894531,33.709999084472656,34.09000015258789,29846900
2013-04-05,31.026309967041016,35.060001373291016,35.9900016784668,34.83000183105469,35.650001525878906,21249100
2013-04-08,30.66347885131836,34.650001525878906,35.29999923706055,34.5099983215332,35.09000015258789,18689700
2013-04-09,31.884706497192383,36.029998779296875,36.290000915527344,34.66999816894531,34.84000015258789,20471900
2013-04-10,30.66347885131836,34.650001525878906,35.779998779296875,34.619998931884766,35.54999923706055,26201600
2013-04-11,30.2475528717041,34.18000030517578,34.97999954223633,34.18000030517578,34.619998931884766,15927900
2013-04-12,28.513051986694336,32.220001220703125,33.45000076293945,32.11000061035156,33.38999938964844,40555900
2013-04-15,25.68122100830078,29.020000457763672,30.25,28.989999771118164,30.239999771118164,74239200
2013-04-16,25.504226684570312,28.81999969482422,30.280000686645508,28.6299991607666,30.18000030517578,38723200
2013-04-17,24.229900360107422,27.3799991607666,29.200000762939453,27.270000457763672,28.84000015258789,47828900
2013-04-18,24.9732608795166,28.219999313354492,28.559999465942383,27.469999313354492,27.649999618530273,31983200
2013-04-19,25.300689697265625,28.59000015258789,28.959999084472656,27.8700008392334,28.690000534057617,22404900
2013-04-22,25.63697052001953,28.969999313354492,29.350000381469727,28.5,29.200000762939453,18280600
2013-04-23,25.061756134033203,28.31999969482422,28.68000030517578,28.0,28.579999923706055,16850200
2013-04-24,26.752004623413086,30.229999542236328,30.43000030517578,28.8700008392334,28.899999618530273,34054000
2013-04-25,27.061737060546875,30.579999923706055,31.270000457763672,30.360000610351562,30.81999969482422,30995200
2013-04-26,26.07059669494629,29.459999084472656,30.770000457763672,29.209999084472656,30.59000015258789,27488000
2013-04-29,26.468820571899414,29.90999984741211,30.239999771118164,29.690000534057617,29.979999542236328,14765000
2013-04-30,26.867050170898438,30.360000610351562,30.360000610351562,28.989999771118164,29.68000030517578,19689400
2013-05-01,26.23873519897461,29.649999618530273,30.09000015258789,29.1200008392334,29.459999084472656,27633100
2013-05-02,26.221036911010742,29.6299991607666,29.959999084472656,29.3700008392334,29.8799991607666,12825400
2013-05-03,26.274137496948242,29.690000534057617,30.280000686645508,29.459999084472656,29.610000610351562,14874300
2013-05-06,26.30953025817871,29.729999542236328,29.81999969482422,29.549999237060547,29.75,7885300
2013-05-07,25.53077507019043,28.850000381469727,29.239999771118164,28.6200008392334,29.110000610351562,21191600
2013-05-08,26.937843322753906,30.440000534057617,30.5,29.18000030517578,29.25,33362600
2013-05-09,26.415727615356445,29.850000381469727,30.959999084472656,29.739999771118164,29.799999237060547,22262200
2013-05-10,26.380329132080078,29.809999465942383,29.829999923706055,28.81999969482422,29.139999389648438,20007800
2013-05-13,25.690067291259766,29.030000686645508,29.5,29.030000686645508,29.350000381469727,11824200
2013-05-14,25.406883239746094,28.709999084472656,29.459999084472656,28.6200008392334,28.8700008392334,14384500
2013-05-15,24.24759864807129,27.399999618530273,28.440000534057617,27.350000381469727,28.219999313354492,31353000
2013-05-16,24.31839942932129,27.479999542236328,27.90999984741211,26.68000030517578,27.020000457763672,21859900
2013-05-17,23.344953536987305,26.3799991607666,27.190000534057617,26.360000610351562,27.139999389648438,23628300
2013-05-20,24.796266555786133,28.020000457763672,28.18000030517578,26.239999771118164,26.31999969482422,39215400
2013-05-21,24.17680549621582,27.31999969482422,27.770000457763672,26.860000610351562,27.239999771118164,24521400
2013-05-22,24.486536026000977,27.670000076293945,28.65999984741211,27.270000457763672,27.770000457763672,38650700
2013-05-23,24.663528442382812,27.8700008392334,28.280000686645508,27.690000534057617,28.239999771118164,15396700
2013-05-24,24.336097717285156,27.5,28.190000534057617,27.309999465942383,27.75,19892600
2013-05-28,24.08831214904785,27.219999313354492,28.030000686645508,27.020000457763672,27.440000534057617,21388200
2013-05-29,25.22104263305664,28.5,28.5,27.360000610351562,27.450000762939453,28924800
2013-05-30,26.6015625,30.059999465942383,30.100000381469727,29.049999237060547,29.149999618530273,39676500
2013-05-31,26.105993270874023,29.5,29.850000381469727,29.1299991607666,29.610000610351562,20244000
2013-06-03,26.867050170898438,30.360000610351562,30.579999923706055,29.65999984741211,29.799999237060547,22263600
2013-06-04,26.406875610351562,29.84000015258789,29.969999313354492,29.399999618530273,29.8700008392334,18458000
2013-06-05,26.486522674560547,29.93000030517578,30.360000610351562,29.530000686645508,29.8799991607666,16816400
2013-06-06,26.813949584960938,30.299999237060547,30.489999771118164,29.700000762939453,29.93000030517578,17932900
2013-06-07,25.654666900634766,28.989999771118164,29.639999389648438,28.75,29.510000228881836,21212000
2013-06-10,25.7431640625,29.09000015258789,29.40999984741211,28.68000030517578,29.020000457763672,14144800
2013-06-11,24.893613815307617,28.1299991607666,28.709999084472656,28.059999465942383,28.40999984741211,21145700
2013-06-12,25.088302612304688,28.350000381469727,28.850000381469727,28.06999969482422,28.170000076293945,17782700
2013-06-13,25.336084365844727,28.6299991607666,28.65999984741211,27.950000762939453,28.139999389648438,17264300
2013-06-14,24.884765625,28.1200008392334,28.81999969482422,28.06999969482422,28.790000915527344,12271700
2013-06-17,24.946712493896484,28.190000534057617,28.399999618530273,27.950000762939453,28.1200008392334,8644600
2013-06-18,24.229900360107422,27.3799991607666,28.1299991607666,27.280000686645508,27.979999542236328,19369600
2013-06-19,23.459997177124023,26.510000228881836,27.700000762939453,26.420000076293945,27.489999771118164,21733700
2013-06-20,21.725496292114258,24.549999237060547,25.440000534057617,24.15999984741211,25.139999389648438,67786300
2013-06-21,22.035228729248047,24.899999618530273,25.010000228881836,23.950000762939453,24.8700008392334,32954800
2013-06-24,21.017536163330078,23.75,24.40999984741211,23.520000457763672,24.31999969482422,36549500
2013-06-25,20.937891006469727,23.65999984741211,24.049999237060547,23.3799991607666,23.81999969482422,23530200
2013-06-26,19.663564682006836,22.219999313354492,22.889999389648438,22.209999084472656,22.770000457763672,46923300
2013-06-27,20.16798973083496,22.790000915527344,23.040000915527344,22.399999618530273,22.540000915527344,49234300
2013-06-28,21.672399520874023,24.489999771118164,24.65999984741211,22.459999084472656,22.5,75335700
2013-07-01,22.02638053894043,24.889999389648438,25.200000762939453,24.309999465942383,24.899999618530273,32205000
2013-07-02,21.017536163330078,23.75,24.780000686645508,23.459999084472656,24.739999771118164,34482700
2013-07-03,21.39806365966797,24.18000030517578,24.329999923706055,23.760000228881836,24.020000457763672,21909200
2013-07-05,20.72550392150879,23.420000076293945,23.43000030517578,22.790000915527344,23.3700008392334,43649000
2013-07-08,20.265331268310547,22.899999618530273,23.709999084472656,22.899999618530273,23.639999389648438,21770700
2013-07-09,20.548511505126953,23.219999313354492,23.65999984741211,23.030000686645508,23.299999237060547,20635900
2013-07-10,20.521970748901367,23.190000534057617,23.6299991607666,22.920000076293945,23.329999923706055,22679700
2013-07-11,22.09717559814453,24.969999313354492,24.979999542236328,24.219999313354492,24.520000457763672,38637300
2013-07-12,21.566205978393555,24.3700008392334,24.719999313354492,24.059999465942383,24.549999237060547,23268700
2013-07-15,21.495410919189453,24.290000915527344,24.579999923706055,24.149999618530273,24.3700008392334,12949200
2013-07-16,22.698938369750977,25.649999618530273,25.670000076293945,24.510000228881836,24.510000228881836,35463700
2013-07-17,22.01752471923828,24.8799991607666,25.989999771118164,24.860000610351562,25.760000228881836,37268500
2013-07-18,21.929033279418945,24.780000686645508,25.270000457763672,24.700000762939453,25.139999389648438,16323800
2013-07-19,22.884780883789062,25.860000610351562,25.889999389648438,24.979999542236328,25.1299991607666,27363400
2013-07-22,24.28299903869629,27.440000534057617,27.760000228881836,26.790000915527344,26.950000762939453,43719300
2013-07-23,25.088302612304688,28.350000381469727,28.350000381469727,27.079999923706055,27.389999389648438,39798800
2013-07-24,23.849376678466797,26.950000762939453,28.200000762939453,26.389999389648438,28.100000381469727,43653900
2013-07-25,24.0794620513916,27.209999084472656,27.700000762939453,26.719999313354492,26.75,28249400
2013-07-26,24.406892776489258,27.579999923706055,27.600000381469727,26.610000610351562,26.899999618530273,25046200
2013-07-29,24.09716033935547,27.229999542236328,27.719999313354492,27.219999313354492,27.649999618530273,19000000
2013-07-30,23.946718215942383,27.059999465942383,27.3799991607666,26.850000381469727,27.219999313354492,17316000
2013-07-31,23.8847713470459,26.989999771118164,27.68000030517578,26.389999389648438,27.079999923706055,27347600
2013-08-01,23.15911102294922,26.170000076293945,27.149999618530273,26.100000381469727,27.100000381469727,28548000
2013-08-02,22.645841598510742,25.59000015258789,26.530000686645508,25.520000457763672,26.149999618530273,32483200
2013-08-05,22.504253387451172,25.43000030517578,26.040000915527344,25.34000015258789,25.6200008392334,18584400
2013-08-06,21.265323638916016,24.030000686645508,25.020000457763672,24.030000686645508,25.0,38664100
2013-08-07,21.185678482055664,23.940000534057617,24.489999771118164,23.889999389648438,23.940000534057617,19506600
2013-08-08,23.00867462158203,26.0,26.09000015258789,24.270000457763672,24.3799991607666,65972000
2013-08-09,23.424596786499023,26.469999313354492,26.979999542236328,25.559999465942383,25.889999389648438,45317800
2013-08-12,24.787418365478516,28.010000228881836,28.200000762939453,27.56999969482422,27.579999923706055,49441900
2013-08-13,24.0617618560791,27.190000534057617,28.040000915527344,27.049999237060547,27.799999237060547,36959000
2013-08-14,25.398033142089844,28.700000762939453,28.760000228881836,27.43000030517578,27.459999084472656,53862500
2013-08-15,26.92899513244629,30.43000030517578,30.43000030517578,28.110000610351562,28.15999984741211,66608300
2013-08-16,26.362628936767578,29.790000915527344,30.940000534057617,29.479999542236328,30.739999771118164,48518000
2013-08-19,25.867053985595703,29.229999542236328,30.010000228881836,29.1200008392334,29.850000381469727,31219400
2013-08-20,26.840497970581055,30.329999923706055,30.520000457763672,29.239999771118164,29.309999465942383,44816400
2013-08-21,25.60157012939453,28.93000030517578,30.030000686645508,28.90999984741211,29.90999984741211,53748500
2013-08-22,25.990951538085938,29.3700008392334,29.889999389648438,29.06999969482422,29.399999618530273,35527500
2013-08-23,26.672359466552734,30.139999389648438,30.40999984741211,29.299999237060547,29.329999923706055,42793200
2013-08-26,26.911298751831055,30.40999984741211,30.8799991607666,30.030000686645508,30.389999389648438,34120400
2013-08-27,25.75201416015625,29.100000381469727,31.350000381469727,29.059999465942383,31.280000686645508,63019200
2013-08-28,25.04405403137207,28.299999237060547,29.959999084472656,28.1299991607666,29.40999984741211,62618100
2013-08-29,25.256446838378906,28.540000915527344,28.920000076293945,27.540000915527344,28.030000686645508,61229600
2013-08-30,24.893613815307617,28.1299991607666,28.65999984741211,27.850000381469727,28.030000686645508,40929400
2013-09-03,25.132551193237305,28.399999618530273,28.90999984741211,28.280000686645508,28.649999618530273,35970300
2013-09-04,25.291841506958008,28.579999923706055,28.579999923706055,27.8799991607666,28.049999237060547,34233800
2013-09-05,24.362646102905273,27.530000686645508,28.40999984741211,27.43000030517578,28.299999237060547,48364600
2013-09-06,24.787418365478516,28.010000228881836,28.290000915527344,27.799999237060547,27.950000762939453,31426800
2013-09-09,24.46883773803711,27.649999618530273,28.18000030517578,27.559999465942383,28.010000228881836,29911900
2013-09-10,23.513090133666992,26.56999969482422,27.1299991607666,26.450000762939453,27.09000015258789,46624300
2013-09-11,23.707780838012695,26.790000915527344,26.829999923706055,26.200000762939453,26.68000030517578,34982000
2013-09-12,22.38035774230957,25.290000915527344,26.0,25.239999771118164,25.899999618530273,64028900
2013-09-13,22.68124008178711,25.6299991607666,25.729999542236328,25.079999923706055,25.15999984741211,50205800
2013-09-16,22.468854904174805,25.389999389648438,26.030000686645508,25.3700008392334,25.780000686645508,36537700
2013-09-17,22.946725845336914,25.93000030517578,25.93000030517578,25.43000030517578,25.649999618530273,39034600
2013-09-18,24.999807357788086,28.25,28.639999389648438,25.469999313354492,25.649999618530273,114753100
2013-09-19,24.212203979492188,27.360000610351562,28.510000228881836,26.979999542236328,28.450000762939453,72377600
2013-09-20,22.796283721923828,25.760000228881836,26.920000076293945,25.549999237060547,26.90999984741211,95898100
2013-09-23,22.2741641998291,25.170000076293945,26.06999969482422,24.75,25.540000915527344,55259900
2013-09-24,22.19451904296875,25.079999923706055,25.34000015258789,24.56999969482422,24.84000015258789,41784500
2013-09-25,22.58389663696289,25.520000457763672,26.0,25.170000076293945,25.229999542236328,52931800
2013-09-26,22.2210693359375,25.110000610351562,25.780000686645508,24.799999237060547,25.530000686645508,39161000
2013-09-27,22.2741641998291,25.170000076293945,25.670000076293945,24.93000030517578,25.459999084472656,25521800
2013-09-30,22.141420364379883,25.020000457763672,25.3700008392334,24.809999465942383,24.899999618530273,28640200
2013-10-01,21.601604461669922,24.40999984741211,24.649999618530273,24.299999237060547,24.420000076293945,48633800
2013-10-02,21.672399520874023,24.489999771118164,25.06999969482422,24.469999313354492,24.649999618530273,35018800
2013-10-03,21.468862533569336,24.260000228881836,24.799999237060547,24.25,24.559999465942383,27697600
2013-10-04,21.40691566467285,24.190000534057617,24.450000762939453,24.030000686645508,24.329999923706055,24234600
2013-10-07,21.760896682739258,24.59000015258789,24.6299991607666,24.329999923706055,24.399999618530273,33627300
2013-10-08,21.079486846923828,23.81999969482422,24.639999389648438,23.600000381469727,24.56999969482422,48557000
2013-10-09,21.167978286743164,23.920000076293945,24.15999984741211,23.1299991607666,23.6200008392334,33991300
2013-10-10,20.849395751953125,23.559999465942383,24.100000381469727,23.459999084472656,23.84000015258789,36571100
2013-10-11,20.3980712890625,23.049999237060547,23.3700008392334,22.93000030517578,23.219999313354492,46747300
2013-10-14,20.451171875,23.110000610351562,23.34000015258789,22.920000076293945,23.229999542236328,22566300
2013-10-15,21.026386260986328,23.760000228881836,23.780000686645508,22.8799991607666,22.979999542236328,49631500
2013-10-16,20.601608276367188,23.280000686645508,23.68000030517578,23.219999313354492,23.639999389648438,39103400
2013-10-17,21.681251525878906,24.5,24.969999313354492,24.09000015258789,24.1299991607666,61897600
2013-10-18,21.57505226135254,24.3799991607666,24.770000457763672,24.299999237060547,24.520000457763672,23734800
2013-10-21,22.061777114868164,24.93000030517578,24.969999313354492,24.43000030517578,24.469999313354492,27070400
2013-10-22,23.026371002197266,26.020000457763672,26.1200008392334,25.43000030517578,25.5,53476300
2013-10-23,22.283016204833984,25.18000030517578,26.0,25.079999923706055,25.809999465942383,45435300
2013-10-24,23.123714447021484,26.1299991607666,26.270000457763672,25.790000915527344,25.850000381469727,56123000
2013-10-25,23.291852951049805,26.31999969482422,26.450000762939453,25.739999771118164,25.979999542236328,24939200
2013-10-28,23.486543655395508,26.540000915527344,26.90999984741211,26.06999969482422,26.389999389648438,27557200
2013-10-29,22.81398582458496,25.780000686645508,26.479999542236328,25.700000762939453,26.389999389648438,38950500
2013-10-30,23.212207794189453,26.229999542236328,26.43000030517578,25.18000030517578,26.25,42162800
2013-10-31,22.212217330932617,25.100000381469727,25.68000030517578,25.09000015258789,25.450000762939453,56234000
2013-11-01,21.3095703125,24.079999923706055,24.719999313354492,24.020000457763672,24.65999984741211,59342300
2013-11-04,21.955583572387695,24.809999465942383,24.860000610351562,24.299999237060547,24.3799991607666,36347100
2013-11-05,21.672399520874023,24.489999771118164,24.700000762939453,24.200000762939453,24.6299991607666,24843100
2013-11-06,21.93788719177246,24.790000915527344,24.899999618530273,24.639999389648438,24.739999771118164,22748600
2013-11-07,21.362668991088867,24.139999389648438,24.899999618530273,24.100000381469727,24.420000076293945,37682400
2013-11-08,21.486562728881836,24.280000686645508,24.299999237060547,23.5,23.8700008392334,40162600
2013-11-11,21.504261016845703,24.299999237060547,24.34000015258789,23.729999542236328,24.049999237060547,27788400
2013-11-12,21.044086456298828,23.780000686645508,24.31999969482422,23.65999984741211,24.049999237060547,37518000
2013-11-13,21.15912628173828,23.90999984741211,24.079999923706055,23.75,23.959999084472656,21370400
2013-11-14,21.725496292114258,24.549999237060547,24.59000015258789,24.1200008392334,24.25,48882100
2013-11-15,21.353816986083984,24.1299991607666,24.700000762939453,24.049999237060547,24.6299991607666,37580000
2013-11-18,20.94674301147461,23.670000076293945,24.1200008392334,23.579999923706055,24.079999923706055,37617300
2013-11-19,20.964439392089844,23.690000534057617,23.8799991607666,23.540000915527344,23.739999771118164,19716300
2013-11-20,20.221084594726562,22.850000381469727,23.6299991607666,22.65999984741211,23.389999389648438,62055700
2013-11-21,19.937898635864258,22.530000686645508,22.670000076293945,22.229999542236328,22.6299991607666,44479000
2013-11-22,19.69011116027832,22.25,22.850000381469727,22.25,22.6299991607666,29647700
2013-11-25,19.645864486694336,22.200000762939453,22.40999984741211,21.520000457763672,21.850000381469727,49429800
2013-11-26,19.16799545288086,21.65999984741211,22.110000610351562,21.610000610351562,21.979999542236328,35439100
2013-11-27,19.300731658935547,21.809999465942383,21.979999542236328,21.579999923706055,21.8799991607666,26314800
2013-11-29,19.716663360595703,22.280000686645508,22.399999618530273,22.030000686645508,22.110000610351562,27521400
2013-12-02,18.49542999267578,20.899999618530273,21.8799991607666,20.899999618530273,21.790000915527344,73218400
2013-12-03,18.203399658203125,20.56999969482422,21.030000686645508,20.56999969482422,20.770000457763672,39831700
2013-12-04,18.77861976623535,21.219999313354492,21.40999984741211,20.610000610351562,20.829999923706055,60397000
2013-12-05,18.291894912719727,20.670000076293945,21.040000915527344,20.559999465942383,20.6200008392334,47038600
2013-12-06,18.283042907714844,20.65999984741211,21.139999389648438,20.639999389648438,21.010000228881836,24136900
2013-12-09,18.769765853881836,21.209999084472656,21.209999084472656,20.729999542236328,20.799999237060547,46482400
2013-12-10,19.495426177978516,22.030000686645508,22.190000534057617,21.829999923706055,21.8799991607666,53807700
2013-12-11,18.752063751220703,21.190000534057617,22.010000228881836,21.18000030517578,22.010000228881836,41639900
2013-12-12,18.592777252197266,21.010000228881836,21.049999237060547,20.510000228881836,20.670000076293945,29255000
2013-12-13,18.681270599365234,21.110000610351562,21.440000534057617,21.020000457763672,21.239999771118164,27341400
2013-12-16,18.920207977294922,21.3799991607666,21.56999969482422,21.079999923706055,21.25,30996800
2013-12-17,18.752063751220703,21.190000534057617,21.350000381469727,21.0,21.15999984741211,25799700
2013-12-18,18.460037231445312,20.860000610351562,21.670000076293945,20.81999969482422,21.309999465942383,51982900
2013-12-19,18.141454696655273,20.5,20.6299991607666,20.3700008392334,20.450000762939453,34844500
2013-12-20,18.168004989624023,20.530000686645508,20.790000915527344,20.510000228881836,20.639999389648438,26982400
2013-12-23,18.21355628967285,20.389999389648438,20.440000534057617,20.239999771118164,20.329999923706055,18645900
2013-12-24,18.78524398803711,21.030000686645508,21.040000915527344,20.420000076293945,20.420000076293945,34891900
2013-12-26,18.80310821533203,21.049999237060547,21.399999618530273,20.899999618530273,21.270000457763672,18396900
2013-12-27,18.981761932373047,21.25,21.25,20.989999771118164,21.200000762939453,20863900
2013-12-30,18.43686866760254,20.639999389648438,21.170000076293945,20.6299991607666,21.040000915527344,41975200
2013-12-31,18.874570846557617,21.1299991607666,21.25,20.520000457763672,20.530000686645508,45942200
2014-01-02,19.678504943847656,22.030000686645508,22.09000015258789,21.56999969482422,21.59000015258789,50923300
2014-01-03,19.49985122680664,21.829999923706055,22.219999313354492,21.809999465942383,22.139999389648438,24075200
2014-01-06,19.58917808532715,21.93000030517578,22.239999771118164,21.8799991607666,21.989999771118164,27905100
2014-01-07,19.624908447265625,21.969999313354492,21.989999771118164,21.540000915527344,21.700000762939453,20746000
2014-01-08,19.303333282470703,21.610000610351562,21.799999237060547,21.489999771118164,21.65999984741211,32699500
2014-01-09,18.99962615966797,21.270000457763672,21.59000015258789,21.260000228881836,21.56999969482422,26816900
2014-01-10,19.6606388092041,22.010000228881836,22.059999465942383,21.579999923706055,21.670000076293945,48807100
2014-01-13,20.232322692871094,22.649999618530273,22.670000076293945,21.8799991607666,22.059999465942383,40953500
2014-01-14,19.74103546142578,22.100000381469727,22.790000915527344,22.049999237060547,22.469999313354492,44762000
2014-01-15,20.00007438659668,22.389999389648438,22.420000076293945,21.8700008392334,21.950000762939453,25062000
2014-01-16,20.20552635192871,22.6200008392334,22.700000762939453,22.40999984741211,22.579999923706055,17849900
2014-01-17,20.839738845825195,23.329999923706055,23.3799991607666,22.850000381469727,22.899999618530273,39755700
2014-01-21,21.170246124267578,23.700000762939453,23.809999465942383,22.93000030517578,23.049999237060547,36615000
2014-01-22,20.6253604888916,23.09000015258789,23.549999237060547,22.979999542236328,23.549999237060547,36751100
2014-01-23,21.1881103515625,23.719999313354492,24.0,23.530000686645508,23.540000915527344,45871700
2014-01-24,21.143449783325195,23.670000076293945,24.190000534057617,23.1200008392334,24.010000228881836,35768500
2014-01-27,20.446704864501953,22.889999389648438,23.59000015258789,22.8700008392334,23.520000457763672,39306300
2014-01-28,20.902265548706055,23.399999618530273,23.510000228881836,22.809999465942383,23.020000457763672,35800200
2014-01-29,21.447158813476562,24.010000228881836,24.049999237060547,23.350000381469727,23.760000228881836,45294600
2014-01-30,20.98265838623047,23.489999771118164,23.6200008392334,23.25,23.309999465942383,39061500
2014-01-31,20.97372817993164,23.479999542236328,23.760000228881836,23.170000076293945,23.739999771118164,28864000
2014-02-03,20.812938690185547,23.299999237060547,24.0,23.299999237060547,23.690000534057617,29233300
2014-02-04,21.071989059448242,23.59000015258789,23.600000381469727,23.15999984741211,23.209999084472656,25405500
2014-02-05,20.73255157470703,23.209999084472656,23.81999969482422,23.190000534057617,23.790000915527344,26263800
2014-02-06,20.714689254760742,23.190000534057617,23.469999313354492,23.06999969482422,23.3799991607666,17131300
2014-02-07,21.357830047607422,23.90999984741211,23.940000534057617,23.219999313354492,23.229999542236328,41599600
2014-02-10,22.063507080078125,24.700000762939453,24.780000686645508,24.229999542236328,24.229999542236328,46083500
2014-02-11,22.912099838256836,25.649999618530273,25.760000228881836,24.93000030517578,24.989999771118164,60141000
2014-02-12,22.126033782958984,24.770000457763672,25.649999618530273,24.719999313354492,25.6299991607666,58448600
2014-02-13,23.108619689941406,25.8700008392334,25.889999389648438,24.729999542236328,24.829999923706055,59204100
2014-02-14,23.53738784790039,26.350000381469727,26.68000030517578,26.049999237060547,26.420000076293945,52546300
2014-02-18,23.63564109802246,26.459999084472656,26.600000381469727,26.09000015258789,26.56999969482422,30546700
2014-02-19,22.894235610961914,25.6299991607666,26.559999465942383,25.559999465942383,26.280000686645508,49689800
2014-02-20,23.823225021362305,26.670000076293945,26.760000228881836,25.719999313354492,25.790000915527344,48798000
2014-02-21,23.69817352294922,26.530000686645508,26.850000381469727,26.25,26.709999084472656,38899700
2014-02-24,23.850025177001953,26.700000762939453,26.959999084472656,26.690000534057617,26.899999618530273,26237700
2014-02-25,23.519515991210938,26.329999923706055,26.799999237060547,26.299999237060547,26.670000076293945,33248100
2014-02-26,23.269407272338867,26.049999237060547,26.299999237060547,25.780000686645508,26.100000381469727,37403200
2014-02-27,23.19794273376465,25.969999313354492,26.469999313354492,25.90999984741211,26.139999389648438,24135500
2014-02-28,23.1175479888916,25.8799991607666,26.170000076293945,25.75,26.079999923706055,26854600
2014-03-03,23.492721557617188,26.299999237060547,26.739999771118164,26.219999313354492,26.670000076293945,38957700
2014-03-04,23.314067840576172,26.100000381469727,26.280000686645508,25.829999923706055,25.959999084472656,21126300
2014-03-05,23.67137336730957,26.5,26.520000457763672,26.010000228881836,26.149999618530273,24839500
2014-03-06,23.930416107177734,26.790000915527344,26.8700008392334,26.549999237060547,26.700000762939453,30022900
2014-03-07,23.385530471801758,26.18000030517578,26.3799991607666,26.049999237060547,26.360000610351562,41153600
2014-03-10,23.19794273376465,25.969999313354492,26.270000457763672,25.860000610351562,26.18000030517578,22459800
2014-03-11,23.340866088867188,26.1299991607666,26.329999923706055,25.940000534057617,26.260000228881836,40182800
2014-03-12,24.046539306640625,26.920000076293945,26.940000534057617,26.440000534057617,26.549999237060547,48251500
2014-03-13,24.680757522583008,27.6299991607666,27.639999389648438,26.760000228881836,26.850000381469727,51290800
2014-03-14,24.77008056640625,27.729999542236328,28.030000686645508,27.420000076293945,27.969999313354492,33467300
2014-03-17,23.939350128173828,26.799999237060547,27.6200008392334,26.799999237060547,27.549999237060547,57393200
2014-03-18,23.608840942382812,26.43000030517578,26.8700008392334,26.260000228881836,26.420000076293945,35900800
2014-03-19,22.72451400756836,25.440000534057617,26.329999923706055,25.420000076293945,26.219999313354492,59004800
2014-03-20,22.751312255859375,25.469999313354492,25.790000915527344,25.15999984741211,25.219999313354492,30817600
2014-03-21,22.79598045349121,25.520000457763672,25.940000534057617,25.280000686645508,25.850000381469727,23183300
2014-03-24,21.732999801635742,24.329999923706055,25.219999313354492,24.290000915527344,25.110000610351562,60563300
2014-03-25,21.866987228393555,24.479999542236328,24.75,24.360000610351562,24.549999237060547,40283600
2014-03-26,20.98265838623047,23.489999771118164,24.6200008392334,23.479999542236328,24.5,60261900
2014-03-27,21.277441024780273,23.81999969482422,23.889999389648438,23.270000457763672,23.459999084472656,38461400
2014-03-28,21.52754783630371,24.100000381469727,24.350000381469727,23.510000228881836,23.700000762939453,46141600
2014-03-31,21.089853286743164,23.610000610351562,24.170000076293945,23.440000534057617,23.959999084472656,45688600
2014-04-01,21.161314010620117,23.690000534057617,23.8799991607666,23.5,23.719999313354492,19095400
2014-04-02,21.724063873291016,24.31999969482422,24.489999771118164,24.079999923706055,24.100000381469727,50757600
2014-04-03,21.500751495361328,24.06999969482422,24.1299991607666,23.799999237060547,24.100000381469727,29477700
2014-04-04,21.670473098754883,24.260000228881836,24.65999984741211,24.139999389648438,24.6299991607666,30183500
2014-04-07,21.670473098754883,24.260000228881836,24.639999389648438,24.059999465942383,24.18000030517578,26017500
2014-04-08,22.224288940429688,24.8799991607666,24.93000030517578,24.489999771118164,24.68000030517578,35477500
2014-04-09,22.394012451171875,25.06999969482422,25.34000015258789,24.5,24.600000381469727,28068600
2014-04-10,21.9473819732666,24.56999969482422,25.299999237060547,24.530000686645508,25.239999771118164,33824400
2014-04-11,21.634740829467773,24.219999313354492,24.799999237060547,24.1299991607666,24.639999389648438,25661000
2014-04-14,21.90271759033203,24.520000457763672,24.829999923706055,24.3799991607666,24.56999969482422,26719400
2014-04-15,21.456092834472656,24.020000457763672,24.06999969482422,23.530000686645508,23.829999923706055,40829300
2014-04-16,21.259571075439453,23.799999237060547,24.079999923706055,23.670000076293945,24.040000915527344,24011100
2014-04-17,21.054121017456055,23.56999969482422,23.959999084472656,23.540000915527344,23.799999237060547,19332100
2014-04-21,21.000526428222656,23.510000228881836,23.739999771118164,23.040000915527344,23.579999923706055,33215100
2014-04-22,21.250638961791992,23.790000915527344,23.81999969482422,23.329999923706055,23.540000915527344,21896000
2014-04-23,21.679405212402344,24.270000457763672,24.469999313354492,23.770000457763672,23.829999923706055,44932000
2014-04-24,21.384628295898438,23.940000534057617,24.360000610351562,23.84000015258789,23.950000762939453,29250600
2014-04-25,21.849123001098633,24.459999084472656,24.479999542236328,24.030000686645508,24.1299991607666,32620000
2014-04-28,21.429290771484375,23.989999771118164,24.34000015258789,23.8799991607666,24.309999465942383,28567200
2014-04-29,21.715133666992188,24.309999465942383,24.450000762939453,23.920000076293945,23.93000030517578,25448500
2014-04-30,21.536483764648438,24.110000610351562,24.34000015258789,23.93000030517578,24.049999237060547,19155500
2014-05-01,21.250638961791992,23.790000915527344,24.010000228881836,23.729999542236328,23.850000381469727,21062200
2014-05-02,21.724063873291016,24.31999969482422,24.389999389648438,23.809999465942383,23.920000076293945,30655700
2014-05-05,21.804460525512695,24.40999984741211,24.670000076293945,24.290000915527344,24.600000381469727,13954400
2014-05-06,21.688339233398438,24.280000686645508,24.440000534057617,24.25,24.43000030517578,8793200
2014-05-07,21.268503189086914,23.809999465942383,24.209999084472656,23.6200008392334,24.200000762939453,34352300
2014-05-08,21.232772827148438,23.770000457763672,23.989999771118164,23.719999313354492,23.81999969482422,13305600
2014-05-09,21.197044372558594,23.729999542236328,23.950000762939453,23.520000457763672,23.850000381469727,10691700
2014-05-12,21.375696182250977,23.93000030517578,24.1200008392334,23.850000381469727,24.010000228881836,16204900
2014-05-13,21.214908599853516,23.75,24.100000381469727,23.739999771118164,23.93000030517578,12505800
2014-05-14,21.447158813476562,24.010000228881836,24.1299991607666,23.959999084472656,24.040000915527344,16749000
2014-05-15,21.098785400390625,23.6200008392334,23.940000534057617,23.510000228881836,23.809999465942383,26428900
2014-05-16,20.920133590698242,23.420000076293945,23.579999923706055,23.329999923706055,23.479999542236328,14762700
2014-05-19,20.91120147705078,23.40999984741211,23.649999618530273,23.270000457763672,23.6200008392334,11015300
2014-05-20,20.893333435058594,23.389999389648438,23.520000457763672,23.260000228881836,23.280000686645508,9777000
2014-05-21,20.94693374633789,23.450000762939453,23.489999771118164,23.219999313354492,23.280000686645508,11669100
2014-05-22,20.893333435058594,23.389999389648438,23.639999389648438,23.389999389648438,23.6299991607666,10736700
2014-05-23,20.82187271118164,23.309999465942383,23.5,23.299999237060547,23.420000076293945,8163800
2014-05-27,20.017942428588867,22.40999984741211,23.020000457763672,22.40999984741211,23.0,42767100
2014-05-28,19.687437057495117,22.040000915527344,22.420000076293945,21.93000030517578,22.329999923706055,38713400
2014-05-29,19.8660888671875,22.239999771118164,22.459999084472656,21.93000030517578,21.959999084472656,20726800
2014-05-30,20.09833526611328,22.5,22.5,21.940000534057617,22.139999389648438,28665000
2014-06-02,19.910749435424805,22.290000915527344,22.540000915527344,22.149999618530273,22.31999969482422,21540300
2014-06-03,19.98221206665039,22.3700008392334,22.420000076293945,22.0,22.290000915527344,17797700
2014-06-04,19.901819229125977,22.280000686645508,22.43000030517578,22.229999542236328,22.399999618530273,16684600
2014-06-05,20.232322692871094,22.649999618530273,22.790000915527344,22.420000076293945,22.5,23394100
2014-06-06,20.223392486572266,22.639999389648438,22.68000030517578,22.34000015258789,22.639999389648438,16146600
2014-06-09,20.142995834350586,22.549999237060547,22.780000686645508,22.530000686645508,22.639999389648438,9406200
2014-06-10,20.571762084960938,23.030000686645508,23.040000915527344,22.649999618530273,22.670000076293945,23569000
2014-06-11,20.91120147705078,23.40999984741211,23.40999984741211,23.059999465942383,23.1200008392334,26206500
2014-06-12,21.465023040771484,24.030000686645508,24.040000915527344,23.459999084472656,23.489999771118164,36108300
2014-06-13,21.536483764648438,24.110000610351562,24.1200008392334,23.690000534057617,23.979999542236328,27970100
2014-06-16,21.42035675048828,23.979999542236328,24.270000457763672,23.920000076293945,24.200000762939453,26461100
2014-06-17,21.5454158782959,24.1200008392334,24.15999984741211,23.68000030517578,23.760000228881836,18753900
2014-06-18,22.11709976196289,24.760000228881836,24.780000686645508,24.030000686645508,24.100000381469727,37017800
2014-06-19,23.305133819580078,26.09000015258789,26.100000381469727,25.139999389648438,25.170000076293945,79263400
2014-06-20,23.06395721435547,25.81999969482422,26.059999465942383,25.6299991607666,25.889999389648438,39255700
2014-06-23,23.46592140197754,26.270000457763672,26.309999465942383,25.719999313354492,25.8799991607666,29849300
2014-06-24,22.751312255859375,25.469999313354492,26.530000686645508,25.469999313354492,26.389999389648438,47793000
2014-06-25,23.010358810424805,25.760000228881836,25.969999313354492,25.450000762939453,25.469999313354492,26661400
2014-06-26,23.180082321166992,25.950000762939453,25.989999771118164,25.43000030517578,25.579999923706055,24494300
2014-06-27,23.206876754760742,25.979999542236328,26.149999618530273,25.709999084472656,25.940000534057617,18777600
2014-06-30,23.626710891723633,26.450000762939453,26.530000686645508,25.649999618530273,25.780000686645508,33266100
2014-07-01,23.439125061035156,26.239999771118164,26.649999618530273,26.149999618530273,26.5,37682400
2014-07-02,23.65350914001465,26.479999542236328,26.690000534057617,26.209999084472656,26.209999084472656,47776900
2014-07-03,23.67137336730957,26.5,26.5,25.940000534057617,26.200000762939453,24026700
2014-07-07,23.260473251342773,26.040000915527344,26.270000457763672,26.0,26.200000762939453,27758400
2014-07-08,23.63564109802246,26.459999084472656,26.469999313354492,25.889999389648438,26.31999969482422,39251800
2014-07-09,24.251991271972656,27.149999618530273,27.239999771118164,26.59000015258789,26.6200008392334,45722200
2014-07-10,23.769628524780273,26.610000610351562,27.780000686645508,26.59000015258789,27.610000610351562,56464800
2014-07-11,24.403846740722656,27.31999969482422,27.3799991607666,26.700000762939453,26.739999771118164,44288000
2014-07-14,23.760700225830078,26.600000381469727,26.93000030517578,26.43000030517578,26.520000457763672,50884100
2014-07-15,23.028226852416992,25.780000686645508,26.889999389648438,25.75,26.690000534057617,57239800
2014-07-16,23.474853515625,26.280000686645508,26.469999313354492,25.959999084472656,25.989999771118164,35776800
2014-07-17,24.109067916870117,26.989999771118164,27.059999465942383,26.34000015258789,26.399999618530273,49433900
2014-07-18,24.064403533935547,26.940000534057617,26.969999313354492,26.459999084472656,26.68000030517578,29638500
2014-07-21,24.028676986694336,26.899999618530273,27.059999465942383,26.510000228881836,27.049999237060547,20045600
2014-07-22,23.75176239013672,26.59000015258789,26.899999618530273,26.520000457763672,26.799999237060547,24406300
2014-07-23,23.662443161010742,26.489999771118164,26.860000610351562,26.469999313354492,26.579999923706055,20042200
2014-07-24,23.296205520629883,26.079999923706055,26.329999923706055,25.950000762939453,26.309999465942383,32711300
2014-07-25,23.95721435546875,26.81999969482422,26.829999923706055,26.040000915527344,26.100000381469727,37295300
2014-07-28,24.109067916870117,26.989999771118164,27.0,26.56999969482422,26.639999389648438,16168400
2014-07-29,23.90361976623535,26.760000228881836,27.1200008392334,26.65999984741211,27.030000686645508,22239100
2014-07-30,23.644573211669922,26.469999313354492,26.65999984741211,26.200000762939453,26.649999618530273,32753900
2014-07-31,23.144350051879883,25.90999984741211,26.309999465942383,25.84000015258789,26.219999313354492,33849300
2014-08-01,23.403396606445312,26.200000762939453,27.520000457763672,25.93000030517578,26.219999313354492,30954500
2014-08-04,23.180082321166992,25.950000762939453,26.260000228881836,25.729999542236328,26.139999389648438,24726000
2014-08-05,23.314067840576172,26.100000381469727,26.219999313354492,25.59000015258789,25.850000381469727,25597200
2014-08-06,23.841089248657227,26.690000534057617,26.790000915527344,26.479999542236328,26.530000686645508,38162200
2014-08-07,23.90361976623535,26.760000228881836,26.889999389648438,26.3799991607666,26.56999969482422,17953800
2014-08-08,23.921485900878906,26.780000686645508,27.079999923706055,26.6299991607666,26.809999465942383,13860400
2014-08-11,24.091203689575195,26.969999313354492,26.969999313354492,26.639999389648438,26.649999618530273,13519500
2014-08-12,24.502107620239258,27.43000030517578,27.56999969482422,27.06999969482422,27.1200008392334,31400400
2014-08-13,24.475305557250977,27.399999618530273,27.6299991607666,27.270000457763672,27.459999084472656,16989400
2014-08-14,24.2341251373291,27.1299991607666,27.579999923706055,26.969999313354492,27.399999618530273,27201700
2014-08-15,23.95721435546875,26.81999969482422,27.040000915527344,26.579999923706055,26.649999618530273,29043500
2014-08-18,24.109067916870117,26.989999771118164,27.0,26.59000015258789,26.690000534057617,16707000
2014-08-19,23.841089248657227,26.690000534057617,27.040000915527344,26.639999389648438,26.950000762939453,20323300
2014-08-20,23.81429100036621,26.65999984741211,26.979999542236328,26.549999237060547,26.739999771118164,15985200
2014-08-21,23.28727149963379,26.06999969482422,26.350000381469727,25.93000030517578,26.299999237060547,47056300
2014-08-22,23.314067840576172,26.100000381469727,26.229999542236328,25.8700008392334,26.1299991607666,15593600
2014-08-25,22.885303497314453,25.6200008392334,26.020000457763672,25.610000610351562,26.020000457763672,25534700
2014-08-26,23.39446258544922,26.190000534057617,26.239999771118164,25.889999389648438,26.0,31613500
2014-08-27,23.323001861572266,26.110000610351562,26.329999923706055,26.06999969482422,26.200000762939453,12577500
2014-08-28,23.63564109802246,26.459999084472656,26.489999771118164,26.270000457763672,26.40999984741211,18631500
2014-08-29,23.841089248657227,26.690000534057617,26.739999771118164,26.290000915527344,26.3700008392334,16430600
2014-09-02,23.055023193359375,25.809999465942383,26.200000762939453,25.770000457763672,26.15999984741211,45629200
2014-09-03,23.028226852416992,25.780000686645508,26.0,25.760000228881836,25.90999984741211,18809800
2014-09-04,22.224288940429688,24.8799991607666,25.969999313354492,24.799999237060547,25.899999618530273,48013800
2014-09-05,22.394012451171875,25.06999969482422,25.100000381469727,24.65999984741211,25.010000228881836,29706700
2014-09-08,21.607946395874023,24.190000534057617,24.920000076293945,24.149999618530273,24.899999618530273,44416600
2014-09-09,21.93844985961914,24.559999465942383,24.639999389648438,24.030000686645508,24.209999084472656,29675800
2014-09-10,21.52754783630371,24.100000381469727,24.459999084472656,23.959999084472656,24.290000915527344,33863700
2014-09-11,21.679405212402344,24.270000457763672,24.329999923706055,23.770000457763672,23.920000076293945,29420500
2014-09-12,21.331031799316406,23.8799991607666,24.200000762939453,23.790000915527344,24.030000686645508,32381700
2014-09-15,21.357830047607422,23.90999984741211,24.040000915527344,23.75,24.010000228881836,20102500
2014-09-16,21.438220977783203,24.0,24.25,23.670000076293945,23.90999984741211,27000500
2014-09-17,20.92906379699707,23.43000030517578,24.079999923706055,23.389999389648438,24.020000457763672,41435400
2014-09-18,20.66108512878418,23.1299991607666,23.459999084472656,23.079999923706055,23.350000381469727,35030900
2014-09-19,20.241256713867188,22.65999984741211,23.1299991607666,22.489999771118164,23.100000381469727,51690900
2014-09-22,19.812496185302734,22.18000030517578,22.540000915527344,22.020000457763672,22.530000686645508,41175500
2014-09-23,20.13406753540039,22.540000915527344,22.65999984741211,22.239999771118164,22.5,34631500
2014-09-24,19.83928871154785,22.209999084472656,22.59000015258789,22.18000030517578,22.3700008392334,29477400
2014-09-25,19.964345932006836,22.350000381469727,22.3700008392334,21.850000381469727,21.989999771118164,35894800
2014-09-26,19.633840560913086,21.979999542236328,22.229999542236328,21.920000076293945,22.200000762939453,30222900
2014-09-29,19.428390502929688,21.75,22.170000076293945,21.739999771118164,22.1200008392334,22893400
2014-09-30,19.080020904541016,21.360000610351562,21.8700008392334,21.290000915527344,21.690000534057617,44049300
2014-10-01,19.11574935913086,21.399999618530273,21.84000015258789,21.389999389648438,21.479999542236328,32615000
2014-10-02,19.31226921081543,21.6200008392334,21.700000762939453,21.229999542236328,21.559999465942383,30790500
2014-10-03,18.427940368652344,20.6299991607666,21.25,20.6299991607666,21.25,72263700
2014-10-06,18.901365280151367,21.15999984741211,21.229999542236328,20.739999771118164,20.899999618530273,43922100
2014-10-07,18.240354537963867,20.420000076293945,21.280000686645508,20.40999984741211,21.219999313354492,59344300
2014-10-08,19.59811019897461,21.940000534057617,22.15999984741211,20.110000610351562,20.670000076293945,114256600
2014-10-09,18.954965591430664,21.219999313354492,21.920000076293945,20.719999313354492,21.899999618530273,77681600
2014-10-10,18.552993774414062,20.770000457763672,21.610000610351562,20.670000076293945,21.1299991607666,52079000
2014-10-13,18.865636825561523,21.1200008392334,21.760000228881836,21.010000228881836,21.1299991607666,45807100
2014-10-14,19.08894920349121,21.3700008392334,21.75,21.229999542236328,21.280000686645508,36062500
2014-10-15,19.160409927368164,21.450000762939453,21.93000030517578,21.200000762939453,21.510000228881836,36039100
2014-10-16,19.080020904541016,21.360000610351562,21.770000457763672,21.229999542236328,21.309999465942383,28753500
2014-10-17,18.481534957885742,20.690000534057617,21.440000534057617,20.690000534057617,21.40999984741211,54513000
2014-10-20,18.937101364135742,21.200000762939453,21.229999542236328,20.799999237060547,20.950000762939453,32998700
2014-10-21,18.8477725982666,21.100000381469727,21.579999923706055,21.020000457763672,21.43000030517578,21702100
2014-10-22,18.25821876525879,20.440000534057617,21.059999465942383,20.420000076293945,20.969999313354492,40030800
2014-10-23,18.36541175842285,20.559999465942383,20.719999313354492,20.049999237060547,20.25,36274300
2014-10-24,18.285017013549805,20.469999313354492,20.639999389648438,20.270000457763672,20.530000686645508,16302400
2014-10-27,17.963443756103516,20.110000610351562,20.399999618530273,20.09000015258789,20.350000381469727,28523200
2014-10-28,18.3386173248291,20.530000686645508,20.540000915527344,20.100000381469727,20.290000915527344,32700000
2014-10-29,17.543611526489258,19.639999389648438,20.530000686645508,19.56999969482422,20.290000915527344,68045200
2014-10-30,16.257322311401367,18.200000762939453,19.450000762939453,18.15999984741211,19.43000030517578,113088500
2014-10-31,15.372992515563965,17.209999084472656,17.790000915527344,16.889999389648438,17.329999923706055,103841400
2014-11-03,15.998273849487305,17.90999984741211,18.0,17.25,17.440000534057617,74222500
2014-11-04,15.372992515563965,17.209999084472656,17.81999969482422,17.1299991607666,17.790000915527344,67537600
2014-11-05,14.819173812866211,16.59000015258789,17.34000015258789,16.450000762939453,16.68000030517578,86227300
2014-11-06,15.372992515563965,17.209999084472656,17.690000534057617,16.850000381469727,16.899999618530273,103000000
2014-11-07,16.650354385375977,18.639999389648438,18.690000534057617,17.540000915527344,17.559999465942383,136476900
2014-11-10,15.587376594543457,17.450000762939453,18.31999969482422,17.309999465942383,18.31999969482422,111605600
2014-11-11,16.275184631347656,18.219999313354492,18.549999237060547,17.729999542236328,17.770000457763672,86722200
2014-11-12,16.293048858642578,18.239999771118164,18.700000762939453,17.790000915527344,18.43000030517578,46634200
2014-11-13,16.025075912475586,17.940000534057617,18.530000686645508,17.809999465942383,18.459999084472656,56202100
2014-11-14,16.989791870117188,19.020000457763672,19.18000030517578,17.540000915527344,17.639999389648438,110737700
2014-11-17,17.320297241210938,19.389999389648438,19.510000228881836,18.65999984741211,18.850000381469727,58658900
2014-11-18,18.13316535949707,20.299999237060547,20.3799991607666,19.56999969482422,19.719999313354492,79925400
2014-11-19,17.141643524169922,19.190000534057617,20.260000228881836,19.1200008392334,20.229999542236328,120991200
2014-11-20,17.606142044067383,19.709999084472656,19.93000030517578,19.360000610351562,19.65999984741211,58492700
2014-11-21,17.75799560546875,19.8799991607666,20.290000915527344,19.56999969482422,20.229999542236328,45995700
2014-11-24,17.498947143554688,19.59000015258789,19.950000762939453,19.43000030517578,19.770000457763672,40827500
2014-11-25,18.21355628967285,20.389999389648438,20.420000076293945,19.6200008392334,19.649999618530273,72984400
2014-11-26,17.954513549804688,20.100000381469727,20.350000381469727,20.040000915527344,20.329999923706055,36643000
2014-11-28,16.40024185180664,18.360000610351562,19.280000686645508,18.09000015258789,19.270000457763672,113272100
2014-12-01,17.615074157714844,19.719999313354492,19.860000610351562,18.84000015258789,18.950000762939453,87972600
2014-12-02,17.150577545166016,19.200000762939453,19.65999984741211,18.90999984741211,19.079999923706055,58668500
2014-12-03,17.195240020751953,19.25,19.969999313354492,17.719999313354492,19.5,52488100
2014-12-04,17.150577545166016,19.200000762939453,19.8700008392334,19.18000030517578,19.649999618530273,49542400
2014-12-05,16.748611450195312,18.75,19.110000610351562,18.649999618530273,18.850000381469727,46715200
2014-12-08,16.873666763305664,18.889999389648438,19.25,18.270000457763672,19.020000457763672,52915800
2014-12-09,17.65973663330078,19.770000457763672,20.170000076293945,19.43000030517578,19.520000457763672,78927800
2014-12-10,17.159507751464844,19.209999084472656,20.209999084472656,19.209999084472656,19.760000228881836,61161000
2014-12-11,16.971927642822266,19.0,19.639999389648438,18.860000610351562,18.979999542236328,41317400
2014-12-12,16.659284591674805,18.649999618530273,19.149999618530273,18.56999969482422,18.950000762939453,43489900
2014-12-15,15.489118576049805,17.34000015258789,18.719999313354492,17.31999969482422,18.360000610351562,90290400
2014-12-16,15.274734497070312,17.100000381469727,18.0,17.079999923706055,17.90999984741211,64026200
2014-12-17,16.060800552368164,17.979999542236328,18.100000381469727,17.15999984741211,17.280000686645508,90028100
2014-12-18,16.757543563842773,18.760000228881836,18.850000381469727,18.06999969482422,18.40999984741211,62391200
2014-12-19,16.552091598510742,18.530000686645508,19.030000686645508,18.530000686645508,18.719999313354492,46674500
2014-12-22,15.698822021484375,17.459999084472656,18.5,17.360000610351562,18.399999618530273,73948700
2014-12-23,15.554957389831543,17.299999237060547,18.06999969482422,17.209999084472656,17.5,41643500
2014-12-24,15.97755241394043,17.770000457763672,17.959999084472656,17.15999984741211,17.350000381469727,40803300
2014-12-26,16.4001407623291,18.239999771118164,18.479999542236328,18.040000915527344,18.350000381469727,39305800
2014-12-29,16.022506713867188,17.81999969482422,18.190000534057617,17.75,18.170000076293945,39723400
2014-12-30,16.588958740234375,18.450000762939453,18.709999084472656,18.149999618530273,18.170000076293945,61264100
2014-12-31,16.526020050048828,18.3799991607666,18.600000381469727,18.049999237060547,18.270000457763672,29107600
2015-01-02,17.029531478881836,18.940000534057617,18.950000762939453,17.950000762939453,18.06999969482422,47287400
2015-01-05,17.47909927368164,19.440000534057617,19.469999313354492,18.760000228881836,19.059999465942383,46021100
2015-01-06,18.405200958251953,20.469999313354492,20.690000534057617,19.540000915527344,19.6299991607666,76091200
2015-01-07,18.06353187561035,20.09000015258789,20.670000076293945,19.81999969482422,20.010000228881836,45809700
2015-01-08,17.793794631958008,19.790000915527344,20.56999969482422,19.610000610351562,20.229999542236328,46813900
2015-01-09,18.62099266052246,20.709999084472656,20.729999542236328,20.1299991607666,20.1299991607666,56339000
2015-01-12,19.322317123413086,21.489999771118164,21.760000228881836,20.780000686645508,20.889999389648438,62924400
2015-01-13,18.47713279724121,20.549999237060547,21.889999389648438,20.309999465942383,21.8700008392334,75387000
2015-01-14,18.26133918762207,20.309999465942383,21.1200008392334,19.8799991607666,21.09000015258789,64255900
2015-01-15,19.313323974609375,21.479999542236328,21.649999618530273,21.059999465942383,21.190000534057617,84358300
2015-01-16,19.924732208251953,22.15999984741211,22.329999923706055,21.68000030517578,21.709999084472656,68948500
2015-01-20,20.626054763793945,22.940000534057617,23.09000015258789,22.600000381469727,22.670000076293945,73781200
2015-01-21,20.26640510559082,22.540000915527344,23.219999313354492,22.100000381469727,23.200000762939453,60199000
2015-01-22,20.158506393432617,22.420000076293945,22.950000762939453,22.31999969482422,22.81999969482422,37732400
2015-01-23,19.547100067138672,21.739999771118164,22.309999465942383,21.6200008392334,22.219999313354492,51411300
2015-01-26,19.915742874145508,22.149999618530273,22.15999984741211,21.1299991607666,21.3700008392334,38330300
2015-01-27,20.572105407714844,22.8799991607666,22.93000030517578,22.309999465942383,22.360000610351562,52575300
2015-01-28,19.7539005279541,21.969999313354492,22.719999313354492,21.729999542236328,22.510000228881836,69658600
2015-01-29,19.412227630615234,21.59000015258789,21.739999771118164,21.079999923706055,21.420000076293945,48279300
2015-01-30,20.0416202545166,22.290000915527344,22.329999923706055,21.299999237060547,21.670000076293945,51653100
2015-02-02,20.185482025146484,22.450000762939453,22.68000030517578,21.799999237060547,21.829999923706055,41388300
2015-02-03,19.66398811340332,21.8700008392334,22.43000030517578,21.709999084472656,22.15999984741211,52864500
2015-02-04,20.023635864257812,22.270000457763672,22.5,21.8799991607666,22.149999618530273,37901100
2015-02-05,20.302366256713867,22.579999923706055,22.59000015258789,22.0,22.1299991607666,26392000
2015-02-06,19.178455352783203,21.329999923706055,21.969999313354492,21.309999465942383,21.75,83701900
2015-02-09,19.50214195251465,21.690000534057617,21.860000610351562,21.520000457763672,21.530000686645508,31117400
2015-02-10,19.133499145507812,21.280000686645508,21.489999771118164,21.1299991607666,21.440000534057617,35880700
2015-02-11,18.7558650970459,20.860000610351562,21.399999618530273,20.81999969482422,21.350000381469727,37436200
2015-02-12,19.016611099243164,21.149999618530273,21.270000457763672,20.889999389648438,21.110000610351562,36041000
2015-02-13,19.115516662597656,21.260000228881836,21.559999465942383,21.200000762939453,21.299999237060547,20499400
2015-02-17,18.495115280151367,20.56999969482422,20.90999984741211,20.5,20.739999771118164,47904200
2015-02-18,18.917707443237305,21.040000915527344,21.15999984741211,20.3700008392334,20.600000381469727,62464800
2015-02-19,18.468143463134766,20.540000915527344,21.1200008392334,20.420000076293945,21.059999465942383,44351800
2015-02-20,18.387222290039062,20.450000762939453,20.93000030517578,20.420000076293945,20.649999618530273,28204700
2015-02-23,18.468143463134766,20.540000915527344,20.739999771118164,20.209999084472656,20.329999923706055,29428700
2015-02-24,18.360244750976562,20.420000076293945,20.639999389648438,20.209999084472656,20.329999923706055,27003500
2015-02-25,18.69292449951172,20.790000915527344,20.950000762939453,20.549999237060547,20.6200008392334,42515900
2015-02-26,18.84577751159668,20.959999084472656,21.149999618530273,20.889999389648438,21.1200008392334,23794700
2015-02-27,19.133499145507812,21.280000686645508,21.479999542236328,21.110000610351562,21.170000076293945,33900100
2015-03-02,18.665950775146484,20.760000228881836,21.350000381469727,20.639999389648438,21.309999465942383,51326400
2015-03-03,18.32427978515625,20.3799991607666,21.049999237060547,20.290000915527344,20.84000015258789,36239400
2015-03-04,18.018577575683594,20.040000915527344,20.450000762939453,19.989999771118164,20.43000030517578,34871100
2015-03-05,18.054540634155273,20.079999923706055,20.3799991607666,19.940000534057617,20.200000762939453,19225600
2015-03-06,16.70584487915039,18.579999923706055,19.479999542236328,18.510000228881836,19.479999542236328,106781600
2015-03-09,16.10342788696289,17.90999984741211,18.809999465942383,17.90999984741211,18.75,66267700
2015-03-10,15.887639045715332,17.670000076293945,18.25,17.479999542236328,17.950000762939453,57613900
2015-03-11,16.364179611206055,18.200000762939453,18.260000228881836,17.290000915527344,17.700000762939453,72568600
2015-03-12,16.247291564941406,18.06999969482422,18.420000076293945,17.8700008392334,18.329999923706055,50202100
2015-03-13,16.247291564941406,18.06999969482422,18.170000076293945,17.559999465942383,18.15999984741211,38433500
2015-03-16,16.283254623413086,18.110000610351562,18.280000686645508,17.75,18.1200008392334,28041200
2015-03-17,16.12141227722168,17.93000030517578,18.299999237060547,17.75,17.850000381469727,41382000
2015-03-18,16.939619064331055,18.84000015258789,18.8799991607666,17.709999084472656,17.8799991607666,83455800
2015-03-19,16.822731018066406,18.709999084472656,18.889999389648438,18.450000762939453,18.700000762939453,30136900
2015-03-20,17.38019561767578,19.329999923706055,19.479999542236328,18.889999389648438,18.950000762939453,55471900
2015-03-23,17.757831573486328,19.75,19.770000457763672,19.34000015258789,19.459999084472656,37938900
2015-03-24,17.65892219543457,19.639999389648438,19.829999923706055,19.530000686645508,19.809999465942383,27594500
2015-03-25,17.407169342041016,19.360000610351562,19.90999984741211,19.350000381469727,19.850000381469727,32797200
2015-03-26,17.146419525146484,19.06999969482422,19.8799991607666,18.8700008392334,19.68000030517578,53919800
2015-03-27,16.939619064331055,18.84000015258789,19.149999618530273,18.6299991607666,18.93000030517578,35143400
2015-03-30,16.606943130493164,18.469999313354492,18.719999313354492,18.3799991607666,18.530000686645508,37549400
2015-03-31,16.4001407623291,18.239999771118164,18.639999389648438,18.15999984741211,18.540000915527344,34256400
2015-04-01,17.272294998168945,19.209999084472656,19.25,18.459999084472656,18.540000915527344,82601100
2015-04-02,17.074485778808594,18.989999771118164,19.350000381469727,18.760000228881836,19.06999969482422,47542800
2015-04-06,17.71287727355957,19.700000762939453,19.799999237060547,19.469999313354492,19.6299991607666,50548500
2015-04-07,17.25431251525879,19.190000534057617,19.6299991607666,19.18000030517578,19.549999237060547,51149600
2015-04-08,17.164400100708008,19.09000015258789,19.43000030517578,18.899999618530273,19.299999237060547,30498200
2015-04-09,17.002559661865234,18.90999984741211,19.059999465942383,18.770000457763672,18.8700008392334,19143000
2015-04-10,17.48809051513672,19.450000762939453,19.489999771118164,19.270000457763672,19.280000686645508,41732000
2015-04-13,17.3172550201416,19.260000228881836,19.489999771118164,19.200000762939453,19.479999542236328,24567200
2015-04-14,17.452123641967773,19.40999984741211,19.600000381469727,19.239999771118164,19.280000686645508,24945600
2015-04-15,17.964628219604492,19.979999542236328,20.020000457763672,19.420000076293945,19.56999969482422,45624200
2015-04-16,17.748836517333984,19.739999771118164,20.229999542236328,19.639999389648438,20.040000915527344,36435000
2015-04-17,17.73085594177246,19.719999313354492,20.059999465942383,19.65999984741211,19.84000015258789,25575900
2015-04-20,17.829761505126953,19.829999923706055,19.850000381469727,19.450000762939453,19.559999465942383,22548100
2015-04-21,17.955638885498047,19.969999313354492,20.06999969482422,19.68000030517578,19.850000381469727,18308100
2015-04-22,17.362213134765625,19.309999465942383,19.889999389648438,19.309999465942383,19.799999237060547,52298200
2015-04-23,17.78480339050293,19.780000686645508,19.889999389648438,19.34000015258789,19.34000015258789,43056500
2015-04-24,17.407169342041016,19.360000610351562,19.829999923706055,19.360000610351562,19.6200008392334,41542900
2015-04-27,17.76681900024414,19.760000228881836,20.18000030517578,19.540000915527344,19.610000610351562,56813000
2015-04-28,18.45915412902832,20.530000686645508,20.559999465942383,19.8799991607666,19.8799991607666,61169700
2015-04-29,18.62998390197754,20.719999313354492,20.899999618530273,20.389999389648438,20.530000686645508,48166600
2015-04-30,18.081514358520508,20.110000610351562,20.260000228881836,19.860000610351562,20.18000030517578,58552500
2015-05-01,18.225378036499023,20.270000457763672,20.270000457763672,19.889999389648438,19.90999984741211,30991700
2015-05-04,18.351253509521484,20.40999984741211,20.65999984741211,20.280000686645508,20.59000015258789,20459700
2015-05-05,18.180416107177734,20.219999313354492,20.709999084472656,20.100000381469727,20.6200008392334,30224300
2015-05-06,17.721864700317383,19.709999084472656,20.350000381469727,19.65999984741211,20.31999969482422,46000500
2015-05-07,17.829761505126953,19.829999923706055,19.84000015258789,19.280000686645508,19.530000686645508,48920300
2015-05-08,17.955638885498047,19.969999313354492,20.06999969482422,19.639999389648438,19.940000534057617,24672100
2015-05-11,18.000595092773438,20.020000457763672,20.15999984741211,19.790000915527344,19.940000534057617,15760400
2015-05-12,18.243358612060547,20.290000915527344,20.34000015258789,20.06999969482422,20.079999923706055,32359200
2015-05-13,18.683935165405273,20.780000686645508,20.889999389648438,20.559999465942383,20.59000015258789,48741500
2015-05-14,18.719898223876953,20.81999969482422,21.25,20.709999084472656,20.989999771118164,49156300
2015-05-15,18.62998390197754,20.719999313354492,20.979999542236328,20.520000457763672,20.639999389648438,25460800
2015-05-18,18.656959533691406,20.75,20.93000030517578,20.649999618530273,20.860000610351562,18193800
2015-05-19,17.98261260986328,20.0,20.459999084472656,19.989999771118164,20.459999084472656,45125400
2015-05-20,18.054540634155273,20.079999923706055,20.309999465942383,20.020000457763672,20.059999465942383,24315600
2015-05-21,17.928665161132812,19.940000534057617,20.1200008392334,19.889999389648438,20.0,17569100
2015-05-22,17.829761505126953,19.829999923706055,20.059999465942383,19.81999969482422,19.950000762939453,22209700
2015-05-26,17.30826187133789,19.25,19.479999542236328,19.18000030517578,19.469999313354492,48088400
2015-05-27,17.47909927368164,19.440000534057617,19.450000762939453,19.170000076293945,19.31999969482422,25463000
2015-05-28,17.622962951660156,19.600000381469727,19.639999389648438,19.149999618530273,19.34000015258789,28073800
2015-05-29,17.604976654052734,19.579999923706055,19.790000915527344,19.479999542236328,19.649999618530273,16940600
2015-06-01,17.5240535736084,19.489999771118164,19.90999984741211,19.450000762939453,19.829999923706055,25069200
2015-06-02,17.78480339050293,19.780000686645508,19.8700008392334,19.56999969482422,19.639999389648438,32910000
2015-06-03,17.452123641967773,19.40999984741211,19.729999542236328,19.31999969482422,19.6200008392334,37003600
2015-06-04,17.146419525146484,19.06999969482422,19.200000762939453,19.040000915527344,19.15999984741211,26423400
2015-06-05,16.930631637573242,18.829999923706055,19.0,18.670000076293945,18.81999969482422,29508600
2015-06-08,17.101463317871094,19.020000457763672,19.030000686645508,18.709999084472656,18.8700008392334,41183500
2015-06-09,16.88567352294922,18.780000686645508,19.229999542236328,18.760000228881836,19.079999923706055,24942400
2015-06-10,17.047513961791992,18.959999084472656,19.139999389648438,18.8799991607666,19.040000915527344,30386300
2015-06-11,16.84971046447754,18.739999771118164,18.860000610351562,18.6299991607666,18.799999237060547,23837100
2015-06-12,16.678871154785156,18.549999237060547,18.770000457763672,18.5,18.68000030517578,22851000
2015-06-15,16.714841842651367,18.59000015258789,18.829999923706055,18.420000076293945,18.510000228881836,28170400
2015-06-16,16.481063842773438,18.329999923706055,18.489999771118164,18.299999237060547,18.43000030517578,30638900
2015-06-17,16.95760154724121,18.860000610351562,18.8799991607666,18.229999542236328,18.260000228881836,54948300
2015-06-18,17.173391342163086,19.100000381469727,19.18000030517578,18.989999771118164,19.139999389648438,38765100
2015-06-19,16.759794235229492,18.639999389648438,19.06999969482422,18.520000457763672,19.030000686645508,45124600
2015-06-22,16.481063842773438,18.329999923706055,18.520000457763672,18.31999969482422,18.40999984741211,27510800
2015-06-23,16.526020050048828,18.3799991607666,18.520000457763672,18.25,18.25,21862400
2015-06-24,16.508037567138672,18.360000610351562,18.479999542236328,18.25,18.299999237060547,14923600
2015-06-25,16.337200164794922,18.170000076293945,18.450000762939453,18.170000076293945,18.31999969482422,31516900
2015-06-26,16.265270233154297,18.09000015258789,18.260000228881836,18.059999465942383,18.149999618530273,19863800
2015-06-29,16.09443473815918,17.899999618530273,18.229999542236328,17.899999618530273,18.170000076293945,28759800
2015-06-30,15.968562126159668,17.760000228881836,18.049999237060547,17.670000076293945,17.829999923706055,32479300
2015-07-01,15.536975860595703,17.280000686645508,17.709999084472656,17.260000228881836,17.68000030517578,35526400
2015-07-02,15.851672172546387,17.6299991607666,17.670000076293945,17.3700008392334,17.389999389648438,35636600
2015-07-06,16.049480438232422,17.850000381469727,18.030000686645508,17.389999389648438,17.5,34573800
2015-07-07,15.26723575592041,16.979999542236328,17.459999084472656,16.950000762939453,17.440000534057617,66785200
2015-07-08,15.159340858459473,16.860000610351562,17.280000686645508,16.84000015258789,17.15999984741211,23785000
2015-07-09,15.22227954864502,16.93000030517578,17.190000534057617,16.770000457763672,17.1299991607666,14404800
2015-07-10,15.060437202453613,16.75,17.0,16.6299991607666,16.979999542236328,31843300
2015-07-13,15.105393409729004,16.799999237060547,16.809999465942383,16.399999618530273,16.530000686645508,17813200
2015-07-14,15.006492614746094,16.690000534057617,16.940000534057617,16.68000030517578,16.780000686645508,16502400
2015-07-15,14.66481876373291,16.309999465942383,16.579999923706055,16.270000457763672,16.530000686645508,47109000
2015-07-16,14.520959854125977,16.149999618530273,16.280000686645508,16.100000381469727,16.280000686645508,20774600
2015-07-17,13.864594459533691,15.420000076293945,16.049999237060547,15.369999885559082,16.049999237060547,67369900
2015-07-20,12.372036933898926,13.760000228881836,14.770000457763672,13.75,14.699999809265137,169146000
2015-07-21,12.695722579956055,14.119999885559082,14.529999732971191,14.020000457763672,14.0600004196167,90063100
2015-07-22,12.659757614135742,14.079999923706055,14.279999732971191,13.670000076293945,13.819999694824219,39924800
2015-07-23,12.2461576461792,13.619999885559082,14.300000190734863,13.510000228881836,14.239999771118164,69592000
2015-07-24,12.659757614135742,14.079999923706055,14.130000114440918,13.170000076293945,13.40999984741211,141204200
2015-07-27,12.201200485229492,13.569999694824219,14.380000114440918,13.4399995803833,13.899999618530273,76274700
2015-07-28,12.309097290039062,13.6899995803833,13.84000015258789,13.539999961853027,13.729999542236328,39223000
2015-07-29,12.560853958129883,13.970000267028809,14.069999694824219,13.539999961853027,13.6899995803833,56984100
2015-07-30,12.102296829223633,13.460000038146973,13.829999923706055,13.399999618530273,13.65999984741211,73229900
2015-07-31,12.363046646118164,13.75,13.970000267028809,13.579999923706055,13.84000015258789,41361100
2015-08-03,11.931462287902832,13.270000457763672,13.680000305175781,13.180000305175781,13.640000343322754,61550200
2015-08-04,11.949444770812988,13.289999961853027,13.539999961853027,13.180000305175781,13.470000267028809,69613800
2015-08-05,11.769619941711426,13.09000015258789,13.539999961853027,13.010000228881836,13.420000076293945,41758700
2015-08-06,12.021374702453613,13.369999885559082,13.6899995803833,13.109999656677246,13.210000038146973,69121200
2015-08-07,12.04835033416748,13.399999618530273,13.850000381469727,13.329999923706055,13.420000076293945,50618200
2015-08-10,12.848576545715332,14.289999961853027,14.289999961853027,13.359999656677246,13.569999694824219,91376800
2015-08-11,13.055375099182129,14.520000457763672,14.529999732971191,13.9399995803833,14.4399995803833,55172900
2015-08-12,13.954507827758789,15.520000457763672,15.529999732971191,14.779999732971191,14.8100004196167,123217200
2015-08-13,13.1632719039917,14.640000343322754,15.210000038146973,14.539999961853027,15.050000190734863,101956100
2015-08-14,13.028401374816895,14.489999771118164,14.989999771118164,14.359999656677246,14.920000076293945,33094300
2015-08-17,13.522923469543457,15.039999961853027,15.109999656677246,14.75,14.800000190734863,66966000
2015-08-18,13.280160903930664,14.770000457763672,14.920000076293945,14.510000228881836,14.739999771118164,52911000
2015-08-19,13.666784286499023,15.199999809265137,15.279999732971191,14.880000114440918,14.899999618530273,65822400
2015-08-20,14.22424602508545,15.819999694824219,16.049999237060547,15.569999694824219,15.6899995803833,86900000
2015-08-21,13.837620735168457,15.390000343322754,16.15999984741211,15.239999771118164,16.139999389648438,84174900
2015-08-24,12.704713821411133,14.130000114440918,15.609999656677246,14.069999694824219,15.15999984741211,131865300
2015-08-25,12.29111385345459,13.670000076293945,14.529999732971191,13.579999923706055,14.520000457763672,72336000
2015-08-26,11.724663734436035,13.039999961853027,13.489999771118164,12.960000038146973,13.479999542236328,97910100
2015-08-27,12.399011611938477,13.789999961853027,13.90999984741211,13.010000228881836,13.100000381469727,111023300
2015-08-28,12.812609672546387,14.25,14.40999984741211,13.75,13.760000228881836,94381300
2015-08-31,12.68673324584961,14.109999656677246,14.109999656677246,13.59000015258789,13.9399995803833,57079800
2015-09-01,12.29111385345459,13.670000076293945,14.369999885559082,13.670000076293945,14.210000038146973,56978800
2015-09-02,12.255149841308594,13.630000114440918,13.899999618530273,13.329999923706055,13.760000228881836,38700500
2015-09-03,12.030366897583008,13.380000114440918,14.029999732971191,13.359999656677246,13.390000343322754,49765400
2015-09-04,12.039359092712402,13.390000343322754,13.430000305175781,13.0600004196167,13.279999732971191,45569700
2015-09-08,12.183220863342285,13.550000190734863,13.739999771118164,13.34000015258789,13.529999732971191,36832900
2015-09-09,11.805585861206055,13.130000114440918,13.520000457763672,13.100000381469727,13.359999656677246,54365200
2015-09-10,11.79659366607666,13.119999885559082,13.420000076293945,13.079999923706055,13.350000381469727,33086600
2015-09-11,11.877514839172363,13.210000038146973,13.279999732971191,12.619999885559082,13.0,63781500
2015-09-14,11.751635551452637,13.069999694824219,13.34000015258789,12.90999984741211,13.0600004196167,37077400
2015-09-15,11.78760051727295,13.109999656677246,13.319999694824219,12.989999771118164,13.050000190734863,26398000
2015-09-16,12.488924980163574,13.890000343322754,13.930000305175781,13.369999885559082,13.380000114440918,81356400
2015-09-17,12.830595016479492,14.270000457763672,14.4399995803833,13.65999984741211,13.720000267028809,79245400
2015-09-18,13.0194091796875,14.479999542236328,14.710000038146973,14.180000305175781,14.600000381469727,53111900
2015-09-21,12.587828636169434,14.0,14.359999656677246,13.989999771118164,14.270000457763672,58502000
2015-09-22,12.012381553649902,13.359999656677246,13.710000038146973,13.3100004196167,13.670000076293945,73786500
2015-09-23,11.922471046447754,13.260000228881836,13.6899995803833,13.229999542236328,13.640000343322754,37996400
2015-09-24,12.785638809204102,14.220000267028809,14.279999732971191,13.5600004196167,13.619999885559082,102655900
2015-09-25,12.569844245910645,13.979999542236328,14.109999656677246,13.880000114440918,13.960000038146973,34885700
2015-09-28,11.976417541503906,13.319999694824219,13.720000267028809,13.289999961853027,13.619999885559082,67205900
2015-09-29,12.057340621948242,13.40999984741211,13.680000305175781,13.300000190734863,13.470000267028809,34734800
2015-09-30,12.354055404663086,13.739999771118164,13.739999771118164,13.1899995803833,13.220000267028809,41340700
2015-10-01,12.057340621948242,13.40999984741211,13.989999771118164,13.350000381469727,13.789999961853027,54110100
2015-10-02,13.028401374816895,14.489999771118164,14.5,13.880000114440918,13.949999809265137,98242100
2015-10-05,13.594855308532715,15.119999885559082,15.180000305175781,14.579999923706055,14.600000381469727,102197900
2015-10-06,14.098366737365723,15.680000305175781,15.770000457763672,15.229999542236328,15.520000457763672,92653200
2015-10-07,14.035428047180176,15.609999656677246,15.829999923706055,15.369999885559082,15.699999809265137,53677000
2015-10-08,13.855603218078613,15.40999984741211,16.149999618530273,15.319999694824219,15.359999656677246,62811000
2015-10-09,14.61986255645752,16.260000228881836,16.270000457763672,15.850000381469727,15.970000267028809,86931800
2015-10-12,14.188279151916504,15.779999732971191,16.610000610351562,15.619999885559082,16.610000610351562,73832600
2015-10-13,14.26920223236084,15.869999885559082,16.139999389648438,15.680000305175781,15.789999961853027,48817600
2015-10-14,15.195306777954102,16.899999618530273,16.989999771118164,16.170000076293945,16.239999771118164,126780700
2015-10-15,15.18631649017334,16.889999389648438,17.040000915527344,16.479999542236328,16.610000610351562,46677600
2015-10-16,14.736751556396484,16.389999389648438,16.989999771118164,16.3700008392334,16.84000015258789,65976600
2015-10-19,14.116350173950195,15.699999809265137,16.43000030517578,15.609999656677246,16.31999969482422,111747800
2015-10-20,14.68280029296875,16.329999923706055,16.520000457763672,15.890000343322754,15.899999618530273,88202900
2015-10-21,14.251219749450684,15.850000381469727,16.170000076293945,15.729999542236328,16.100000381469727,63704100
2015-10-22,14.493982315063477,16.1200008392334,16.270000457763672,15.779999732971191,15.8100004196167,48065200
2015-10-23,14.853636741638184,16.520000457763672,16.65999984741211,15.930000305175781,16.34000015258789,65417200
2015-10-26,14.39508056640625,16.010000228881836,16.479999542236328,16.0,16.479999542236328,58216300
2015-10-27,14.422056198120117,16.040000915527344,16.209999084472656,15.789999961853027,15.920000076293945,25161300
2015-10-28,14.287185668945312,15.890000343322754,16.809999465942383,15.600000381469727,16.40999984741211,76262400
2015-10-29,13.594855308532715,15.119999885559082,15.779999732971191,15.039999961853027,15.640000343322754,87347200
2015-10-30,13.450992584228516,14.960000038146973,15.390000343322754,14.949999809265137,15.069999694824219,42003200
2015-11-02,13.504941940307617,15.020000457763672,15.180000305175781,14.630000114440918,14.800000190734863,40933400
2015-11-03,13.433009147644043,14.9399995803833,15.109999656677246,14.710000038146973,14.760000228881836,27659100
2015-11-04,13.145289421081543,14.619999885559082,15.220000267028809,14.600000381469727,15.050000190734863,47752800
2015-11-05,12.659757614135742,14.079999923706055,14.630000114440918,14.010000228881836,14.630000114440918,89901000
2015-11-06,12.102296829223633,13.460000038146973,13.720000267028809,13.40999984741211,13.640000343322754,73796300
2015-11-09,12.434975624084473,13.829999923706055,13.84000015258789,13.3100004196167,13.460000038146973,76441900
2015-11-10,12.111288070678711,13.470000267028809,13.720000267028809,13.420000076293945,13.569999694824219,54219000
2015-11-11,12.273133277893066,13.649999618530273,13.65999984741211,13.4399995803833,13.539999961853027,29725700
2015-11-12,12.111288070678711,13.470000267028809,13.789999961853027,13.289999961853027,13.329999923706055,41792900
2015-11-13,12.2461576461792,13.619999885559082,13.680000305175781,13.399999618530273,13.4399995803833,31486300
2015-11-16,12.354055404663086,13.739999771118164,13.859999656677246,13.630000114440918,13.739999771118164,24226200
2015-11-17,11.760628700256348,13.079999923706055,13.65999984741211,13.050000190734863,13.619999885559082,70962600
2015-11-18,12.129271507263184,13.489999771118164,13.579999923706055,12.920000076293945,13.149999618530273,69238200
2015-11-19,12.560853958129883,13.970000267028809,14.0600004196167,13.670000076293945,13.6899995803833,57813000
2015-11-20,12.04835033416748,13.399999618530273,14.069999694824219,13.34000015258789,14.029999732971191,67610000
2015-11-23,11.9854097366333,13.329999923706055,13.479999542236328,13.25,13.350000381469727,26679900
2015-11-24,12.44396686553955,13.84000015258789,13.880000114440918,13.489999771118164,13.600000381469727,59251900
2015-11-25,12.327080726623535,13.710000038146973,13.949999809265137,13.5600004196167,13.649999618530273,35075100
2015-11-27,12.093306541442871,13.449999809265137,13.59000015258789,13.369999885559082,13.40999984741211,38458000
2015-11-30,12.372036933898926,13.760000228881836,13.800000190734863,13.520000457763672,13.550000190734863,43282800
2015-12-01,12.731689453125,14.15999984741211,14.199999809265137,13.6899995803833,13.850000381469727,55243200
2015-12-02,12.399011611938477,13.789999961853027,14.020000457763672,13.619999885559082,13.819999694824219,59197500
2015-12-03,12.659757614135742,14.079999923706055,14.210000038146973,13.859999656677246,14.029999732971191,51983700
2015-12-04,13.3341064453125,14.829999923706055,14.859999656677246,14.229999542236328,14.229999542236328,76943200
2015-12-07,12.767654418945312,14.199999809265137,14.65999984741211,14.0600004196167,14.619999885559082,69177200
2015-12-08,12.659757614135742,14.079999923706055,14.3100004196167,13.9399995803833,14.229999542236328,58937700
2015-12-09,12.830595016479492,14.270000457763672,14.529999732971191,14.09000015258789,14.420000076293945,50909900
2015-12-10,12.776646614074707,14.210000038146973,14.460000038146973,14.130000114440918,14.149999618530273,32698200
2015-12-11,12.929496765136719,14.380000114440918,14.529999732971191,14.029999732971191,14.050000190734863,47148500
2015-12-14,12.19221019744873,13.5600004196167,14.319999694824219,13.5600004196167,14.279999732971191,88301100
2015-12-15,12.255149841308594,13.630000114440918,13.819999694824219,13.510000228881836,13.720000267028809,37161500
2015-12-16,12.740679740905762,14.170000076293945,14.239999771118164,13.670000076293945,13.930000305175781,82756600
2015-12-17,11.994401931762695,13.34000015258789,13.680000305175781,13.300000190734863,13.680000305175781,92531900
2015-12-18,12.264142036437988,13.640000343322754,13.829999923706055,13.479999542236328,13.550000190734863,62472400
2015-12-21,12.478156089782715,13.760000228881836,13.899999618530273,13.649999618530273,13.8100004196167,70487000
2015-12-22,12.405609130859375,13.680000305175781,13.920000076293945,13.630000114440918,13.729999542236328,33462900
2015-12-23,12.668593406677246,13.970000267028809,13.979999542236328,13.739999771118164,13.770000457763672,42889100
2015-12-24,12.940646171569824,14.270000457763672,14.289999961853027,14.0600004196167,14.079999923706055,24429100
2015-12-28,12.505361557006836,13.789999961853027,14.039999961853027,13.670000076293945,14.029999732971191,49718100
2015-12-29,12.650457382202148,13.949999809265137,14.050000190734863,13.789999961853027,13.970000267028809,28853300
2015-12-30,12.387471199035645,13.65999984741211,13.739999771118164,13.569999694824219,13.649999618530273,40319300
2015-12-31,12.441883087158203,13.720000267028809,13.75,13.600000381469727,13.65999984741211,27523300
2016-01-04,12.777414321899414,14.09000015258789,14.239999771118164,13.869999885559082,14.119999885559082,53710100
2016-01-05,12.713935852050781,14.020000457763672,14.149999618530273,13.90999984741211,14.130000114440918,29913400
2016-01-06,12.922508239746094,14.25,14.350000381469727,14.149999618530273,14.220000267028809,39864700
2016-01-07,13.493820190429688,14.880000114440918,15.010000228881836,14.380000114440918,14.5,78644600
2016-01-08,13.167356491088867,14.520000457763672,14.640000343322754,14.260000228881836,14.5,66017900
2016-01-11,12.623250007629395,13.920000076293945,14.609999656677246,13.819999694824219,14.569999694824219,69796900
2016-01-12,12.342129707336426,13.609999656677246,13.800000190734863,13.369999885559082,13.800000190734863,66902500
2016-01-13,12.342129707336426,13.609999656677246,13.800000190734863,13.359999656677246,13.539999961853027,39568100
2016-01-14,11.906846046447754,13.130000114440918,13.59000015258789,13.0,13.460000038146973,56311100
2016-01-15,11.87057113647461,13.09000015258789,13.609999656677246,13.069999694824219,13.600000381469727,35653200
2016-01-19,11.308330535888672,12.470000267028809,13.239999771118164,12.399999618530273,13.210000038146973,76883400
2016-01-20,11.65292739868164,12.850000381469727,12.920000076293945,12.520000457763672,12.779999732971191,64908600
2016-01-21,11.7073392868042,12.90999984741211,12.979999542236328,12.449999809265137,12.699999809265137,32173600
2016-01-22,11.816162109375,13.029999732971191,13.170000076293945,12.6899995803833,12.729999542236328,32747300
2016-01-25,12.133554458618164,13.380000114440918,13.399999618530273,13.15999984741211,13.260000228881836,51095400
2016-01-26,12.668593406677246,13.970000267028809,14.0,13.520000457763672,13.529999732971191,76144500
2016-01-27,12.877166748046875,14.199999809265137,14.210000038146973,13.710000038146973,13.869999885559082,60024700
2016-01-28,12.568840026855469,13.859999656677246,14.1899995803833,13.729999542236328,13.869999885559082,51302800
2016-01-29,12.886236190795898,14.210000038146973,14.239999771118164,13.739999771118164,13.829999923706055,46570700
2016-02-01,13.285244941711426,14.649999618530273,14.649999618530273,14.300000190734863,14.329999923706055,48295600
2016-02-02,12.967850685119629,14.300000190734863,14.569999694824219,14.109999656677246,14.479999542236328,59458800
2016-02-03,13.920036315917969,15.350000381469727,15.350000381469727,14.420000076293945,14.4399995803833,120309300
2016-02-04,14.64551067352295,16.149999618530273,16.360000610351562,15.770000457763672,15.800000190734863,122759300
2016-02-05,15.46166706085205,17.049999237060547,17.1200008392334,15.569999694824219,15.75,129420600
2016-02-08,15.842543601989746,17.469999313354492,17.899999618530273,17.440000534057617,17.5,117795100
2016-02-09,15.189617156982422,16.75,17.81999969482422,16.75,17.719999313354492,122342700
2016-02-10,15.543282508850098,17.139999389648438,17.15999984741211,16.149999618530273,16.719999313354492,80445100
2016-02-11,16.658700942993164,18.3700008392334,18.649999618530273,17.770000457763672,18.350000381469727,168723900
2016-02-12,17.08492088317871,18.84000015258789,18.850000381469727,17.780000686645508,17.850000381469727,93974000
2016-02-16,15.606761932373047,17.209999084472656,18.309999465942383,17.200000762939453,17.940000534057617,155672200
2016-02-17,16.15993881225586,17.81999969482422,17.90999984741211,17.34000015258789,17.540000915527344,78925500
2016-02-18,17.139326095581055,18.899999618530273,18.90999984741211,17.440000534057617,17.520000457763672,106526900
2016-02-19,16.667770385742188,18.3799991607666,18.889999389648438,18.280000686645508,18.610000610351562,79098700
2016-02-22,16.803794860839844,18.530000686645508,18.690000534057617,17.75,17.81999969482422,50464700
2016-02-23,17.1574649810791,18.920000076293945,19.059999465942383,18.649999618530273,18.889999389648438,73296800
2016-02-24,17.329763412475586,19.110000610351562,19.850000381469727,18.799999237060547,19.440000534057617,91260400
2016-02-25,17.583677291870117,19.389999389648438,19.459999084472656,18.940000534057617,19.010000228881836,59332500
2016-02-26,16.948890686035156,18.690000534057617,19.34000015258789,18.639999389648438,18.950000762939453,117343300
2016-02-29,17.57461166381836,19.3799991607666,19.399999618530273,18.920000076293945,18.959999084472656,80199400
2016-03-01,16.840068817138672,18.56999969482422,19.5,18.520000457763672,19.440000534057617,119848300
2016-03-02,17.27535057067871,19.049999237060547,19.18000030517578,18.59000015258789,18.719999313354492,79717600
2016-03-03,17.97362518310547,19.81999969482422,20.020000457763672,19.100000381469727,19.15999984741211,100314500
2016-03-04,17.873868942260742,19.709999084472656,20.8799991607666,19.559999465942383,19.84000015258789,138290700
2016-03-07,18.499591827392578,20.399999618530273,20.729999542236328,19.920000076293945,20.0,109608500
2016-03-08,17.610883712768555,19.420000076293945,20.729999542236328,19.389999389648438,20.6200008392334,137523000
2016-03-09,17.692502975463867,19.510000228881836,19.729999542236328,18.809999465942383,19.010000228881836,79357800
2016-03-10,18.481456756591797,20.3799991607666,20.440000534057617,19.75,19.84000015258789,100554600
2016-03-11,18.118717193603516,19.979999542236328,20.579999923706055,19.84000015258789,20.239999771118164,87906100
2016-03-14,17.33883285522461,19.1200008392334,20.229999542236328,19.110000610351562,20.149999618530273,122947800
2016-03-15,17.710636138916016,19.530000686645508,19.549999237060547,18.860000610351562,19.110000610351562,73297400
2016-03-16,18.9167423248291,20.860000610351562,20.959999084472656,18.979999542236328,19.219999313354492,167168100
2016-03-17,18.526798248291016,20.43000030517578,21.420000076293945,20.3700008392334,21.049999237060547,131512400
2016-03-18,18.69002914428711,20.610000610351562,20.93000030517578,20.350000381469727,20.360000610351562,66406800
2016-03-21,18.65375518798828,20.56999969482422,20.780000686645508,20.309999465942383,20.5,40155100
2016-03-22,18.662822723388672,20.579999923706055,21.0,20.350000381469727,20.899999618530273,42354400
2016-03-23,17.257217407226562,19.030000686645508,19.8799991607666,19.020000457763672,19.780000686645508,156720700
2016-03-24,17.647159576416016,19.459999084472656,19.600000381469727,19.06999969482422,19.25,64733000
2016-03-28,17.610883712768555,19.420000076293945,19.65999984741211,19.09000015258789,19.6200008392334,35286700
2016-03-29,18.62655258178711,20.540000915527344,20.600000381469727,19.399999618530273,19.6299991607666,123660900
2016-03-30,18.345428466796875,20.229999542236328,20.5,19.850000381469727,20.229999542236328,62118400
2016-03-31,18.109649658203125,19.969999313354492,20.56999969482422,19.959999084472656,20.479999542236328,46237400
2016-04-01,18.24567222595215,20.1200008392334,20.1200008392334,19.31999969482422,19.459999084472656,58369200
2016-04-04,17.710636138916016,19.530000686645508,20.049999237060547,19.510000228881836,20.049999237060547,65764800
2016-04-05,18.254741668701172,20.1299991607666,20.190000534057617,19.559999465942383,20.059999465942383,74601400
2016-04-06,18.27288055419922,20.149999618530273,20.229999542236328,19.799999237060547,19.8799991607666,35891000
2016-04-07,18.844192504882812,20.780000686645508,20.860000610351562,20.520000457763672,20.59000015258789,81856200
2016-04-08,19.442705154418945,21.440000534057617,21.549999237060547,20.700000762939453,20.709999084472656,69638900
2016-04-11,20.585329055786133,22.700000762939453,22.790000915527344,21.860000610351562,21.920000076293945,121978500
2016-04-12,20.748559951782227,22.8799991607666,23.059999465942383,22.360000610351562,22.780000686645508,62246400
2016-04-13,20.177249908447266,22.25,22.780000686645508,22.170000076293945,22.479999542236328,77053400
2016-04-14,19.58780288696289,21.600000381469727,22.34000015258789,21.299999237060547,22.149999618530273,100770000
2016-04-15,20.131908416748047,22.200000762939453,22.309999465942383,21.450000762939453,21.75,69043500
2016-04-18,20.113773345947266,22.18000030517578,22.479999542236328,21.90999984741211,22.469999313354492,39776600
2016-04-19,21.093162536621094,23.260000228881836,23.469999313354492,22.920000076293945,23.079999923706055,101450600
2016-04-20,20.71228790283203,22.84000015258789,23.81999969482422,22.709999084472656,23.239999771118164,107920500
2016-04-21,21.08409309387207,23.25,23.530000686645508,22.8700008392334,23.450000762939453,81445000
2016-04-22,20.485576629638672,22.59000015258789,23.40999984741211,22.440000534057617,22.950000762939453,101689200
2016-04-25,20.367687225341797,22.459999084472656,22.889999389648438,22.3700008392334,22.729999542236328,39890900
2016-04-26,20.848316192626953,22.989999771118164,23.010000228881836,22.389999389648438,22.709999084472656,63797900
2016-04-27,21.075027465820312,23.239999771118164,23.309999465942383,22.59000015258789,23.149999618530273,56420300
2016-04-28,22.018142700195312,24.280000686645508,24.399999618530273,23.420000076293945,23.479999542236328,104264300
2016-04-29,23.423749923706055,25.829999923706055,25.829999923706055,24.719999313354492,24.75,116216000
2016-05-02,23.024738311767578,25.389999389648438,26.170000076293945,25.100000381469727,26.100000381469727,84514200
2016-05-03,22.362741470336914,24.65999984741211,25.530000686645508,24.469999313354492,25.489999771118164,94115500
2016-05-04,21.22918701171875,23.40999984741211,24.649999618530273,23.290000915527344,24.200000762939453,122063000
2016-05-05,21.927459716796875,24.18000030517578,24.31999969482422,23.719999313354492,23.81999969482422,88670100
2016-05-06,22.788955688476562,25.1299991607666,25.440000534057617,24.559999465942383,24.690000534057617,100086900
2016-05-09,21.328937530517578,23.520000457763672,24.18000030517578,23.5,24.040000915527344,128209000
2016-05-10,22.1269588470459,24.399999618530273,24.510000228881836,23.34000015258789,23.649999618530273,87011000
2016-05-11,22.71640968322754,25.049999237060547,25.34000015258789,24.200000762939453,24.920000076293945,84347400
2016-05-12,22.26298713684082,24.549999237060547,25.399999618530273,24.420000076293945,25.100000381469727,76147200
2016-05-13,22.48063087463379,24.790000915527344,25.0,24.440000534057617,24.579999923706055,47602900
2016-05-16,22.888710021972656,25.239999771118164,25.610000610351562,25.030000686645508,25.329999923706055,64173700
2016-05-17,23.197036743164062,25.579999923706055,25.850000381469727,24.920000076293945,25.18000030517578,60077800
2016-05-18,21.36521339416504,23.559999465942383,25.420000076293945,23.549999237060547,25.059999465942383,190329800
2016-05-19,21.72795295715332,23.959999084472656,24.09000015258789,22.780000686645508,23.0,88378000
2016-05-20,21.8095645904541,24.049999237060547,24.270000457763672,23.3799991607666,24.239999771118164,70444800
2016-05-23,21.564722061157227,23.780000686645508,24.239999771118164,23.360000610351562,23.469999313354492,51488900
2016-05-24,20.37675666809082,22.469999313354492,23.469999313354492,22.440000534057617,23.25,124509700
2016-05-25,20.88458824157715,23.030000686645508,23.190000534057617,21.940000534057617,22.360000610351562,74463300
2016-05-26,20.812040328979492,22.950000762939453,23.559999465942383,22.75,23.350000381469727,52006900
2016-05-27,20.204456329345703,22.280000686645508,22.959999084472656,22.170000076293945,22.739999771118164,100823000
2016-05-31,20.476505279541016,22.579999923706055,23.049999237060547,22.1299991607666,22.309999465942383,78295000
2016-06-01,20.603466033935547,22.719999313354492,23.09000015258789,22.34000015258789,22.700000762939453,51078900
2016-06-02,20.6488094329834,22.770000457763672,22.969999313354492,22.479999542236328,22.670000076293945,35409200
2016-06-03,22.970327377319336,25.329999923706055,25.360000610351562,24.079999923706055,24.079999923706055,190026800
2016-06-06,23.079145431518555,25.450000762939453,25.540000915527344,24.84000015258789,25.280000686645508,76841900
2016-06-07,22.77082061767578,25.110000610351562,25.440000534057617,25.010000228881836,25.110000610351562,52296400
2016-06-08,23.514429092407227,25.93000030517578,26.5,25.84000015258789,26.190000534057617,98078700
2016-06-09,23.877168655395508,26.329999923706055,26.40999984741211,25.770000457763672,25.920000076293945,62777300
2016-06-10,23.541637420654297,25.959999084472656,26.899999618530273,25.760000228881836,26.530000686645508,68347900
2016-06-13,23.496295928955078,25.90999984741211,26.649999618530273,25.600000381469727,26.59000015258789,51094400
2016-06-14,22.979393005371094,25.34000015258789,26.059999465942383,25.1299991607666,26.059999465942383,71065700
2016-06-15,23.86809730529785,26.31999969482422,26.540000915527344,25.219999313354492,25.34000015258789,104434600
2016-06-16,23.115421295166016,25.489999771118164,27.030000686645508,25.40999984741211,27.030000686645508,124160700
2016-06-17,23.38747215270996,25.790000915527344,26.030000686645508,25.25,25.950000762939453,72290200
2016-06-20,23.251445770263672,25.639999389648438,25.809999465942383,24.90999984741211,25.010000228881836,58425400
2016-06-21,22.60759162902832,24.93000030517578,25.360000610351562,24.90999984741211,25.110000610351562,78428000
2016-06-22,23.124488830566406,25.5,25.5,24.799999237060547,25.030000686645508,75614700
2016-06-23,22.870573043823242,25.219999313354492,25.670000076293945,25.1299991607666,25.270000457763672,61697500
2016-06-24,24.25804328918457,26.75,27.709999084472656,26.3700008392334,27.670000076293945,142864600
2016-06-27,24.539161682128906,27.059999465942383,27.40999984741211,26.43000030517578,26.969999313354492,77756600
2016-06-28,24.12201690673828,26.600000381469727,27.0,26.479999542236328,26.579999923706055,80951500
2016-06-29,24.620779037475586,27.149999618530273,27.610000610351562,26.950000762939453,27.010000228881836,68734100
2016-06-30,25.128610610961914,27.709999084472656,27.75,27.15999984741211,27.450000762939453,53540000
2016-07-01,26.343780517578125,29.049999237060547,29.200000762939453,28.440000534057617,28.5,86021800
2016-07-05,26.878820419311523,29.639999389648438,29.760000228881836,28.850000381469727,29.479999542236328,70577700
2016-07-06,27.722183227539062,30.56999969482422,30.68000030517578,29.959999084472656,30.079999923706055,106290300
2016-07-07,26.85161590576172,29.610000610351562,30.149999618530273,29.399999618530273,30.1299991607666,88889600
2016-07-08,27.694978713989258,30.540000915527344,30.68000030517578,29.43000030517578,29.65999984741211,94810000
2016-07-11,27.749387741088867,30.600000381469727,30.729999542236328,30.139999389648438,30.229999542236328,46584000
2016-07-12,26.661176681518555,29.399999618530273,30.469999313354492,29.389999389648438,30.290000915527344,94497400
2016-07-13,27.540815353393555,30.3700008392334,30.6299991607666,29.829999923706055,30.09000015258789,66785900
2016-07-14,27.395715713500977,30.209999084472656,30.25,29.350000381469727,29.520000457763672,55919200
2016-07-15,27.087390899658203,29.8700008392334,30.149999618530273,29.670000076293945,29.709999084472656,50421800
2016-07-18,27.187143325805664,29.979999542236328,30.049999237060547,29.579999923706055,29.950000762939453,50567100
2016-07-19,26.906023025512695,29.670000076293945,29.989999771118164,29.639999389648438,29.850000381469727,44503800
2016-07-20,25.382530212402344,27.989999771118164,28.969999313354492,27.799999237060547,28.959999084472656,130406100
2016-07-21,26.18054962158203,28.8700008392334,29.020000457763672,28.110000610351562,28.309999465942383,85509300
2016-07-22,26.09893226623535,28.780000686645508,28.950000762939453,28.469999313354492,28.5,30446500
2016-07-25,25.146747589111328,27.729999542236328,28.350000381469727,27.450000762939453,28.34000015258789,89557100
2016-07-26,25.845016479492188,28.5,28.729999542236328,27.989999771118164,28.209999084472656,74116400
2016-07-27,27.02391242980957,29.799999237060547,29.969999313354492,28.239999771118164,28.969999313354492,113312100
2016-07-28,26.978572845458984,29.75,30.09000015258789,29.239999771118164,29.93000030517578,57024500
2016-07-29,27.740318298339844,30.59000015258789,30.770000457763672,30.020000457763672,30.270000457763672,74383700
2016-08-01,28.04864501953125,30.93000030517578,31.049999237060547,30.260000228881836,30.469999313354492,84315500
2016-08-02,28.402311325073242,31.31999969482422,31.639999389648438,31.18000030517578,31.34000015258789,68903600
2016-08-03,28.057714462280273,30.940000534057617,31.1299991607666,30.700000762939453,31.1200008392334,50504200
2016-08-04,28.32069969177246,31.229999542236328,31.450000762939453,31.100000381469727,31.1299991607666,44509100
2016-08-05,27.41385269165039,30.229999542236328,30.469999313354492,30.059999465942383,30.350000381469727,85813900
2016-08-08,27.658702850341797,30.5,30.809999465942383,30.149999618530273,30.200000762939453,43730900
2016-08-09,27.89448356628418,30.760000228881836,30.950000762939453,30.59000015258789,30.739999771118164,42545400
2016-08-10,28.384174346923828,31.299999237060547,31.690000534057617,30.969999313354492,31.540000915527344,56247200
2016-08-11,28.14839744567871,31.040000915527344,31.790000915527344,30.979999542236328,31.31999969482422,48765200
2016-08-12,28.15746307373047,31.049999237060547,31.790000915527344,30.920000076293945,31.760000228881836,44118800
2016-08-15,27.985166549682617,30.860000610351562,31.299999237060547,30.739999771118164,31.100000381469727,39820800
2016-08-16,27.9398250579834,30.809999465942383,31.09000015258789,30.639999389648438,30.920000076293945,35355600
2016-08-17,27.540815353393555,30.3700008392334,30.6200008392334,29.65999984741211,30.5,78518200
2016-08-18,27.885414123535156,30.75,30.780000686645508,30.31999969482422,30.6299991607666,60204200
2016-08-19,27.169004440307617,29.959999084472656,30.329999923706055,29.860000610351562,30.139999389648438,61761900
2016-08-22,26.715587615966797,29.459999084472656,29.59000015258789,29.299999237060547,29.5,47948100
2016-08-23,26.31657600402832,29.020000457763672,29.770000457763672,28.979999542236328,29.719999313354492,57386700
2016-08-24,24.457548141479492,26.969999313354492,28.649999618530273,26.84000015258789,28.6200008392334,168133500
2016-08-25,24.76587677001953,27.309999465942383,27.860000610351562,26.639999389648438,26.959999084472656,68662900
2016-08-26,24.647985458374023,27.18000030517578,28.43000030517578,26.81999969482422,27.889999389648438,109036600
2016-08-29,24.702394485473633,27.239999771118164,27.520000457763672,26.719999313354492,26.899999618530273,57214300
2016-08-30,23.487228393554688,25.899999618530273,27.09000015258789,25.65999984741211,26.979999542236328,104101200
2016-08-31,23.115421295166016,25.489999771118164,25.850000381469727,25.329999923706055,25.600000381469727,76912300
2016-09-01,23.958784103393555,26.420000076293945,26.469999313354492,25.170000076293945,25.350000381469727,131755800
2016-09-02,24.802146911621094,27.350000381469727,27.459999084472656,26.790000915527344,27.25,105245000
2016-09-06,26.008249282836914,28.68000030517578,28.700000762939453,27.670000076293945,27.920000076293945,109292600
2016-09-07,25.863157272338867,28.520000457763672,28.649999618530273,27.780000686645508,28.600000381469727,76616800
2016-09-08,25.300914764404297,27.899999618530273,28.610000610351562,27.700000762939453,28.350000381469727,86866500
2016-09-09,23.949716567993164,26.40999984741211,27.520000457763672,26.25,27.510000228881836,147300700
2016-09-12,24.521026611328125,27.040000915527344,27.280000686645508,25.860000610351562,25.950000762939453,103987000
2016-09-13,23.63232421875,26.059999465942383,26.799999237060547,25.690000534057617,26.739999771118164,100593400
2016-09-14,23.58698081970215,26.010000228881836,26.670000076293945,25.860000610351562,26.309999465942383,58638100
2016-09-15,23.74114227294922,26.18000030517578,26.639999389648438,25.600000381469727,25.969999313354492,59497200
2016-09-16,23.541637420654297,25.959999084472656,26.309999465942383,25.559999465942383,25.84000015258789,78274900
2016-09-19,23.65952491760254,26.09000015258789,26.40999984741211,26.010000228881836,26.3700008392334,75485900
2016-09-20,23.63232421875,26.059999465942383,26.290000915527344,25.860000610351562,26.110000610351562,36482300
2016-09-21,25.300914764404297,27.899999618530273,28.010000228881836,26.540000915527344,26.6200008392334,154524800
2016-09-22,25.15581703186035,27.739999771118164,28.559999465942383,27.450000762939453,28.25,75802500
2016-09-23,24.502891540527344,27.020000457763672,27.770000457763672,26.75,27.690000534057617,71253200
2016-09-26,24.285247802734375,26.780000686645508,28.079999923706055,26.739999771118164,27.209999084472656,34991100
2016-09-27,23.831829071044922,26.280000686645508,26.59000015258789,26.010000228881836,26.489999771118164,63202200
2016-09-28,24.403135299682617,26.90999984741211,27.110000610351562,25.860000610351562,26.270000457763672,76698200
2016-09-29,24.203630447387695,26.690000534057617,26.920000076293945,26.31999969482422,26.56999969482422,43496600
2016-09-30,23.967849731445312,26.43000030517578,27.25,26.329999923706055,27.209999084472656,45277400
2016-10-03,23.541637420654297,25.959999084472656,26.56999969482422,25.649999618530273,26.350000381469727,60525600
2016-10-04,21.220117568969727,23.399999618530273,25.100000381469727,23.3799991607666,25.100000381469727,232153600
2016-10-05,21.383350372314453,23.579999923706055,23.979999542236328,22.93000030517578,23.84000015258789,107388100
2016-10-06,20.71228790283203,22.84000015258789,23.209999084472656,22.579999923706055,22.829999923706055,99699500
2016-10-07,20.857383728027344,23.0,23.739999771118164,22.59000015258789,23.56999969482422,82953600
2016-10-10,21.002477645874023,23.15999984741211,23.389999389648438,22.969999313354492,23.170000076293945,39561300
2016-10-11,20.476505279541016,22.579999923706055,23.079999923706055,22.5,22.889999389648438,76085000
2016-10-12,20.920860290527344,23.06999969482422,23.360000610351562,22.6200008392334,22.709999084472656,77536200
2016-10-13,21.301733016967773,23.489999771118164,24.09000015258789,23.030000686645508,23.209999084472656,78278100
2016-10-14,20.848316192626953,22.989999771118164,23.639999389648438,22.90999984741211,23.139999389648438,68079800
2016-10-17,21.16571044921875,23.34000015258789,23.469999313354492,23.0,23.149999618530273,43448300
2016-10-18,21.945592880249023,24.200000762939453,24.270000457763672,23.549999237060547,23.81999969482422,80749700
2016-10-19,22.553178787231445,24.8700008392334,24.989999771118164,24.360000610351562,24.649999618530273,88193100
2016-10-20,22.49876594543457,24.809999465942383,24.940000534057617,24.3799991607666,24.860000610351562,39322100
2016-10-21,22.326467514038086,24.6200008392334,24.780000686645508,24.399999618530273,24.709999084472656,34304800
2016-10-24,21.845842361450195,24.09000015258789,24.8700008392334,23.790000915527344,24.860000610351562,69003600
2016-10-25,22.353670120239258,24.649999618530273,24.93000030517578,24.18000030517578,24.290000915527344,68885200
2016-10-26,21.88211441040039,24.1299991607666,24.75,23.860000610351562,24.6200008392334,80726800
2016-10-27,21.519376754760742,23.729999542236328,24.360000610351562,23.479999542236328,24.31999969482422,64873500
2016-10-28,21.5919246673584,23.809999465942383,24.290000915527344,23.43000030517578,23.670000076293945,61709800
2016-10-31,22.235782623291016,24.520000457763672,24.549999237060547,23.739999771118164,23.959999084472656,73846500
2016-11-01,22.788955688476562,25.1299991607666,25.579999923706055,24.90999984741211,25.079999923706055,82620900
2016-11-02,22.453426361083984,24.760000228881836,25.93000030517578,24.549999237060547,25.690000534057617,114456900
2016-11-03,22.943117141723633,25.299999237060547,25.469999313354492,24.729999542236328,24.780000686645508,67325600
2016-11-04,22.734546661376953,25.06999969482422,25.329999923706055,24.649999618530273,25.290000915527344,64627900
2016-11-07,21.836772918701172,24.079999923706055,24.350000381469727,23.75,24.219999313354492,91724900
2016-11-08,21.72795295715332,23.959999084472656,24.68000030517578,23.639999389648438,24.190000534057617,63550900
2016-11-09,22.29926300048828,24.59000015258789,25.700000762939453,24.0,25.6299991607666,120870800
2016-11-10,20.630672454833984,22.75,24.34000015258789,22.600000381469727,24.34000015258789,180716500
2016-11-11,18.971149444580078,20.920000076293945,22.75,20.829999923706055,22.670000076293945,179547700
2016-11-14,19.15251922607422,21.1200008392334,21.760000228881836,20.1299991607666,20.510000228881836,135306100
2016-11-15,19.968679428100586,22.020000457763672,22.149999618530273,20.989999771118164,21.229999542236328,107240500
2016-11-16,19.80544662475586,21.84000015258789,22.0,21.389999389648438,21.899999618530273,55839800
2016-11-17,19.315750122070312,21.299999237060547,22.25,20.899999618530273,21.809999465942383,97704100
2016-11-18,19.089038848876953,21.049999237060547,21.280000686645508,20.770000457763672,21.049999237060547,75593000
2016-11-21,19.478979110717773,21.479999542236328,21.75,21.280000686645508,21.440000534057617,63978400
2016-11-22,19.551528930664062,21.559999465942383,21.6200008392334,20.959999084472656,21.549999237060547,44435000
2016-11-23,18.59027671813965,20.5,20.719999313354492,20.139999389648438,20.719999313354492,134622000
2016-11-25,18.69002914428711,20.610000610351562,20.860000610351562,20.440000534057617,20.700000762939453,34433900
2016-11-28,19.40643310546875,21.399999618530273,21.440000534057617,20.670000076293945,20.899999618530273,100582700
2016-11-29,19.252269744873047,21.229999542236328,21.3799991607666,20.770000457763672,20.8799991607666,50015500
2016-11-30,18.889535903930664,20.829999923706055,21.049999237060547,20.520000457763672,20.979999542236328,70615400
2016-12-01,18.735370635986328,20.65999984741211,21.139999389648438,20.270000457763672,20.59000015258789,58942400
2016-12-02,19.379230499267578,21.3700008392334,21.5,20.899999618530273,20.90999984741211,88022300
2016-12-05,19.34295082092285,21.329999923706055,21.579999923706055,20.6299991607666,20.989999771118164,64778100
2016-12-06,19.225067138671875,21.200000762939453,21.670000076293945,21.059999465942383,21.31999969482422,43701300
2016-12-07,19.442705154418945,21.440000534057617,21.739999771118164,21.280000686645508,21.579999923706055,63628600
2016-12-08,19.460844039916992,21.459999084472656,21.520000457763672,21.18000030517578,21.350000381469727,35073600
2016-12-09,18.74443817138672,20.670000076293945,21.299999237060547,20.520000457763672,21.229999542236328,99890500
2016-12-12,18.816987991333008,20.75,21.100000381469727,20.6200008392334,20.899999618530273,54072800
2016-12-13,19.079971313476562,21.040000915527344,21.100000381469727,20.59000015258789,20.729999542236328,58388500
2016-12-14,18.0371036529541,19.889999389648438,21.489999771118164,19.8700008392334,21.34000015258789,154550100
2016-12-15,17.2209415435791,18.989999771118164,19.350000381469727,18.68000030517578,19.309999465942383,175932700
2016-12-16,17.30255889892578,19.079999923706055,19.479999542236328,18.790000915527344,19.260000228881836,99834300
2016-12-19,17.352581024169922,19.079999923706055,19.280000686645508,18.920000076293945,19.170000076293945,46656800
2016-12-20,17.398052215576172,19.1299991607666,19.18000030517578,18.579999923706055,18.709999084472656,56487500
2016-12-21,17.36167335510254,19.09000015258789,19.290000915527344,18.969999313354492,19.209999084472656,75381500
2016-12-22,17.343486785888672,19.06999969482422,19.420000076293945,19.0,19.049999237060547,59725500
2016-12-23,17.589040756225586,19.34000015258789,19.43000030517578,19.100000381469727,19.149999618530273,58208900
2016-12-27,18.071054458618164,19.8700008392334,19.8799991607666,19.520000457763672,19.670000076293945,60061500
2016-12-28,18.407556533813477,20.239999771118164,20.31999969482422,19.639999389648438,19.75,61690300
2016-12-29,19.780851364135742,21.75,21.84000015258789,20.450000762939453,20.469999313354492,140319100
2016-12-30,19.02599334716797,20.920000076293945,22.239999771118164,20.790000915527344,21.790000915527344,142043300
2017-01-03,19.78994369506836,21.760000228881836,21.770000457763672,20.979999542236328,21.06999969482422,83239600
2017-01-04,19.93545913696289,21.920000076293945,22.010000228881836,21.559999465942383,22.0,59106200
2017-01-05,21.09957504272461,23.200000762939453,23.350000381469727,22.350000381469727,22.360000610351562,135142000
2017-01-06,20.362905502319336,22.389999389648438,23.09000015258789,22.020000457763672,22.68000030517578,123849500
2017-01-09,20.42656898498535,22.459999084472656,22.940000534057617,22.31999969482422,22.920000076293945,61158100
2017-01-10,20.572084426879883,22.6200008392334,22.959999084472656,22.280000686645508,22.68000030517578,69928600
2017-01-11,20.526611328125,22.56999969482422,22.850000381469727,21.899999618530273,22.389999389648438,75435300
2017-01-12,20.572084426879883,22.6200008392334,23.25,22.3799991607666,23.049999237060547,67123800
2017-01-13,20.68121910095215,22.739999771118164,22.84000015258789,22.149999618530273,22.389999389648438,48983500
2017-01-17,21.245086669921875,23.360000610351562,23.559999465942383,23.170000076293945,23.479999542236328,94245700
2017-01-18,20.926776885986328,23.010000228881836,23.549999237060547,22.709999084472656,23.350000381469727,75029500
2017-01-19,20.808544158935547,22.8799991607666,23.06999969482422,22.549999237060547,22.75,60294600
2017-01-20,21.026819229125977,23.1200008392334,23.459999084472656,22.719999313354492,22.90999984741211,56212400
2017-01-23,21.65434455871582,23.809999465942383,23.81999969482422,23.25,23.360000610351562,87895700
2017-01-24,21.67253303527832,23.829999923706055,24.25,23.59000015258789,23.75,78455500
2017-01-25,21.34512710571289,23.469999313354492,23.5,23.1200008392334,23.360000610351562,64683100
2017-01-26,20.799449920654297,22.8700008392334,23.1299991607666,22.780000686645508,22.93000030517578,68361000
2017-01-27,21.117761611938477,23.219999313354492,23.270000457763672,22.8799991607666,22.8799991607666,49016500
2017-01-30,21.05409812927246,23.149999618530273,23.600000381469727,23.100000381469727,23.329999923706055,35261200
2017-01-31,21.763484954833984,23.93000030517578,23.93000030517578,23.670000076293945,23.729999542236328,92955600
2017-02-01,21.69072723388672,23.850000381469727,24.989999771118164,23.450000762939453,23.559999465942383,56371600
2017-02-02,22.172739028930664,24.3799991607666,24.549999237060547,24.209999084472656,24.40999984741211,56822500
2017-02-03,22.281875610351562,24.5,24.649999618530273,24.270000457763672,24.3799991607666,33050500
2017-02-06,23.10039710998535,25.399999618530273,25.420000076293945,24.6200008392334,24.899999618530273,74544000
2017-02-07,23.000354766845703,25.290000915527344,25.56999969482422,25.030000686645508,25.1299991607666,58295200
2017-02-08,23.255002975463867,25.56999969482422,25.709999084472656,25.270000457763672,25.559999465942383,41295600
2017-02-09,22.654756546020508,24.90999984741211,25.6200008392334,24.84000015258789,25.56999969482422,80783300
2017-02-10,23.000354766845703,25.290000915527344,25.360000610351562,24.600000381469727,24.670000076293945,65396100
2017-02-13,22.69113540649414,24.950000762939453,25.149999618530273,24.860000610351562,25.0,49701600
2017-02-14,22.66385269165039,24.920000076293945,25.329999923706055,24.610000610351562,25.270000457763672,56856900
2017-02-15,22.672948837280273,24.93000030517578,24.969999313354492,24.5,24.600000381469727,28928900
2017-02-16,22.918500900268555,25.200000762939453,25.34000015258789,24.979999542236328,25.06999969482422,46822700
2017-02-17,22.545621871948242,24.790000915527344,25.31999969482422,24.729999542236328,25.290000915527344,50189500
2017-02-21,22.39101219177246,24.6200008392334,24.760000228881836,24.1200008392334,24.479999542236328,50226300
2017-02-22,22.127267837524414,24.329999923706055,24.600000381469727,23.81999969482422,24.479999542236328,78978500
2017-02-23,22.163646697998047,24.3700008392334,24.860000610351562,24.350000381469727,24.729999542236328,45345000
2017-02-24,21.945375442504883,24.1299991607666,24.719999313354492,24.049999237060547,24.709999084472656,49738700
2017-02-27,20.772165298461914,22.84000015258789,24.579999923706055,22.729999542236328,24.100000381469727,112479400
2017-02-28,20.781261444091797,22.850000381469727,23.420000076293945,22.639999389648438,23.239999771118164,83215200
2017-03-01,20.899490356445312,22.979999542236328,23.170000076293945,22.270000457763672,22.450000762939453,64108600
2017-03-02,19.944555282592773,21.93000030517578,22.690000534057617,21.829999923706055,22.489999771118164,102332100
2017-03-03,20.190107345581055,22.200000762939453,22.469999313354492,21.56999969482422,21.729999542236328,82068800
2017-03-06,19.680809020996094,21.639999389648438,22.1200008392334,21.350000381469727,22.100000381469727,75805800
2017-03-07,19.562576293945312,21.510000228881836,21.799999237060547,21.219999313354492,21.3799991607666,49198800
2017-03-08,19.417064666748047,21.350000381469727,21.639999389648438,21.170000076293945,21.229999542236328,47354800
2017-03-09,19.226072311401367,21.139999389648438,21.549999237060547,21.139999389648438,21.389999389648438,36909000
2017-03-10,19.762659072875977,21.729999542236328,21.889999389648438,21.190000534057617,21.31999969482422,82724800
2017-03-13,20.008216857910156,22.0,22.100000381469727,21.729999542236328,21.889999389648438,52664600
2017-03-14,19.407968521118164,21.34000015258789,22.190000534057617,21.260000228881836,21.90999984741211,80950500
2017-03-15,20.899490356445312,22.979999542236328,23.040000915527344,21.3700008392334,21.56999969482422,150366100
2017-03-16,20.70850372314453,22.770000457763672,23.450000762939453,22.690000534057617,22.979999542236328,61512900
2017-03-17,20.617555618286133,22.670000076293945,23.079999923706055,22.510000228881836,22.860000610351562,49383500
2017-03-20,20.81764030456543,22.889999389648438,23.0,22.579999923706055,22.739999771118164,45769700
2017-03-21,21.154142379760742,23.260000228881836,23.510000228881836,23.030000686645508,23.049999237060547,75857100
2017-03-22,21.14504623413086,23.25,23.559999465942383,23.1299991607666,23.420000076293945,61585400
2017-03-23,20.944963455200195,23.030000686645508,23.450000762939453,22.6299991607666,23.360000610351562,67748100
2017-03-24,20.84492301940918,22.920000076293945,23.18000030517578,22.829999923706055,22.950000762939453,35724900
2017-03-27,21.308748245239258,23.43000030517578,23.540000915527344,23.149999618530273,23.440000534057617,61768100
2017-03-28,20.74488067626953,22.809999465942383,23.479999542236328,22.579999923706055,23.350000381469727,74233000
2017-03-29,20.835830688476562,22.90999984741211,23.059999465942383,22.65999984741211,22.739999771118164,33489000
2017-03-30,20.508419036865234,22.549999237060547,22.889999389648438,22.530000686645508,22.729999542236328,44880400
2017-03-31,20.74488067626953,22.809999465942383,23.1200008392334,22.549999237060547,22.649999618530273,56753500
2017-04-03,21.09957504272461,23.200000762939453,23.219999313354492,22.790000915527344,22.84000015258789,47771600
2017-04-04,21.326940536499023,23.450000762939453,23.469999313354492,23.190000534057617,23.34000015258789,36716200
2017-04-05,21.354223251342773,23.479999542236328,23.65999984741211,23.020000457763672,23.170000076293945,65945600
2017-04-06,21.381505966186523,23.510000228881836,23.549999237060547,23.25,23.399999618530273,35595900
2017-04-07,21.37240982055664,23.5,24.020000457763672,23.219999313354492,23.90999984741211,53894800
2017-04-10,21.508831024169922,23.649999618530273,23.709999084472656,23.200000762939453,23.3799991607666,44121700
2017-04-11,22.154552459716797,24.360000610351562,24.459999084472656,23.8700008392334,23.989999771118164,88138900
2017-04-12,22.345537185668945,24.56999969482422,24.59000015258789,24.079999923706055,24.360000610351562,64128000
2017-04-13,22.318254470825195,24.540000915527344,24.8799991607666,24.3799991607666,24.6200008392334,59164800
2017-04-17,22.254589080810547,24.469999313354492,24.760000228881836,24.309999465942383,24.559999465942383,44182500
2017-04-18,22.07270050048828,24.270000457763672,24.440000534057617,23.989999771118164,24.3799991607666,53986000
2017-04-19,21.272369384765625,23.389999389648438,24.06999969482422,23.280000686645508,24.030000686645508,111847200
2017-04-20,21.445167541503906,23.579999923706055,23.799999237060547,23.360000610351562,23.479999542236328,48955800
2017-04-21,21.47245216369629,23.610000610351562,23.81999969482422,23.479999542236328,23.670000076293945,52601700
2017-04-24,21.09957504272461,23.200000762939453,23.440000534057617,23.079999923706055,23.139999389648438,69344300
2017-04-25,20.208295822143555,22.219999313354492,22.920000076293945,21.950000762939453,22.90999984741211,130026200
2017-04-26,20.244672775268555,22.260000228881836,22.420000076293945,21.68000030517578,22.190000534057617,75540500
2017-04-27,19.835412979125977,21.809999465942383,22.270000457763672,21.709999084472656,22.270000457763672,71964000
2017-04-28,20.21739387512207,22.229999542236328,22.43000030517578,21.8700008392334,21.979999542236328,67758600
2017-05-01,19.726280212402344,21.690000534057617,22.229999542236328,21.510000228881836,22.030000686645508,67101600
2017-05-02,19.77175521850586,21.739999771118164,21.959999084472656,21.549999237060547,21.6200008392334,43845800
2017-05-03,19.562576293945312,21.510000228881836,22.280000686645508,21.510000228881836,21.709999084472656,67303100
2017-05-04,19.189699172973633,21.100000381469727,21.309999465942383,20.889999389648438,21.18000030517578,70495200
2017-05-05,19.59895896911621,21.549999237060547,21.75,21.1200008392334,21.170000076293945,58316100
2017-05-08,19.58986473083496,21.540000915527344,21.59000015258789,21.290000915527344,21.579999923706055,26305200
2017-05-09,19.571674346923828,21.520000457763672,21.56999969482422,21.219999313354492,21.34000015258789,42362800
2017-05-10,19.944555282592773,21.93000030517578,22.040000915527344,21.75,21.829999923706055,48357300
2017-05-11,20.344717025756836,22.3700008392334,22.5,22.010000228881836,22.040000915527344,66080500
2017-05-12,20.663028717041016,22.719999313354492,22.8799991607666,22.6200008392334,22.709999084472656,44397500
2017-05-15,20.735788345336914,22.799999237060547,23.1299991607666,22.479999542236328,23.1299991607666,43566900
2017-05-16,20.881301879882812,22.959999084472656,23.049999237060547,22.84000015258789,22.8700008392334,32089000
2017-05-17,21.25418472290039,23.3700008392334,23.670000076293945,23.1299991607666,23.459999084472656,67494600
2017-05-18,20.599365234375,22.649999618530273,23.170000076293945,22.549999237060547,23.110000610351562,76638200
2017-05-19,20.790353775024414,22.860000610351562,23.010000228881836,22.809999465942383,22.969999313354492,38486000
2017-05-22,21.06319236755371,23.15999984741211,23.389999389648438,23.040000915527344,23.06999969482422,40356400
2017-05-23,20.590272903442383,22.639999389648438,23.389999389648438,22.579999923706055,23.260000228881836,58240500
2017-05-24,20.890396118164062,22.969999313354492,22.979999542236328,22.200000762939453,22.56999969482422,55901900
2017-05-25,20.653934478759766,22.709999084472656,22.829999923706055,22.489999771118164,22.719999313354492,42202900
2017-05-26,20.86311149597168,22.940000534057617,23.049999237060547,22.829999923706055,23.010000228881836,33135000
2017-05-30,20.5447998046875,22.59000015258789,22.84000015258789,22.59000015258789,22.649999618530273,35882500
2017-05-31,20.6357479095459,22.690000534057617,22.90999984741211,22.450000762939453,22.68000030517578,41639300
2017-06-01,20.553895950317383,22.600000381469727,22.780000686645508,22.440000534057617,22.5,27032600
2017-06-02,20.69940757751465,22.760000228881836,23.010000228881836,22.670000076293945,22.940000534057617,43410900
2017-06-05,20.68121910095215,22.739999771118164,22.889999389648438,22.489999771118164,22.829999923706055,26543100
2017-06-06,21.64525032043457,23.799999237060547,23.860000610351562,23.079999923706055,23.100000381469727,97130500
2017-06-07,21.508831024169922,23.649999618530273,23.81999969482422,23.31999969482422,23.56999969482422,56209800
2017-06-08,21.117761611938477,23.219999313354492,23.40999984741211,22.959999084472656,23.399999618530273,70016900
2017-06-09,20.7630672454834,22.829999923706055,23.110000610351562,22.809999465942383,22.84000015258789,50189900
2017-06-12,20.68121910095215,22.739999771118164,22.969999313354492,22.68000030517578,22.75,44601500
2017-06-13,20.890396118164062,22.969999313354492,23.139999389648438,22.600000381469727,22.610000610351562,40029400
2017-06-14,20.208295822143555,22.219999313354492,23.420000076293945,22.100000381469727,23.3799991607666,107805400
2017-06-15,20.099163055419922,22.100000381469727,22.34000015258789,21.959999084472656,22.0,74322300
2017-06-16,20.062780380249023,22.059999465942383,22.170000076293945,21.940000534057617,22.059999465942383,50005000
2017-06-19,19.944555282592773,21.93000030517578,22.209999084472656,21.850000381469727,21.93000030517578,46840300
2017-06-20,19.826322555541992,21.799999237060547,21.969999313354492,21.75,21.959999084472656,31301100
2017-06-21,20.108257293701172,22.110000610351562,22.1299991607666,21.770000457763672,21.81999969482422,37797100
2017-06-22,20.33561897277832,22.360000610351562,22.549999237060547,22.260000228881836,22.360000610351562,47219900
2017-06-23,20.68121910095215,22.739999771118164,22.809999465942383,22.549999237060547,22.68000030517578,47655200
2017-06-26,20.517515182495117,22.559999465942383,22.770000457763672,22.40999984741211,22.440000534057617,39689100
2017-06-27,20.244672775268555,22.260000228881836,22.799999237060547,22.239999771118164,22.760000228881836,66702600
2017-06-28,20.3992862701416,22.43000030517578,22.469999313354492,22.149999618530273,22.3700008392334,30354600
2017-06-29,19.962743759155273,21.950000762939453,22.200000762939453,21.8799991607666,22.15999984741211,54569900
2017-06-30,20.08097267150879,22.079999923706055,22.1299991607666,21.8799991607666,21.8799991607666,46691900
2017-07-03,19.53529167175293,21.479999542236328,21.700000762939453,21.459999084472656,21.670000076293945,43834500
2017-07-05,19.78994369506836,21.760000228881836,21.81999969482422,21.399999618530273,21.450000762939453,58726000
2017-07-06,19.544387817382812,21.489999771118164,21.700000762939453,21.440000534057617,21.68000030517578,37409500
2017-07-07,19.28973960876465,21.209999084472656,21.420000076293945,21.0,21.350000381469727,57304600
2017-07-10,19.562576293945312,21.510000228881836,21.649999618530273,20.989999771118164,21.030000686645508,52988200
2017-07-11,19.680809020996094,21.639999389648438,21.739999771118164,21.260000228881836,21.520000457763672,35247100
2017-07-12,19.77175521850586,21.739999771118164,22.059999465942383,21.700000762939453,21.940000534057617,39815200
2017-07-13,19.553483963012695,21.5,21.8799991607666,21.479999542236328,21.770000457763672,42072200
2017-07-14,19.826322555541992,21.799999237060547,22.020000457763672,21.799999237060547,21.959999084472656,47456100
2017-07-17,19.990026473999023,21.979999542236328,22.170000076293945,21.979999542236328,22.040000915527344,28408400
2017-07-18,20.135540008544922,22.139999389648438,22.270000457763672,22.1200008392334,22.229999542236328,30865800
2017-07-19,20.171920776367188,22.18000030517578,22.280000686645508,22.010000228881836,22.149999618530273,27487200
2017-07-20,20.299245834350586,22.31999969482422,22.420000076293945,22.110000610351562,22.149999618530273,25254900
2017-07-21,20.3810977935791,22.40999984741211,22.530000686645508,22.280000686645508,22.5,21535000
2017-07-24,20.053688049316406,22.049999237060547,22.479999542236328,21.969999313354492,22.469999313354492,45649400
2017-07-25,20.25377082824707,22.270000457763672,22.389999389648438,22.100000381469727,22.100000381469727,34211800
2017-07-26,20.772165298461914,22.84000015258789,23.059999465942383,22.1299991607666,22.149999618530273,63816900
2017-07-27,20.526611328125,22.56999969482422,22.989999771118164,22.459999084472656,22.979999542236328,50762200
2017-07-28,20.835830688476562,22.90999984741211,22.940000534057617,22.610000610351562,22.68000030517578,40162900
2017-07-31,20.790353775024414,22.860000610351562,23.030000686645508,22.739999771118164,22.8799991607666,30392300
2017-08-01,20.7630672454834,22.829999923706055,23.09000015258789,22.649999618530273,22.770000457763672,32116800
2017-08-02,20.70850372314453,22.770000457763672,22.979999542236328,22.729999542236328,22.799999237060547,27185500
2017-08-03,20.644840240478516,22.700000762939453,22.950000762939453,22.68000030517578,22.739999771118164,24214900
2017-08-04,20.299245834350586,22.31999969482422,22.579999923706055,22.190000534057617,22.5,50891100
2017-08-07,20.190107345581055,22.200000762939453,22.420000076293945,22.18000030517578,22.229999542236328,32328000
2017-08-08,20.235580444335938,22.25,22.43000030517578,22.030000686645508,22.40999984741211,34662200
2017-08-09,20.553895950317383,22.600000381469727,22.709999084472656,22.450000762939453,22.59000015258789,46821200
2017-08-10,20.990434646606445,23.079999923706055,23.079999923706055,22.8799991607666,22.989999771118164,65055700
2017-08-11,21.05409812927246,23.149999618530273,23.200000762939453,22.950000762939453,23.100000381469727,34549400
2017-08-14,20.7630672454834,22.829999923706055,22.959999084472656,22.719999313354492,22.899999618530273,39972900
2017-08-15,20.517515182495117,22.559999465942383,22.649999618530273,22.420000076293945,22.450000762939453,34484000
2017-08-16,20.990434646606445,23.079999923706055,23.15999984741211,22.5,22.510000228881836,50670000
2017-08-17,20.944963455200195,23.030000686645508,23.260000228881836,22.950000762939453,23.15999984741211,38285900
2017-08-18,20.854015350341797,22.93000030517578,23.479999542236328,22.8700008392334,23.34000015258789,55747000
2017-08-21,21.19961166381836,23.309999465942383,23.309999465942383,23.020000457763672,23.020000457763672,45542000
2017-08-22,20.999534606933594,23.09000015258789,23.309999465942383,23.079999923706055,23.200000762939453,38877800
2017-08-23,21.154142379760742,23.260000228881836,23.309999465942383,23.079999923706055,23.209999084472656,28781900
2017-08-24,21.235992431640625,23.350000381469727,23.450000762939453,23.18000030517578,23.229999542236328,37205600
2017-08-25,21.290557861328125,23.40999984741211,23.59000015258789,23.209999084472656,23.440000534057617,27137600
2017-08-28,22.063610076904297,24.260000228881836,24.270000457763672,23.559999465942383,23.59000015258789,83129500
2017-08-29,22.20911979675293,24.420000076293945,24.739999771118164,24.1299991607666,24.600000381469727,53706100
2017-08-30,21.972660064697266,24.15999984741211,24.399999618530273,24.1299991607666,24.309999465942383,41441400
2017-08-31,22.481956481933594,24.719999313354492,24.760000228881836,24.209999084472656,24.229999542236328,51429800
2017-09-01,22.53652572631836,24.780000686645508,24.8700008392334,24.489999771118164,24.84000015258789,31745200
2017-09-05,23.018543243408203,25.309999465942383,25.329999923706055,24.989999771118164,25.0,67572000
2017-09-06,22.66385269165039,24.920000076293945,25.290000915527344,24.780000686645508,25.190000534057617,58803600
2017-09-07,23.182247161865234,25.489999771118164,25.579999923706055,25.149999618530273,25.200000762939453,64252100
2017-09-08,22.95488166809082,25.239999771118164,25.479999542236328,25.079999923706055,25.420000076293945,49542200
2017-09-11,22.336442947387695,24.559999465942383,25.049999237060547,24.479999542236328,24.770000457763672,67349800
2017-09-12,22.436485290527344,24.670000076293945,24.75,24.360000610351562,24.440000534057617,33658000
2017-09-13,22.027225494384766,24.219999313354492,24.649999618530273,24.139999389648438,24.649999618530273,45006600
2017-09-14,22.163646697998047,24.3700008392334,24.440000534057617,24.049999237060547,24.149999618530273,43024000
2017-09-15,21.945375442504883,24.1299991607666,24.360000610351562,24.049999237060547,24.299999237060547,30564700
2017-09-18,21.581586837768555,23.729999542236328,23.93000030517578,23.59000015258789,23.860000610351562,48361300
2017-09-19,21.69072723388672,23.850000381469727,23.90999984741211,23.690000534057617,23.760000228881836,22338100
2017-09-20,21.37240982055664,23.5,24.200000762939453,23.18000030517578,23.93000030517578,67407500
2017-09-21,21.10866928100586,23.209999084472656,23.530000686645508,23.040000915527344,23.100000381469727,39370200
2017-09-22,21.34512710571289,23.469999313354492,23.520000457763672,23.299999237060547,23.43000030517578,34951800
2017-09-25,21.67253303527832,23.829999923706055,23.8700008392334,23.280000686645508,23.329999923706055,55652300
2017-09-26,21.235992431640625,23.350000381469727,23.649999618530273,23.260000228881836,23.479999542236328,53216500
2017-09-27,20.908586502075195,22.989999771118164,23.190000534057617,22.979999542236328,23.09000015258789,49006900
2017-09-28,21.06319236755371,23.15999984741211,23.260000228881836,22.989999771118164,23.079999923706055,33380000
2017-09-29,20.881301879882812,22.959999084472656,23.190000534057617,22.950000762939453,23.170000076293945,24126600
2017-10-02,20.963151931762695,23.049999237060547,23.15999984741211,22.809999465942383,22.90999984741211,47008000
2017-10-03,21.172330856323242,23.280000686645508,23.329999923706055,23.040000915527344,23.09000015258789,38766700
2017-10-04,21.299654006958008,23.420000076293945,23.469999313354492,23.239999771118164,23.40999984741211,32421000
2017-10-05,21.117761611938477,23.219999313354492,23.450000762939453,23.170000076293945,23.399999618530273,31366800
2017-10-06,21.45426368713379,23.59000015258789,23.610000610351562,23.0,23.18000030517578,50090800
2017-10-09,21.590682983398438,23.739999771118164,23.81999969482422,23.579999923706055,23.65999984741211,26247700
2017-10-10,21.43607521057129,23.56999969482422,23.889999389648438,23.530000686645508,23.850000381469727,44450800
2017-10-11,21.64525032043457,23.799999237060547,23.829999923706055,23.299999237060547,23.690000534057617,39690400
2017-10-12,21.572492599487305,23.719999313354492,23.84000015258789,23.59000015258789,23.760000228881836,34478400
2017-10-13,21.681629180908203,23.84000015258789,23.989999771118164,23.700000762939453,23.940000534057617,23916800
2017-10-16,21.336034774780273,23.459999084472656,23.8799991607666,23.299999237060547,23.860000610351562,47320000
2017-10-17,21.299654006958008,23.420000076293945,23.510000228881836,23.219999313354492,23.299999237060547,32778600
2017-10-18,21.21780014038086,23.329999923706055,23.489999771118164,23.270000457763672,23.350000381469727,20223400
2017-10-19,21.317842483520508,23.440000534057617,23.579999923706055,23.360000610351562,23.459999084472656,25090200
2017-10-20,21.126855850219727,23.229999542236328,23.3700008392334,23.110000610351562,23.280000686645508,33496500
2017-10-23,21.045007705688477,23.139999389648438,23.290000915527344,22.969999313354492,23.049999237060547,36056800
2017-10-24,20.87220573425293,22.950000762939453,23.139999389648438,22.899999618530273,23.040000915527344,30322100
2017-10-25,20.7630672454834,22.829999923706055,22.959999084472656,22.65999984741211,22.920000076293945,48156200
2017-10-26,20.3992862701416,22.43000030517578,22.8700008392334,22.299999237060547,22.84000015258789,51852300
2017-10-27,20.526611328125,22.56999969482422,22.639999389648438,22.309999465942383,22.3799991607666,49494800
2017-10-30,20.69940757751465,22.760000228881836,22.90999984741211,22.3799991607666,22.3799991607666,35144500
2017-10-31,20.44475746154785,22.479999542236328,22.709999084472656,22.40999984741211,22.709999084472656,28545700
2017-11-01,20.44475746154785,22.479999542236328,22.829999923706055,22.420000076293945,22.65999984741211,32439400
2017-11-02,20.535701751708984,22.579999923706055,22.780000686645508,22.469999313354492,22.530000686645508,26190500
2017-11-03,20.3992862701416,22.43000030517578,22.729999542236328,22.219999313354492,22.6200008392334,34775600
2017-11-06,20.835830688476562,22.90999984741211,23.0,22.459999084472656,22.479999542236328,51233200
2017-11-07,20.672122955322266,22.729999542236328,22.860000610351562,22.600000381469727,22.81999969482422,26060400
2017-11-08,20.81764030456543,22.889999389648438,23.030000686645508,22.81999969482422,22.950000762939453,28553400
2017-11-09,20.74488067626953,22.809999465942383,22.959999084472656,22.780000686645508,22.90999984741211,27157800
2017-11-10,20.481138229370117,22.520000457763672,22.8700008392334,22.479999542236328,22.809999465942383,35502900
2017-11-13,20.517515182495117,22.559999465942383,22.649999618530273,22.489999771118164,22.579999923706055,16756100
2017-11-14,20.5447998046875,22.59000015258789,22.709999084472656,22.350000381469727,22.420000076293945,22696800
2017-11-15,20.599365234375,22.649999618530273,22.719999313354492,22.5,22.719999313354492,23133900
2017-11-16,20.553895950317383,22.600000381469727,22.700000762939453,22.549999237060547,22.59000015258789,17070300
2017-11-17,20.726694107055664,22.790000915527344,22.920000076293945,22.56999969482422,22.729999542236328,38347500
2017-11-20,20.499326705932617,22.540000915527344,22.690000534057617,22.459999084472656,22.6299991607666,35822000
2017-11-21,20.663028717041016,22.719999313354492,22.780000686645508,22.56999969482422,22.579999923706055,28387100
2017-11-22,20.84492301940918,22.920000076293945,23.0,22.799999237060547,22.829999923706055,31873500
2017-11-24,20.7630672454834,22.829999923706055,23.09000015258789,22.809999465942383,22.969999313354492,16244100
2017-11-27,20.963151931762695,23.049999237060547,23.139999389648438,22.8799991607666,23.100000381469727,24489800
2017-11-28,20.854015350341797,22.93000030517578,23.170000076293945,22.920000076293945,23.079999923706055,25800100
2017-11-29,20.462947845458984,22.5,22.770000457763672,22.469999313354492,22.770000457763672,54138800
2017-11-30,20.43566131591797,22.469999313354492,22.530000686645508,22.270000457763672,22.3799991607666,39156200
2017-12-01,20.453853607177734,22.489999771118164,22.860000610351562,22.350000381469727,22.360000610351562,45368800
2017-12-04,20.190107345581055,22.200000762939453,22.389999389648438,22.170000076293945,22.260000228881836,32949000
2017-12-05,19.98093032836914,21.969999313354492,22.1299991607666,21.790000915527344,22.010000228881836,35894500
2017-12-06,19.726280212402344,21.690000534057617,21.899999618530273,21.610000610351562,21.670000076293945,43407300
2017-12-07,19.626237869262695,21.579999923706055,21.700000762939453,21.399999618530273,21.579999923706055,31467200
2017-12-08,19.717185974121094,21.68000030517578,21.809999465942383,21.56999969482422,21.600000381469727,29074400
2017-12-11,19.562576293945312,21.510000228881836,21.81999969482422,21.43000030517578,21.649999618530273,33505200
2017-12-12,19.48072624206543,21.420000076293945,21.459999084472656,21.270000457763672,21.31999969482422,34569600
2017-12-13,20.153730392456055,22.15999984741211,22.31999969482422,21.420000076293945,21.420000076293945,82201600
2017-12-14,20.071880340576172,22.06999969482422,22.170000076293945,21.799999237060547,22.079999923706055,36365600
2017-12-15,19.999122619628906,21.989999771118164,22.209999084472656,21.979999542236328,22.15999984741211,33144000
2017-12-18,20.316333770751953,22.15999984741211,22.229999542236328,21.989999771118164,22.079999923706055,30791800
2017-12-19,20.288829803466797,22.1299991607666,22.260000228881836,22.040000915527344,22.15999984741211,25162600
2017-12-20,20.628047943115234,22.5,22.59000015258789,22.209999084472656,22.25,37314000
2017-12-21,20.747230529785156,22.6299991607666,22.75,22.43000030517578,22.43000030517578,27396800
2017-12-22,20.9856014251709,22.889999389648438,22.920000076293945,22.68000030517578,22.75,26914900
2017-12-26,21.26980972290039,23.200000762939453,23.25,22.889999389648438,22.969999313354492,34177900
2017-12-27,21.233137130737305,23.15999984741211,23.280000686645508,23.059999465942383,23.270000457763672,29887500
2017-12-28,21.26980972290039,23.200000762939453,23.350000381469727,23.020000457763672,23.280000686645508,18870200
2017-12-29,21.30648422241211,23.239999771118164,23.3700008392334,23.100000381469727,23.31999969482422,22380400
2018-01-02,21.838228225708008,23.81999969482422,23.84000015258789,23.420000076293945,23.459999084472656,43172000
2018-01-03,21.609024047851562,23.56999969482422,23.809999465942383,23.239999771118164,23.780000686645508,45780900
2018-01-04,21.746545791625977,23.719999313354492,23.739999771118164,23.389999389648438,23.549999237060547,31300300
2018-01-05,21.700708389282227,23.670000076293945,23.719999313354492,23.489999771118164,23.579999923706055,21765800
2018-01-08,21.471506118774414,23.420000076293945,23.610000610351562,23.280000686645508,23.579999923706055,33366000
2018-01-09,21.187297821044922,23.110000610351562,23.270000457763672,22.969999313354492,23.190000534057617,40393700
2018-01-10,21.315650939941406,23.25,23.43000030517578,23.15999984741211,23.34000015258789,28985500
2018-01-11,21.434829711914062,23.3799991607666,23.420000076293945,23.270000457763672,23.270000457763672,23581400
2018-01-12,22.012422561645508,24.010000228881836,24.020000457763672,23.5,23.600000381469727,55599200
2018-01-16,22.34246826171875,24.3700008392334,24.43000030517578,24.010000228881836,24.040000915527344,39719500
2018-01-17,21.948244094848633,23.940000534057617,24.489999771118164,23.920000076293945,24.209999084472656,41932100
2018-01-18,21.64569664001465,23.610000610351562,24.079999923706055,23.559999465942383,23.969999313354492,39198000
2018-01-19,21.682369232177734,23.649999618530273,23.84000015258789,23.639999389648438,23.780000686645508,22753200
2018-01-22,21.73737907409668,23.709999084472656,23.829999923706055,23.540000915527344,23.75,19300900
2018-01-23,22.09493064880371,24.100000381469727,24.170000076293945,23.389999389648438,23.600000381469727,38807100
2018-01-24,22.55333137512207,24.600000381469727,24.84000015258789,24.489999771118164,24.510000228881836,53467100
2018-01-25,22.122434616088867,24.1299991607666,24.860000610351562,23.979999542236328,24.739999771118164,61745600
2018-01-26,22.324132919311523,24.350000381469727,24.420000076293945,24.200000762939453,24.299999237060547,31439500
2018-01-29,21.70987319946289,23.68000030517578,24.149999618530273,23.56999969482422,24.1299991607666,59676000
2018-01-30,21.499008178710938,23.450000762939453,23.860000610351562,23.329999923706055,23.799999237060547,37702200
2018-01-31,21.774049758911133,23.75,23.84000015258789,23.219999313354492,23.670000076293945,46410300
2018-02-01,21.72821044921875,23.700000762939453,23.809999465942383,23.450000762939453,23.56999969482422,33277700
2018-02-02,21.003938674926758,22.90999984741211,23.389999389648438,22.790000915527344,23.3799991607666,75765500
2018-02-05,20.820575714111328,22.709999084472656,23.020000457763672,22.479999542236328,23.0,53158400
2018-02-06,20.27049446105957,22.110000610351562,22.520000457763672,21.979999542236328,22.489999771118164,68463900
2018-02-07,19.986284255981445,21.799999237060547,22.280000686645508,21.729999542236328,21.989999771118164,51539100
2018-02-08,19.87626838684082,21.68000030517578,22.020000457763672,21.649999618530273,21.799999237060547,51192400
2018-02-09,19.87626838684082,21.68000030517578,21.68000030517578,20.84000015258789,21.649999618530273,101763800
2018-02-12,20.14214324951172,21.969999313354492,22.149999618530273,21.43000030517578,21.56999969482422,70844400
2018-02-13,20.169647216796875,22.0,22.09000015258789,21.829999923706055,21.989999771118164,21692900
2018-02-14,21.095619201660156,23.010000228881836,23.149999618530273,21.940000534057617,22.010000228881836,95516900
2018-02-15,21.077280044555664,22.989999771118164,23.100000381469727,22.6299991607666,23.06999969482422,36155700
2018-02-16,20.63721466064453,22.510000228881836,22.899999618530273,22.219999313354492,22.809999465942383,49081700
2018-02-20,20.050464630126953,21.8700008392334,22.309999465942383,21.84000015258789,22.219999313354492,47894500
2018-02-21,19.97711944580078,21.790000915527344,22.459999084472656,21.780000686645508,22.059999465942383,40097800
2018-02-22,19.922107696533203,21.729999542236328,22.040000915527344,21.719999313354492,21.940000534057617,27068100
2018-02-23,20.14214324951172,21.969999313354492,21.989999771118164,21.670000076293945,21.75,24782000
2018-02-26,20.334672927856445,22.18000030517578,22.25,22.010000228881836,22.079999923706055,30234300
2018-02-27,19.702075958251953,21.489999771118164,21.969999313354492,21.350000381469727,21.969999313354492,69407300
2018-02-28,19.5737247467041,21.350000381469727,21.6200008392334,21.350000381469727,21.540000915527344,33039000
2018-03-01,19.775421142578125,21.56999969482422,21.639999389648438,20.940000534057617,21.1200008392334,59170800
2018-03-02,19.702075958251953,21.489999771118164,21.889999389648438,21.469999313354492,21.770000457763672,25906400
2018-03-05,19.848766326904297,21.649999618530273,21.649999618530273,21.309999465942383,21.440000534057617,38419800
2018-03-06,20.178813934326172,22.010000228881836,22.25,21.899999618530273,21.940000534057617,53458700
2018-03-07,19.775421142578125,21.56999969482422,22.059999465942383,21.510000228881836,21.979999542236328,42129900
2018-03-08,19.848766326904297,21.649999618530273,21.700000762939453,21.440000534057617,21.649999618530273,18596900
2018-03-09,19.775421142578125,21.56999969482422,21.770000457763672,21.420000076293945,21.520000457763672,23402900
2018-03-12,19.949613571166992,21.760000228881836,21.790000915527344,21.350000381469727,21.459999084472656,32577300
2018-03-13,19.867103576660156,21.670000076293945,21.889999389648438,21.559999465942383,21.780000686645508,17335400
2018-03-14,19.922107696533203,21.729999542236328,21.81999969482422,21.639999389648438,21.68000030517578,16708700
2018-03-15,19.6654052734375,21.450000762939453,21.649999618530273,21.40999984741211,21.56999969482422,30524800
2018-03-16,19.64706802368164,21.43000030517578,21.530000686645508,21.25,21.440000534057617,20880700
2018-03-19,19.72041130065918,21.510000228881836,21.559999465942383,21.219999313354492,21.40999984741211,30109500
2018-03-20,19.500381469726562,21.270000457763672,21.40999984741211,21.15999984741211,21.31999969482422,40842100
2018-03-21,20.04129409790039,21.860000610351562,22.020000457763672,21.3799991607666,21.469999313354492,77132100
2018-03-22,19.711244583129883,21.5,21.84000015258789,21.489999771118164,21.739999771118164,34294500
2018-03-23,20.279664993286133,22.1200008392334,22.360000610351562,22.020000457763672,22.059999465942383,74162800
2018-03-26,20.573040008544922,22.440000534057617,22.510000228881836,22.260000228881836,22.309999465942383,44428800
2018-03-27,20.160480499267578,21.989999771118164,22.270000457763672,21.950000762939453,22.100000381469727,50314200
2018-03-28,19.857933044433594,21.65999984741211,21.899999618530273,21.559999465942383,21.8700008392334,57399700
2018-03-29,20.15131187438965,21.979999542236328,21.989999771118164,21.6299991607666,21.639999389648438,36064900
2018-04-02,20.380510330200195,22.229999542236328,22.440000534057617,22.110000610351562,22.190000534057617,38852500
2018-04-03,20.08713150024414,21.90999984741211,22.100000381469727,21.829999923706055,22.030000686645508,32183100
2018-04-04,20.050464630126953,21.8700008392334,22.18000030517578,21.81999969482422,22.170000076293945,21864000
2018-04-05,20.14214324951172,21.969999313354492,21.989999771118164,21.68000030517578,21.709999084472656,21917200
2018-04-06,20.233823776245117,22.06999969482422,22.190000534057617,22.020000457763672,22.139999389648438,28824100
2018-04-09,20.15131187438965,21.979999542236328,22.190000534057617,21.84000015258789,22.09000015258789,26503600
2018-04-10,20.408010482788086,22.260000228881836,22.40999984741211,22.139999389648438,22.170000076293945,34933700
2018-04-11,20.857248306274414,22.75,23.049999237060547,22.459999084472656,22.469999313354492,73378100
2018-04-12,20.600542068481445,22.469999313354492,22.68000030517578,22.440000534057617,22.549999237060547,38282400
2018-04-13,20.9856014251709,22.889999389648438,23.049999237060547,22.65999984741211,22.68000030517578,45733700
2018-04-16,20.90308952331543,22.799999237060547,22.979999542236328,22.690000534057617,22.979999542236328,33914400
2018-04-17,21.02227210998535,22.93000030517578,23.010000228881836,22.670000076293945,22.729999542236328,26116200
2018-04-18,21.068111419677734,22.979999542236328,23.309999465942383,22.959999084472656,23.1299991607666,55934600
2018-04-19,21.141454696655273,23.059999465942383,23.18000030517578,22.81999969482422,23.100000381469727,33413200
2018-04-20,20.820575714111328,22.709999084472656,22.850000381469727,22.59000015258789,22.81999969482422,47975800
2018-04-23,20.545536041259766,22.40999984741211,22.559999465942383,22.3700008392334,22.5,38080800
2018-04-24,20.81140899658203,22.700000762939453,22.75,22.489999771118164,22.540000915527344,35369700
2018-04-25,20.628047943115234,22.5,22.65999984741211,22.31999969482422,22.43000030517578,27986500
2018-04-26,20.710559844970703,22.59000015258789,22.690000534057617,22.440000534057617,22.59000015258789,27482300
2018-04-27,20.838909149169922,22.729999542236328,22.760000228881836,22.59000015258789,22.670000076293945,24142000
2018-04-30,20.42635154724121,22.280000686645508,22.479999542236328,22.25,22.43000030517578,48350400
2018-05-01,20.453853607177734,22.309999465942383,22.3700008392334,22.040000915527344,22.139999389648438,31639700
2018-05-02,20.518030166625977,22.3799991607666,22.770000457763672,22.299999237060547,22.389999389648438,47085300
2018-05-03,20.76556396484375,22.649999618530273,22.780000686645508,22.530000686645508,22.649999618530273,31886800
2018-05-04,20.76556396484375,22.649999618530273,22.700000762939453,22.489999771118164,22.579999923706055,25226400
2018-05-07,20.76556396484375,22.649999618530273,22.799999237060547,22.579999923706055,22.600000381469727,18934400
2018-05-08,20.793073654174805,22.68000030517578,22.719999313354492,22.309999465942383,22.530000686645508,34792300
2018-05-09,20.747230529785156,22.6299991607666,22.770000457763672,22.59000015258789,22.649999618530273,24236900
2018-05-10,21.040607452392578,22.950000762939453,22.989999771118164,22.780000686645508,22.81999969482422,40726900
2018-05-11,20.976428985595703,22.8799991607666,23.059999465942383,22.829999923706055,23.0,25367500
2018-05-14,20.88475227355957,22.780000686645508,23.0,22.670000076293945,22.959999084472656,27921100
2018-05-15,20.408010482788086,22.260000228881836,22.3799991607666,22.1299991607666,22.31999969482422,60869800
2018-05-16,20.43552017211914,22.290000915527344,22.3700008392334,22.209999084472656,22.219999313354492,29674700
2018-05-17,20.343839645385742,22.190000534057617,22.260000228881836,22.1299991607666,22.260000228881836,21513100
2018-05-18,20.343839645385742,22.190000534057617,22.260000228881836,22.030000686645508,22.100000381469727,21201900
2018-05-21,20.472190856933594,22.329999923706055,22.34000015258789,22.059999465942383,22.190000534057617,24219400
2018-05-22,20.288829803466797,22.1299991607666,22.450000762939453,22.110000610351562,22.329999923706055,29793700
2018-05-23,20.481359481811523,22.34000015258789,22.43000030517578,22.010000228881836,22.020000457763672,35634500
2018-05-24,20.76556396484375,22.649999618530273,22.649999618530273,22.360000610351562,22.420000076293945,43392200
2018-05-25,20.453853607177734,22.309999465942383,22.559999465942383,22.25,22.510000228881836,45369500
2018-05-29,20.307167053222656,22.149999618530273,22.3799991607666,22.079999923706055,22.1200008392334,38924900
2018-05-30,20.573040008544922,22.440000534057617,22.489999771118164,22.229999542236328,22.270000457763672,26859600
2018-05-31,20.481359481811523,22.34000015258789,22.450000762939453,22.270000457763672,22.3700008392334,21951700
2018-06-01,20.453853607177734,22.309999465942383,22.43000030517578,22.139999389648438,22.31999969482422,34934700
2018-06-04,20.42635154724121,22.280000686645508,22.459999084472656,22.239999771118164,22.440000534057617,14069800
2018-06-05,20.573040008544922,22.440000534057617,22.510000228881836,22.260000228881836,22.31999969482422,23725600
2018-06-06,20.70138931274414,22.579999923706055,22.600000381469727,22.360000610351562,22.5,28884400
2018-06-07,20.58220863342285,22.450000762939453,22.56999969482422,22.350000381469727,22.559999465942383,24370400
2018-06-08,20.499692916870117,22.360000610351562,22.43000030517578,22.270000457763672,22.389999389648438,14786300
2018-06-11,20.673887252807617,22.549999237060547,22.559999465942383,22.290000915527344,22.350000381469727,22189200
2018-06-12,20.618877410888672,22.489999771118164,22.56999969482422,22.3700008392334,22.440000534057617,18186500
2018-06-13,20.609710693359375,22.479999542236328,22.600000381469727,22.219999313354492,22.510000228881836,26970400
2018-06-14,20.774736404418945,22.65999984741211,22.670000076293945,22.540000915527344,22.549999237060547,27702300
2018-06-15,20.380510330200195,22.229999542236328,22.389999389648438,22.1200008392334,22.350000381469727,67655000
2018-06-18,20.41718292236328,22.270000457763672,22.34000015258789,22.18000030517578,22.18000030517578,25229100
2018-06-19,20.215486526489258,22.049999237060547,22.229999542236328,22.020000457763672,22.059999465942383,29906000
2018-06-20,20.096302032470703,21.920000076293945,22.149999618530273,21.8799991607666,22.1200008392334,27917300
2018-06-21,20.08713150024414,21.90999984741211,22.0,21.860000610351562,21.93000030517578,20138300
2018-06-22,20.334672927856445,22.18000030517578,22.229999542236328,21.959999084472656,21.989999771118164,31844700
2018-06-25,20.178813934326172,22.010000228881836,22.170000076293945,21.950000762939453,22.079999923706055,27603600
2018-06-26,20.123807907104492,21.950000762939453,22.020000457763672,21.790000915527344,21.8799991607666,20695400
2018-06-27,19.995450973510742,21.809999465942383,22.030000686645508,21.790000915527344,21.850000381469727,29246500
2018-06-28,20.105470657348633,21.93000030517578,21.959999084472656,21.770000457763672,21.8799991607666,27797900
2018-06-29,20.453853607177734,22.309999465942383,22.399999618530273,21.93000030517578,21.940000534057617,53961400
2018-07-02,20.242992401123047,22.079999923706055,22.219999313354492,21.979999542236328,22.1200008392334,32224400
2018-07-03,20.600542068481445,22.469999313354492,22.6299991607666,22.280000686645508,22.290000915527344,36319300
2018-07-05,20.793073654174805,22.68000030517578,22.739999771118164,22.56999969482422,22.600000381469727,39397300
2018-07-06,20.728897094726562,22.610000610351562,22.799999237060547,22.579999923706055,22.709999084472656,34350000
2018-07-09,20.673887252807617,22.549999237060547,22.93000030517578,22.530000686645508,22.860000610351562,24832400
2018-07-10,20.719728469848633,22.600000381469727,22.639999389648438,22.3700008392334,22.489999771118164,21568100
2018-07-11,20.169647216796875,22.0,22.459999084472656,21.940000534057617,22.389999389648438,63565300
2018-07-12,20.297998428344727,22.139999389648438,22.290000915527344,22.110000610351562,22.1299991607666,30125700
2018-07-13,20.132972717285156,21.959999084472656,22.110000610351562,21.940000534057617,22.0,22024500
2018-07-16,20.050464630126953,21.8700008392334,22.0,21.799999237060547,21.950000762939453,19669600
2018-07-17,20.05963134765625,21.8799991607666,21.940000534057617,21.670000076293945,21.729999542236328,41938300
2018-07-18,20.04129409790039,21.860000610351562,21.8799991607666,21.6299991607666,21.709999084472656,35836300
2018-07-19,19.784587860107422,21.579999923706055,21.920000076293945,21.479999542236328,21.5,46406300
2018-07-20,19.967952728271484,21.780000686645508,21.8700008392334,21.6299991607666,21.780000686645508,39138300
2018-07-23,19.555387496948242,21.329999923706055,21.639999389648438,21.31999969482422,21.6200008392334,51711400
2018-07-24,19.821264266967773,21.6200008392334,21.6299991607666,21.450000762939453,21.450000762939453,45248700
2018-07-25,19.986284255981445,21.799999237060547,21.799999237060547,21.5,21.709999084472656,43773100
2018-07-26,19.610395431518555,21.389999389648438,21.670000076293945,21.360000610351562,21.56999969482422,60861700
2018-07-27,19.546222686767578,21.31999969482422,21.489999771118164,21.239999771118164,21.3700008392334,23550500
2018-07-30,19.500381469726562,21.270000457763672,21.3799991607666,21.18000030517578,21.299999237060547,19823200
2018-07-31,19.50954818725586,21.280000686645508,21.459999084472656,21.190000534057617,21.209999084472656,22085600
2018-08-01,19.35369110107422,21.110000610351562,21.290000915527344,21.079999923706055,21.25,36248800
2018-08-02,19.19783592224121,20.940000534057617,21.110000610351562,20.889999389648438,21.110000610351562,33471600
2018-08-03,19.399534225463867,21.15999984741211,21.31999969482422,20.989999771118164,21.059999465942383,41235200
2018-08-06,19.161161422729492,20.899999618530273,21.049999237060547,20.8799991607666,21.020000457763672,25437500
2018-08-07,18.941129684448242,20.65999984741211,21.09000015258789,20.639999389648438,21.06999969482422,32676600
2018-08-08,19.03281021118164,20.760000228881836,20.799999237060547,20.600000381469727,20.68000030517578,26936600
2018-08-09,18.986970901489258,20.709999084472656,21.020000457763672,20.700000762939453,20.81999969482422,26457700
2018-08-10,18.849449157714844,20.559999465942383,20.780000686645508,20.510000228881836,20.670000076293945,34589200
2018-08-13,18.317705154418945,19.979999542236328,20.40999984741211,19.8799991607666,20.389999389648438,71197400
2018-08-14,18.12517738342285,19.770000457763672,20.059999465942383,19.739999771118164,20.020000457763672,31663100
2018-08-15,17.052518844604492,18.600000381469727,19.450000762939453,18.469999313354492,19.440000534057617,127545500
2018-08-16,16.649127960205078,18.15999984741211,18.950000762939453,18.149999618530273,18.799999237060547,78684200
2018-08-17,17.162534713745117,18.719999313354492,18.799999237060547,18.309999465942383,18.389999389648438,108432900
2018-08-20,17.22671127319336,18.790000915527344,18.959999084472656,18.579999923706055,18.809999465942383,50865700
2018-08-21,17.34589385986328,18.920000076293945,18.979999542236328,18.68000030517578,18.809999465942383,32200100
2018-08-22,17.474246978759766,19.059999465942383,19.079999923706055,18.920000076293945,19.049999237060547,29172600
2018-08-23,16.924165725708008,18.459999084472656,18.8700008392334,18.350000381469727,18.8700008392334,60360200
2018-08-24,17.37339973449707,18.950000762939453,19.219999313354492,18.6200008392334,18.709999084472656,72678300
2018-08-27,17.675947189331055,19.280000686645508,19.309999465942383,19.030000686645508,19.059999465942383,48725600
2018-08-28,17.34589385986328,18.920000076293945,19.489999771118164,18.799999237060547,19.399999618530273,52003800
2018-08-29,17.410070419311523,18.989999771118164,19.1200008392334,18.889999389648438,19.0,32824200
2018-08-30,17.13503074645996,18.690000534057617,18.860000610351562,18.579999923706055,18.860000610351562,41048500
2018-08-31,17.006677627563477,18.549999237060547,18.84000015258789,18.5,18.709999084472656,32493200
2018-09-04,16.520774841308594,18.020000457763672,18.350000381469727,17.969999313354492,18.280000686645508,68162500
2018-09-05,16.383251190185547,17.8700008392334,18.170000076293945,17.790000915527344,18.149999618530273,37114900
2018-09-06,16.355751037597656,17.84000015258789,18.15999984741211,17.770000457763672,17.950000762939453,44015200
2018-09-07,16.392419815063477,17.8799991607666,18.010000228881836,17.579999923706055,17.75,42474300
2018-09-10,16.144886016845703,17.610000610351562,17.940000534057617,17.56999969482422,17.889999389648438,36646400
2018-09-11,16.108211517333984,17.56999969482422,17.6200008392334,17.280000686645508,17.440000534057617,34496300
2018-09-12,16.603288650512695,18.110000610351562,18.290000915527344,17.43000030517578,17.549999237060547,80327200
2018-09-13,16.584949493408203,18.09000015258789,18.420000076293945,17.940000534057617,18.389999389648438,42941600
2018-09-14,16.484098434448242,17.979999542236328,18.200000762939453,17.920000076293945,18.079999923706055,28846500
2018-09-17,16.795812606811523,18.31999969482422,18.420000076293945,18.0,18.139999389648438,45917300
2018-09-18,16.896663665771484,18.43000030517578,18.459999084472656,18.209999084472656,18.299999237060547,40661400
2018-09-19,17.190040588378906,18.75,18.959999084472656,18.510000228881836,18.540000915527344,50131500
2018-09-20,17.35506820678711,18.93000030517578,19.110000610351562,18.670000076293945,18.940000534057617,45547700
2018-09-21,17.217546463012695,18.780000686645508,18.93000030517578,18.5,18.56999969482422,43987000
2018-09-24,17.235877990722656,18.799999237060547,19.110000610351562,18.75,18.899999618530273,45806500
2018-09-25,17.281719207763672,18.850000381469727,19.100000381469727,18.760000228881836,18.989999771118164,34694500
2018-09-26,16.887493133544922,18.420000076293945,18.829999923706055,18.389999389648438,18.719999313354492,78326300
2018-09-27,16.81415367126465,18.34000015258789,18.479999542236328,18.139999389648438,18.219999313354492,42157400
2018-09-28,16.979175567626953,18.520000457763672,18.690000534057617,18.469999313354492,18.5,36328000
2018-10-01,17.006677627563477,18.549999237060547,18.6200008392334,18.43000030517578,18.440000534057617,30221100
2018-10-02,17.465078353881836,19.049999237060547,19.079999923706055,18.739999771118164,18.829999923706055,70369600
2018-10-03,17.22671127319336,18.790000915527344,19.229999542236328,18.75,19.100000381469727,47836900
2018-10-04,17.190040588378906,18.75,18.989999771118164,18.59000015258789,18.90999984741211,42990700
2018-10-05,17.098358154296875,18.649999618530273,18.899999618530273,18.579999923706055,18.81999969482422,32050300
2018-10-08,17.153366088867188,18.709999084472656,18.729999542236328,18.200000762939453,18.360000610351562,50616600
2018-10-09,16.8599910736084,18.389999389648438,18.6299991607666,18.290000915527344,18.579999923706055,39183800
2018-10-10,17.08002471923828,18.6299991607666,18.709999084472656,18.149999618530273,18.329999923706055,57558300
2018-10-11,18.216856002807617,19.8700008392334,19.989999771118164,18.84000015258789,19.030000686645508,134790100
2018-10-12,18.106843948364258,19.75,19.889999389648438,19.270000457763672,19.75,63982500
2018-10-15,18.391050338745117,20.059999465942383,20.389999389648438,19.93000030517578,20.020000457763672,64151500
2018-10-16,18.326875686645508,19.989999771118164,20.329999923706055,19.760000228881836,20.229999542236328,40971300
2018-10-17,18.25353240966797,19.90999984741211,20.229999542236328,19.770000457763672,19.989999771118164,43598000
2018-10-18,18.336044311523438,20.0,20.350000381469727,19.770000457763672,19.850000381469727,40595000
2018-10-19,18.345211029052734,20.010000228881836,20.270000457763672,19.969999313354492,20.190000534057617,32958300
2018-10-22,18.207693099975586,19.860000610351562,19.979999542236328,19.68000030517578,19.899999618530273,30036800
2018-10-23,18.42772102355957,20.100000381469727,20.510000228881836,19.93000030517578,20.360000610351562,51504500
2018-10-24,18.216856002807617,19.8700008392334,20.239999771118164,19.799999237060547,20.100000381469727,38506000
2018-10-25,17.419239044189453,19.0,19.93000030517578,18.8799991607666,19.899999618530273,85572300
2018-10-26,17.474246978759766,19.059999465942383,19.579999923706055,19.010000228881836,19.1299991607666,74515900
2018-10-29,17.42840576171875,19.010000228881836,19.43000030517578,18.81999969482422,19.030000686645508,39090300
2018-10-30,17.556758880615234,19.149999618530273,19.25,18.81999969482422,18.969999313354492,33839100
2018-10-31,17.35506820678711,18.93000030517578,18.940000534057617,18.639999389648438,18.84000015258789,55037000
2018-11-01,17.941816329956055,19.56999969482422,19.670000076293945,19.200000762939453,19.239999771118164,63588500
2018-11-02,17.996824264526367,19.6299991607666,19.65999984741211,19.360000610351562,19.489999771118164,38780200
2018-11-05,17.932649612426758,19.559999465942383,19.799999237060547,19.34000015258789,19.43000030517578,29600100
2018-11-06,17.785961151123047,19.399999618530273,19.65999984741211,19.309999465942383,19.59000015258789,26050300
2018-11-07,17.703447341918945,19.309999465942383,19.559999465942383,19.270000457763672,19.520000457763672,22573000
2018-11-08,17.76762580871582,19.3799991607666,19.469999313354492,19.149999618530273,19.170000076293945,36788400
2018-11-09,17.45591163635254,19.040000915527344,19.1200008392334,18.780000686645508,18.93000030517578,48178200
2018-11-12,17.061689376831055,18.610000610351562,18.889999389648438,18.59000015258789,18.790000915527344,38310500
2018-11-13,16.887493133544922,18.420000076293945,18.729999542236328,18.260000228881836,18.700000762939453,37410700
2018-11-14,17.263385772705078,18.829999923706055,19.079999923706055,18.34000015258789,18.3700008392334,66754900
2018-11-15,17.501752853393555,19.09000015258789,19.1299991607666,18.809999465942383,18.889999389648438,39657800
2018-11-16,17.76762580871582,19.3799991607666,19.5,19.290000915527344,19.3700008392334,46150500
2018-11-19,17.776792526245117,19.389999389648438,19.65999984741211,19.329999923706055,19.350000381469727,39968700
2018-11-20,17.694278717041016,19.299999237060547,19.510000228881836,18.969999313354492,19.510000228881836,33847400
2018-11-21,18.16185188293457,19.809999465942383,19.920000076293945,19.450000762939453,19.469999313354492,51285800
2018-11-23,17.749290466308594,19.360000610351562,19.739999771118164,19.270000457763672,19.6299991607666,30344400
2018-11-26,17.657608032226562,19.260000228881836,19.670000076293945,19.219999313354492,19.399999618530273,23593600
2018-11-27,17.3000545501709,18.8700008392334,19.290000915527344,18.719999313354492,19.290000915527344,51165000
2018-11-28,17.7309513092041,19.34000015258789,19.479999542236328,18.729999542236328,18.770000457763672,49633100
2018-11-29,17.575096130371094,19.170000076293945,19.520000457763672,19.15999984741211,19.440000534057617,28893400
2018-11-30,17.501752853393555,19.09000015258789,19.18000030517578,18.799999237060547,19.079999923706055,31883800
2018-12-03,17.8226318359375,19.440000534057617,19.489999771118164,19.15999984741211,19.389999389648438,47882800
2018-12-04,17.969324111938477,19.600000381469727,19.770000457763672,19.520000457763672,19.670000076293945,45434300
2018-12-06,18.070171356201172,19.709999084472656,19.899999618530273,19.5,19.65999984741211,50911100
2018-12-07,18.519405364990234,20.200000762939453,20.34000015258789,19.790000915527344,19.8799991607666,67727400
2018-12-10,18.455224990844727,20.1299991607666,20.549999237060547,19.989999771118164,20.100000381469727,47462700
2018-12-11,18.345211029052734,20.010000228881836,20.3799991607666,19.959999084472656,20.209999084472656,50550800
2018-12-12,18.73943328857422,20.440000534057617,20.489999771118164,20.06999969482422,20.06999969482422,71833500
2018-12-13,18.776107788085938,20.479999542236328,20.479999542236328,20.290000915527344,20.329999923706055,42891300
2018-12-14,18.446056365966797,20.1200008392334,20.360000610351562,20.079999923706055,20.260000228881836,48779800
2018-12-17,18.895292282104492,20.610000610351562,20.649999618530273,20.280000686645508,20.290000915527344,67083000
2018-12-18,19.335357666015625,21.09000015258789,21.170000076293945,20.530000686645508,20.540000915527344,79518700
2018-12-19,18.290205001831055,19.950000762939453,21.469999313354492,19.899999618530273,21.09000015258789,120753200
2018-12-20,19.050565719604492,20.670000076293945,20.84000015258789,20.34000015258789,20.530000686645508,94498200
2018-12-21,18.83858299255371,20.440000534057617,20.770000457763672,20.270000457763672,20.68000030517578,63178700
2018-12-24,19.437660217285156,21.09000015258789,21.110000610351562,20.649999618530273,20.700000762939453,60507000
2018-12-26,19.004484176635742,20.6200008392334,21.399999618530273,20.530000686645508,21.350000381469727,76365200
2018-12-27,19.327062606811523,20.969999313354492,21.0,20.700000762939453,20.84000015258789,52393000
2018-12-28,18.98604965209961,20.600000381469727,21.020000457763672,20.56999969482422,20.889999389648438,49835000
2018-12-31,19.437660217285156,21.09000015258789,21.1299991607666,20.559999465942383,20.700000762939453,53866600
2019-01-02,19.400793075561523,21.049999237060547,21.229999542236328,20.84000015258789,21.110000610351562,39963400
2019-01-03,19.797101974487305,21.479999542236328,21.540000915527344,21.1299991607666,21.299999237060547,52555200
2019-01-04,19.631206512451172,21.299999237060547,21.399999618530273,21.010000228881836,21.1299991607666,60257200
2019-01-07,19.391576766967773,21.040000915527344,21.530000686645508,20.979999542236328,21.479999542236328,41231900
2019-01-08,19.400793075561523,21.049999237060547,21.06999969482422,20.690000534057617,20.850000381469727,36313100
2019-01-09,19.649641036987305,21.31999969482422,21.40999984741211,21.010000228881836,21.030000686645508,55350100
2019-01-10,19.35470962524414,21.0,21.350000381469727,20.950000762939453,21.239999771118164,38185600
2019-01-11,19.428443908691406,21.079999923706055,21.25,21.010000228881836,21.059999465942383,32955600
2019-01-14,19.290197372436523,20.93000030517578,21.270000457763672,20.850000381469727,21.1200008392334,34552200
2019-01-15,18.99526596069336,20.610000610351562,21.059999465942383,20.420000076293945,21.0,45097700
2019-01-16,18.98604965209961,20.600000381469727,20.780000686645508,20.5,20.56999969482422,22030000
2019-01-17,19.04134750366211,20.65999984741211,20.770000457763672,20.510000228881836,20.56999969482422,25288300
2019-01-18,18.718769073486328,20.309999465942383,20.639999389648438,20.239999771118164,20.450000762939453,50576000
2019-01-22,18.847803115844727,20.450000762939453,20.510000228881836,20.219999313354492,20.360000610351562,34617600
2019-01-23,18.884666442871094,20.489999771118164,20.610000610351562,20.229999542236328,20.31999969482422,22692400
2019-01-24,18.89388656616211,20.5,20.59000015258789,20.350000381469727,20.3700008392334,37866200
2019-01-25,19.52060890197754,21.18000030517578,21.229999542236328,20.799999237060547,20.809999465942383,52893000
2019-01-28,19.769454956054688,21.450000762939453,21.479999542236328,21.18000030517578,21.18000030517578,38990100
2019-01-29,20.248714447021484,21.969999313354492,21.979999542236328,21.489999771118164,21.639999389648438,61112200
2019-01-30,20.442262649536133,22.18000030517578,22.549999237060547,21.75,21.860000610351562,66605400
2019-01-31,20.912307739257812,22.690000534057617,22.690000534057617,22.290000915527344,22.420000076293945,60796600
2019-02-01,20.801706314086914,22.56999969482422,22.65999984741211,22.200000762939453,22.530000686645508,42718200
2019-02-04,20.72797203063965,22.489999771118164,22.510000228881836,22.15999984741211,22.190000534057617,53968100
2019-02-05,20.838571548461914,22.610000610351562,22.610000610351562,22.219999313354492,22.489999771118164,33532900
2019-02-06,20.4791259765625,22.219999313354492,22.600000381469727,22.209999084472656,22.360000610351562,49850200
2019-02-07,20.30401611328125,22.030000686645508,22.350000381469727,21.959999084472656,22.209999084472656,36029500
2019-02-08,20.5897274017334,22.34000015258789,22.450000762939453,22.06999969482422,22.06999969482422,48965400
2019-02-11,20.35009765625,22.079999923706055,22.31999969482422,22.059999465942383,22.110000610351562,38453400
2019-02-12,20.322446823120117,22.049999237060547,22.270000457763672,21.950000762939453,22.229999542236328,23475700
2019-02-13,20.2026309967041,21.920000076293945,22.280000686645508,21.90999984741211,22.0,49415200
2019-02-14,20.4053955078125,22.139999389648438,22.18000030517578,21.84000015258789,21.959999084472656,33745200
2019-02-15,20.67267417907715,22.43000030517578,22.440000534057617,22.020000457763672,22.270000457763672,37505500
2019-02-19,21.327051162719727,23.139999389648438,23.260000228881836,22.6200008392334,22.709999084472656,90301500
2019-02-20,21.52981185913086,23.360000610351562,23.700000762939453,23.139999389648438,23.309999465942383,62442200
2019-02-21,21.179582595825195,22.979999542236328,23.209999084472656,22.940000534057617,23.110000610351562,54488200
2019-02-22,21.253314971923828,23.059999465942383,23.360000610351562,22.979999542236328,23.1200008392334,41676600
2019-02-25,20.986038208007812,22.770000457763672,23.09000015258789,22.760000228881836,23.030000686645508,47067700
2019-02-26,20.949169158935547,22.729999542236328,22.81999969482422,22.360000610351562,22.770000457763672,36299000
2019-02-27,20.598941802978516,22.350000381469727,22.68000030517578,22.200000762939453,22.600000381469727,49023500
2019-02-28,20.497560501098633,22.239999771118164,22.360000610351562,22.15999984741211,22.360000610351562,32776800
2019-03-01,19.999868392944336,21.700000762939453,22.31999969482422,21.690000534057617,22.059999465942383,78919200
2019-03-04,20.13811683654785,21.850000381469727,21.860000610351562,21.399999618530273,21.559999465942383,55000900
2019-03-05,20.248714447021484,21.969999313354492,21.969999313354492,21.68000030517578,21.770000457763672,30417100
2019-03-06,19.83397102355957,21.520000457763672,21.940000534057617,21.469999313354492,21.90999984741211,55294000
2019-03-07,20.08281707763672,21.790000915527344,21.889999389648438,21.5,21.520000457763672,41501300
2019-03-08,20.61737632751465,22.3700008392334,22.399999618530273,21.940000534057617,22.209999084472656,59864500
2019-03-11,20.543643951416016,22.290000915527344,22.510000228881836,21.989999771118164,22.399999618530273,38359700
2019-03-12,20.90308952331543,22.68000030517578,22.729999542236328,22.34000015258789,22.40999984741211,48840700
2019-03-13,21.068986892700195,22.860000610351562,22.969999313354492,22.6200008392334,22.809999465942383,31968100
2019-03-14,20.506776809692383,22.25,22.5,22.18000030517578,22.399999618530273,42989400
2019-03-15,20.552858352661133,22.299999237060547,22.579999923706055,22.15999984741211,22.399999618530273,42292600
2019-03-18,20.322446823120117,22.049999237060547,22.440000534057617,22.020000457763672,22.399999618530273,31836900
2019-03-19,20.396177291870117,22.1299991607666,22.3799991607666,22.1200008392334,22.31999969482422,34131500
2019-03-20,20.857004165649414,22.6299991607666,22.729999542236328,21.829999923706055,22.200000762939453,58485700
2019-03-21,20.96760368347168,22.75,22.780000686645508,22.34000015258789,22.700000762939453,41302500
2019-03-22,20.99525260925293,22.780000686645508,22.8700008392334,22.530000686645508,22.610000610351562,41711400
2019-03-25,21.437646865844727,23.260000228881836,23.34000015258789,22.850000381469727,22.8700008392334,58308800
2019-03-26,21.52059555053711,23.350000381469727,23.3799991607666,22.979999542236328,23.030000686645508,41372400
2019-03-27,21.20723533630371,23.010000228881836,23.350000381469727,22.989999771118164,23.229999542236328,34488200
2019-03-28,20.65424156188965,22.40999984741211,22.729999542236328,22.31999969482422,22.649999618530273,66841200
2019-03-29,20.6634578704834,22.420000076293945,22.649999618530273,22.389999389648438,22.610000610351562,35233000
2019-04-01,20.2394962310791,21.959999084472656,22.510000228881836,21.829999923706055,22.43000030517578,49601800
2019-04-02,20.3685302734375,22.100000381469727,22.15999984741211,21.940000534057617,21.979999542236328,28698700
2019-04-03,20.34088134765625,22.06999969482422,22.270000457763672,22.06999969482422,22.100000381469727,24462100
2019-04-04,20.73719024658203,22.5,22.540000915527344,21.790000915527344,21.8799991607666,42380400
2019-04-05,20.67267417907715,22.43000030517578,22.469999313354492,22.260000228881836,22.420000076293945,20384600
2019-04-08,20.912307739257812,22.690000534057617,22.799999237060547,22.549999237060547,22.75,30695500
2019-04-09,21.032119750976562,22.81999969482422,22.84000015258789,22.649999618530273,22.809999465942383,23757000
2019-04-10,20.847789764404297,22.6200008392334,22.93000030517578,22.59000015258789,22.799999237060547,26181800
2019-04-11,20.506776809692383,22.25,22.540000915527344,22.110000610351562,22.34000015258789,57531000
2019-04-12,20.46990966796875,22.209999084472656,22.360000610351562,22.139999389648438,22.25,22940800
2019-04-15,20.4791259765625,22.219999313354492,22.290000915527344,21.889999389648438,21.979999542236328,26720300
2019-04-16,20.101247787475586,21.809999465942383,22.010000228881836,21.790000915527344,21.940000534057617,46161500
2019-04-17,19.963001251220703,21.65999984741211,21.920000076293945,21.489999771118164,21.8700008392334,44246100
2019-04-18,19.668071746826172,21.34000015258789,21.739999771118164,21.190000534057617,21.610000610351562,43979600
2019-04-22,19.336280822753906,20.979999542236328,21.420000076293945,20.93000030517578,21.399999618530273,44655200
2019-04-23,19.188814163208008,20.81999969482422,20.969999313354492,20.709999084472656,20.799999237060547,27916300
2019-04-24,19.373146057128906,21.020000457763672,21.190000534057617,20.670000076293945,20.809999465942383,48993100
2019-04-25,19.23489761352539,20.8700008392334,21.209999084472656,20.760000228881836,21.059999465942383,29325900
2019-04-26,19.631206512451172,21.299999237060547,21.43000030517578,21.049999237060547,21.06999969482422,38923200
2019-04-29,19.207246780395508,20.84000015258789,21.229999542236328,20.739999771118164,21.219999313354492,39572600
2019-04-30,19.253328323364258,20.889999389648438,21.030000686645508,20.799999237060547,20.829999923706055,19674200
2019-05-01,18.912317276000977,20.520000457763672,21.100000381469727,20.350000381469727,20.829999923706055,72152500
2019-05-02,18.589736938476562,20.170000076293945,20.459999084472656,20.139999389648438,20.31999969482422,42758500
2019-05-03,18.70033836364746,20.290000915527344,20.59000015258789,20.270000457763672,20.399999618530273,26799900
2019-05-06,18.70955467224121,20.299999237060547,20.469999313354492,20.219999313354492,20.290000915527344,26382900
2019-05-07,19.087430953979492,20.709999084472656,20.829999923706055,20.270000457763672,20.40999984741211,48972400
2019-05-08,18.875452041625977,20.479999542236328,20.989999771118164,20.350000381469727,20.899999618530273,30100600
2019-05-09,18.829370498657227,20.43000030517578,20.780000686645508,20.389999389648438,20.520000457763672,28038400
2019-05-10,18.69112205505371,20.280000686645508,20.579999923706055,20.270000457763672,20.549999237060547,23309400
2019-05-13,19.290197372436523,20.93000030517578,20.989999771118164,20.43000030517578,20.6299991607666,65640200
2019-05-14,19.207246780395508,20.84000015258789,20.899999618530273,20.59000015258789,20.8799991607666,29056100
2019-05-15,19.161163330078125,20.790000915527344,21.020000457763672,20.780000686645508,20.950000762939453,23251200
2019-05-16,18.949180603027344,20.559999465942383,20.739999771118164,20.40999984741211,20.68000030517578,32047600
2019-05-17,19.124300003051758,20.75,20.760000228881836,20.389999389648438,20.469999313354492,26519000
2019-05-20,19.059783935546875,20.68000030517578,20.850000381469727,20.639999389648438,20.700000762939453,17628000
2019-05-21,19.087430953979492,20.709999084472656,20.729999542236328,20.459999084472656,20.56999969482422,13437500
2019-05-22,18.76485252380371,20.360000610351562,20.709999084472656,20.260000228881836,20.68000030517578,31806200
2019-05-23,18.83858299255371,20.440000534057617,20.8799991607666,20.40999984741211,20.559999465942383,36332200
2019-05-24,18.95840072631836,20.56999969482422,20.6200008392334,20.399999618530273,20.5,15584000
2019-05-28,18.820152282714844,20.420000076293945,20.5,20.280000686645508,20.3799991607666,32450100
2019-05-29,18.820152282714844,20.420000076293945,20.549999237060547,20.350000381469727,20.520000457763672,23992000
2019-05-30,19.142732620239258,20.770000457763672,20.809999465942383,20.360000610351562,20.450000762939453,25439400
2019-05-31,19.898487091064453,21.59000015258789,21.739999771118164,21.190000534057617,21.239999771118164,83347600
2019-06-03,20.72797203063965,22.489999771118164,22.5,21.90999984741211,22.030000686645508,75414200
2019-06-04,20.820138931274414,22.59000015258789,22.6200008392334,22.170000076293945,22.170000076293945,40898700
2019-06-05,20.857004165649414,22.6299991607666,23.020000457763672,22.34000015258789,22.84000015258789,55594800
2019-06-06,21.078203201293945,22.8700008392334,22.920000076293945,22.600000381469727,22.65999984741211,48981100
2019-06-07,21.096635818481445,22.889999389648438,23.1200008392334,22.729999542236328,23.049999237060547,41368300
2019-06-10,20.70032501220703,22.459999084472656,22.520000457763672,22.239999771118164,22.420000076293945,45057300
2019-06-11,20.820138931274414,22.59000015258789,22.690000534057617,22.309999465942383,22.350000381469727,23522200
2019-06-12,21.161149978637695,22.959999084472656,23.079999923706055,22.75,22.770000457763672,35955800
2019-06-13,21.41921615600586,23.239999771118164,23.239999771118164,22.940000534057617,23.020000457763672,30634300
2019-06-14,21.502161026000977,23.329999923706055,23.670000076293945,23.100000381469727,23.450000762939453,42220900
2019-06-17,21.621976852416992,23.459999084472656,23.469999313354492,23.139999389648438,23.3799991607666,50692800
2019-06-18,21.815526962280273,23.670000076293945,23.8799991607666,23.350000381469727,23.75,44411200
2019-06-19,22.119667053222656,24.0,24.030000686645508,23.450000762939453,23.520000457763672,46273800
2019-06-20,23.087404251098633,25.049999237060547,25.170000076293945,24.540000915527344,24.65999984741211,131981000
2019-06-21,23.2348690032959,25.209999084472656,25.239999771118164,24.68000030517578,25.0,50309800
2019-06-24,24.119657516479492,26.170000076293945,26.170000076293945,25.260000228881836,25.309999465942383,101843300
2019-06-25,23.621963500976562,25.6299991607666,26.25,25.110000610351562,26.229999542236328,103671800
2019-06-26,23.52058219909668,25.520000457763672,25.739999771118164,25.049999237060547,25.06999969482422,57095000
2019-06-27,23.345470428466797,25.329999923706055,25.389999389648438,25.139999389648438,25.309999465942383,53004800
2019-06-28,23.557449340820312,25.559999465942383,25.600000381469727,25.190000534057617,25.43000030517578,39459700
2019-07-01,22.65422821044922,24.579999923706055,24.989999771118164,24.530000686645508,24.799999237060547,90190700
2019-07-02,23.548229217529297,25.549999237060547,25.649999618530273,24.809999465942383,24.889999389648438,75815700
2019-07-03,23.640396118164062,25.649999618530273,25.700000762939453,25.360000610351562,25.670000076293945,24756100
2019-07-05,23.400768280029297,25.389999389648438,25.5,24.68000030517578,24.979999542236328,51920800
2019-07-08,23.428417205810547,25.420000076293945,25.610000610351562,25.209999084472656,25.450000762939453,40606100
2019-07-09,23.640396118164062,25.649999618530273,25.65999984741211,25.209999084472656,25.329999923706055,37529700
2019-07-10,24.147308349609375,26.200000762939453,26.229999542236328,25.770000457763672,26.020000457763672,56454300
2019-07-11,23.907676696777344,25.940000534057617,26.280000686645508,25.719999313354492,26.1299991607666,54013400
2019-07-12,24.156522750854492,26.209999084472656,26.25,25.8700008392334,26.0,31795200
2019-07-15,24.12887191772461,26.18000030517578,26.309999465942383,25.989999771118164,26.170000076293945,29900000
2019-07-16,24.009057998657227,26.049999237060547,26.329999923706055,25.969999313354492,26.139999389648438,25081700
2019-07-17,24.96757698059082,27.09000015258789,27.100000381469727,26.18000030517578,26.18000030517578,45481600
2019-07-18,26.036693572998047,28.25,28.309999465942383,26.770000457763672,26.90999984741211,100026700
2019-07-19,25.787845611572266,27.979999542236328,28.270000457763672,27.600000381469727,27.90999984741211,59357500
2019-07-22,25.981395721435547,28.190000534057617,28.290000915527344,27.969999313354492,28.079999923706055,38309500
2019-07-23,25.68646812438965,27.8700008392334,28.40999984741211,27.649999618530273,28.200000762939453,53084900
2019-07-24,25.944528579711914,28.149999618530273,28.200000762939453,27.84000015258789,28.06999969482422,35305300
2019-07-25,25.280941009521484,27.43000030517578,27.979999542236328,27.329999923706055,27.979999542236328,66348800
2019-07-26,25.14269256591797,27.280000686645508,27.639999389648438,27.229999542236328,27.549999237060547,34186900
2019-07-29,25.594301223754883,27.770000457763672,27.770000457763672,27.219999313354492,27.399999618530273,51527600
2019-07-30,25.649599075317383,27.829999923706055,28.0,27.700000762939453,27.889999389648438,29517400
2019-07-31,24.423803329467773,26.5,27.8799991607666,26.420000076293945,27.68000030517578,125274600
2019-08-01,25.668033599853516,27.850000381469727,27.959999084472656,26.040000915527344,26.100000381469727,125771700
2019-08-02,25.594301223754883,27.770000457763672,28.110000610351562,27.559999465942383,27.729999542236328,46016200
2019-08-05,26.35927391052246,28.600000381469727,29.010000228881836,28.34000015258789,28.530000686645508,91723900
2019-08-06,26.423789978027344,28.670000076293945,28.790000915527344,28.309999465942383,28.59000015258789,45760900
2019-08-07,26.96756362915039,29.260000228881836,30.0,29.200000762939453,29.59000015258789,91307700
2019-08-08,27.437606811523438,29.770000457763672,29.860000610351562,28.8700008392334,29.110000610351562,62143900
2019-08-09,27.05973243713379,29.360000610351562,29.860000610351562,29.31999969482422,29.549999237060547,42424300
2019-08-12,26.727935791015625,29.0,29.75,28.989999771118164,29.59000015258789,62211800
2019-08-13,26.221027374267578,28.450000762939453,29.450000762939453,27.809999465942383,29.40999984741211,97362100
2019-08-14,26.18415641784668,28.40999984741211,29.09000015258789,28.3700008392334,28.920000076293945,60301200
2019-08-15,26.47908592224121,28.729999542236328,28.8700008392334,28.15999984741211,28.309999465942383,46951200
2019-08-16,26.06434440612793,28.280000686645508,28.610000610351562,28.1299991607666,28.40999984741211,51032100
2019-08-19,25.741762161254883,27.93000030517578,28.3799991607666,27.610000610351562,27.75,62746500
2019-08-20,26.589685440063477,28.850000381469727,28.969999313354492,28.1200008392334,28.15999984741211,73110900
2019-08-21,26.451438903808594,28.700000762939453,28.860000610351562,28.549999237060547,28.600000381469727,30263600
2019-08-22,26.257890701293945,28.489999771118164,28.790000915527344,28.3700008392334,28.56999969482422,39469300
2019-08-23,27.317792892456055,29.639999389648438,29.700000762939453,28.59000015258789,28.639999389648438,92847400
2019-08-26,27.317792892456055,29.639999389648438,29.979999542236328,29.399999618530273,29.68000030517578,47355700
2019-08-27,28.165714263916016,30.559999465942383,30.6200008392334,29.639999389648438,29.709999084472656,81770600
2019-08-28,28.0274658203125,30.40999984741211,30.809999465942383,30.030000686645508,30.649999618530273,54015200
2019-08-29,27.336225509643555,29.65999984741211,30.489999771118164,29.389999389648438,30.450000762939453,75098400
2019-08-30,27.52055549621582,29.860000610351562,30.139999389648438,29.450000762939453,29.530000686645508,48728400
2019-09-03,27.990598678588867,30.3700008392334,30.760000228881836,30.1200008392334,30.280000686645508,69310100
2019-09-04,28.525157928466797,30.950000762939453,30.959999084472656,30.290000915527344,30.329999923706055,48361200
2019-09-05,27.013647079467773,29.309999465942383,30.260000228881836,29.170000076293945,30.229999542236328,132635500
2019-09-06,26.248674392700195,28.479999542236328,29.760000228881836,28.440000534057617,29.530000686645508,88853900
2019-09-09,25.55743408203125,27.729999542236328,28.739999771118164,27.6299991607666,28.6299991607666,90351900
2019-09-10,25.354673385620117,27.510000228881836,28.059999465942383,27.450000762939453,27.700000762939453,66585000
2019-09-11,25.5482177734375,27.719999313354492,28.209999084472656,27.540000915527344,27.6299991607666,78529300
2019-09-12,25.133474349975586,27.270000457763672,28.700000762939453,27.229999542236328,28.530000686645508,82794900
2019-09-13,24.552831649780273,26.639999389648438,27.59000015258789,26.600000381469727,27.40999984741211,80728900
2019-09-16,25.15190887451172,27.290000915527344,27.510000228881836,26.889999389648438,27.25,68934800
2019-09-17,25.916881561279297,28.1200008392334,28.270000457763672,27.3799991607666,27.479999542236328,71084100
2019-09-18,25.456052780151367,27.6200008392334,28.139999389648438,26.979999542236328,28.110000610351562,85193300
2019-09-19,25.898447036743164,28.100000381469727,28.18000030517578,27.719999313354492,27.829999923706055,47188900
2019-09-20,26.442222595214844,28.690000534057617,28.690000534057617,27.860000610351562,28.190000534057617,61290700
2019-09-23,26.875396728515625,29.15999984741211,29.15999984741211,28.709999084472656,28.809999465942383,58025700
2019-09-24,27.179546356201172,29.489999771118164,29.579999923706055,28.690000534057617,28.84000015258789,57912300
2019-09-25,26.202592849731445,28.43000030517578,29.389999389648438,28.209999084472656,29.309999465942383,87938400
2019-09-26,25.907663345336914,28.110000610351562,28.780000686645508,28.09000015258789,28.549999237060547,45715000
2019-09-27,25.299373626708984,27.450000762939453,27.84000015258789,27.309999465942383,27.5,74409500
2019-09-30,24.617345809936523,26.709999084472656,27.350000381469727,26.540000915527344,26.989999771118164,73206900
2019-10-01,24.810897827148438,26.920000076293945,27.469999313354492,26.510000228881836,26.6200008392334,68625600
2019-10-02,25.26250648498535,27.40999984741211,27.5,27.020000457763672,27.469999313354492,65837200
2019-10-03,25.115039825439453,27.25,28.049999237060547,27.239999771118164,27.40999984741211,63344000
2019-10-04,25.68646812438965,27.8700008392334,27.90999984741211,27.139999389648438,27.149999618530273,54465000
2019-10-07,25.419187545776367,27.579999923706055,27.989999771118164,27.459999084472656,27.600000381469727,37266600
2019-10-08,26.13807487487793,28.360000610351562,28.3799991607666,27.790000915527344,28.079999923706055,65536200
2019-10-09,25.85236358642578,28.049999237060547,28.360000610351562,27.8799991607666,28.350000381469727,39219400
2019-10-10,25.85236358642578,28.049999237060547,28.15999984741211,27.520000457763672,28.010000228881836,39255400
2019-10-11,24.856979370117188,26.969999313354492,27.700000762939453,26.90999984741211,27.670000076293945,87316400
2019-10-14,24.94914436340332,27.06999969482422,27.290000915527344,26.940000534057617,27.040000915527344,31850400
2019-10-15,24.138092041015625,26.190000534057617,26.8799991607666,26.18000030517578,26.8799991607666,61657100
2019-10-16,24.617345809936523,26.709999084472656,26.739999771118164,26.190000534057617,26.450000762939453,51265100
2019-10-17,24.958362579345703,27.079999923706055,27.350000381469727,26.469999313354492,26.5,46186300
2019-10-18,24.995227813720703,27.1200008392334,27.239999771118164,26.790000915527344,26.950000762939453,31902100
2019-10-21,24.497533798217773,26.579999923706055,27.299999237060547,26.5,27.25,42579000
2019-10-22,24.460668563842773,26.540000915527344,26.799999237060547,26.229999542236328,26.670000076293945,30749800
2019-10-23,24.70951271057129,26.809999465942383,27.020000457763672,26.639999389648438,26.639999389648438,47031700
2019-10-24,25.363889694213867,27.520000457763672,27.549999237060547,26.940000534057617,26.969999313354492,51996000
2019-10-25,25.566652297973633,27.739999771118164,28.18000030517578,27.3700008392334,28.010000228881836,59960300
2019-10-28,24.939926147460938,27.059999465942383,27.440000534057617,27.0,27.43000030517578,60885600
2019-10-29,25.078176498413086,27.209999084472656,27.43000030517578,26.770000457763672,26.889999389648438,32762400
2019-10-30,25.299373626708984,27.450000762939453,27.489999771118164,26.729999542236328,27.299999237060547,54901700
2019-10-31,25.944528579711914,28.149999618530273,28.18000030517578,27.600000381469727,27.700000762939453,79602400
2019-11-01,25.81549835205078,28.010000228881836,28.15999984741211,27.649999618530273,27.93000030517578,55359000
2019-11-04,25.363889694213867,27.520000457763672,27.959999084472656,27.489999771118164,27.920000076293945,56660000
2019-11-05,24.856979370117188,26.969999313354492,27.139999389648438,26.760000228881836,26.969999313354492,62148800
2019-11-06,25.161123275756836,27.299999237060547,27.399999618530273,26.90999984741211,27.1299991607666,48932900
2019-11-07,24.414587020874023,26.489999771118164,27.09000015258789,26.299999237060547,27.020000457763672,90744200
2019-11-08,24.17495346069336,26.229999542236328,26.579999923706055,26.139999389648438,26.229999542236328,42339900
2019-11-11,24.184173583984375,26.239999771118164,26.459999084472656,26.149999618530273,26.270000457763672,33313500
2019-11-12,24.50674819946289,26.59000015258789,26.639999389648438,25.979999542236328,26.280000686645508,56886600
2019-11-13,24.65421485900879,26.75,27.010000228881836,26.690000534057617,26.719999313354492,36498800
2019-11-14,24.884628295898438,27.0,27.06999969482422,26.739999771118164,26.8700008392334,34638700
2019-11-15,24.64499855041504,26.739999771118164,27.09000015258789,26.719999313354492,26.780000686645508,37430600
2019-11-18,25.068960189819336,27.200000762939453,27.209999084472656,26.739999771118164,26.790000915527344,49621800
2019-11-19,25.096607208251953,27.229999542236328,27.5,27.030000686645508,27.040000915527344,33293500
2019-11-20,25.197988510131836,27.34000015258789,27.459999084472656,26.940000534057617,27.200000762939453,35278100
2019-11-21,24.718730926513672,26.81999969482422,27.360000610351562,26.809999465942383,27.190000534057617,67801100
2019-11-22,24.66343116760254,26.760000228881836,26.979999542236328,26.59000015258789,26.920000076293945,24320200
2019-11-25,24.147308349609375,26.200000762939453,26.68000030517578,26.18000030517578,26.479999542236328,59476400
2019-11-26,24.681865692138672,26.780000686645508,26.829999923706055,26.139999389648438,26.25,64827100
2019-11-27,24.57126235961914,26.65999984741211,26.790000915527344,26.420000076293945,26.579999923706055,37110700
2019-11-29,24.958362579345703,27.079999923706055,27.15999984741211,26.690000534057617,26.690000534057617,44363100
2019-12-02,25.041311264038086,27.170000076293945,27.209999084472656,26.829999923706055,26.889999389648438,43818700
2019-12-03,25.594301223754883,27.770000457763672,27.940000534057617,27.540000915527344,27.540000915527344,71551400
2019-12-04,25.327022552490234,27.479999542236328,27.719999313354492,27.309999465942383,27.639999389648438,56183500
2019-12-05,25.456052780151367,27.6200008392334,27.860000610351562,27.329999923706055,27.350000381469727,47757700
2019-12-06,24.856979370117188,26.969999313354492,27.389999389648438,26.959999084472656,27.1200008392334,75294900
2019-12-09,24.810897827148438,26.920000076293945,27.18000030517578,26.850000381469727,27.1299991607666,31802800
2019-12-10,25.004444122314453,27.1299991607666,27.15999984741211,26.8799991607666,27.149999618530273,36765200
2019-12-11,25.538999557495117,27.709999084472656,27.850000381469727,27.15999984741211,27.239999771118164,76150900
2019-12-12,25.492919921875,27.65999984741211,28.110000610351562,27.389999389648438,28.0,65636700
2019-12-13,25.5482177734375,27.719999313354492,27.84000015258789,27.31999969482422,27.469999313354492,29998500
2019-12-16,25.24407196044922,27.389999389648438,27.739999771118164,27.31999969482422,27.739999771118164,42318600
2019-12-17,25.032093048095703,27.15999984741211,27.450000762939453,27.149999618530273,27.360000610351562,31057700
2019-12-18,25.299373626708984,27.450000762939453,27.479999542236328,27.09000015258789,27.139999389648438,45238000
2019-12-19,25.327022552490234,27.479999542236328,27.59000015258789,27.270000457763672,27.5,24665700
2019-12-20,25.004444122314453,27.1299991607666,27.540000915527344,27.1200008392334,27.510000228881836,41965800
2019-12-23,25.775768280029297,27.770000457763672,27.829999923706055,27.049999237060547,27.1299991607666,72123700
2019-12-24,26.60185432434082,28.65999984741211,28.65999984741211,27.889999389648438,27.90999984741211,70679100
2019-12-26,26.9916934967041,29.079999923706055,29.25,28.75,28.899999618530273,57567000
2019-12-27,26.79677391052246,28.8700008392334,29.149999618530273,28.709999084472656,29.010000228881836,37730900
2019-12-30,27.372251510620117,29.489999771118164,29.489999771118164,28.899999618530273,28.920000076293945,56336900
2019-12-31,27.177330017089844,29.280000686645508,29.760000228881836,29.260000228881836,29.700000762939453,32773500
2020-01-02,27.242305755615234,29.350000381469727,29.719999313354492,29.110000610351562,29.6200008392334,40709100
2020-01-03,27.07522964477539,29.170000076293945,29.8700008392334,29.010000228881836,29.850000381469727,47399500
2020-01-06,27.121639251708984,29.219999313354492,29.790000915527344,29.010000228881836,29.75,45483100
2020-01-07,27.381532669067383,29.5,29.520000457763672,29.020000457763672,29.209999084472656,39181100
2020-01-08,26.314119338989258,28.350000381469727,29.43000030517578,28.1200008392334,29.3700008392334,94319100
2020-01-09,26.026378631591797,28.040000915527344,28.420000076293945,28.0,28.110000610351562,60554600
2020-01-10,26.406936645507812,28.450000762939453,28.559999465942383,28.1200008392334,28.149999618530273,38632800
2020-01-13,25.775768280029297,27.770000457763672,28.31999969482422,27.75,28.31999969482422,48710300
2020-01-14,26.23057746887207,28.260000228881836,28.309999465942383,27.68000030517578,27.709999084472656,56949000
2020-01-15,26.72252082824707,28.790000915527344,28.8700008392334,28.170000076293945,28.389999389648438,50472900
2020-01-16,26.61113929748535,28.670000076293945,28.709999084472656,28.360000610351562,28.600000381469727,37967100
2020-01-17,26.379093170166016,28.420000076293945,28.780000686645508,28.299999237060547,28.75,43853800
2020-01-21,26.871028900146484,28.950000762939453,28.969999313354492,28.200000762939453,28.260000228881836,48096900
2020-01-22,26.76892852783203,28.84000015258789,28.989999771118164,28.649999618530273,28.899999618530273,21333700
2020-01-23,26.60185432434082,28.65999984741211,29.100000381469727,28.59000015258789,28.65999984741211,41346600
2020-01-24,27.121639251708984,29.219999313354492,29.299999237060547,28.610000610351562,28.610000610351562,44497000
2020-01-27,26.9916934967041,29.079999923706055,29.65999984741211,28.90999984741211,29.639999389648438,38199300
2020-01-28,26.276987075805664,28.309999465942383,28.969999313354492,28.280000686645508,28.799999237060547,55735200
2020-01-29,26.787492752075195,28.860000610351562,28.899999618530273,28.229999542236328,28.299999237060547,37940100
2020-01-30,26.666826248168945,28.729999542236328,29.079999923706055,28.600000381469727,28.899999618530273,39866800
2020-01-31,26.90815544128418,28.989999771118164,29.239999771118164,28.760000228881836,28.799999237060547,41986200
2020-02-03,26.509035110473633,28.559999465942383,28.899999618530273,28.399999618530273,28.809999465942383,42344300
2020-02-04,26.035659790039062,28.049999237060547,28.280000686645508,27.770000457763672,28.200000762939453,62983500
2020-02-05,26.035659790039062,28.049999237060547,28.350000381469727,27.90999984741211,28.020000457763672,41433700
2020-02-06,26.36052703857422,28.399999618530273,28.510000228881836,28.110000610351562,28.270000457763672,37356800
2020-02-07,25.92427635192871,27.93000030517578,28.670000076293945,27.920000076293945,28.56999969482422,40445600
2020-02-10,26.35124397277832,28.389999389648438,28.510000228881836,28.020000457763672,28.190000534057617,34717200
2020-02-11,26.38837242126465,28.43000030517578,28.530000686645508,28.06999969482422,28.31999969482422,24591700
2020-02-12,26.100635528564453,28.1200008392334,28.40999984741211,28.079999923706055,28.34000015258789,33312700
2020-02-13,26.286272048950195,28.31999969482422,28.59000015258789,28.209999084472656,28.3700008392334,29937400
2020-02-14,26.276987075805664,28.309999465942383,28.469999313354492,28.190000534057617,28.34000015258789,22888600
2020-02-18,27.13092041015625,29.229999542236328,29.25,28.3799991607666,28.59000015258789,64678400
2020-02-19,27.61357879638672,29.75,29.790000915527344,29.200000762939453,29.3700008392334,45467500
2020-02-20,27.61357879638672,29.75,30.100000381469727,29.5,29.65999984741211,52313900
2020-02-21,28.44894790649414,30.649999618530273,30.709999084472656,30.18000030517578,30.270000457763672,76564200
2020-02-24,28.820220947265625,31.049999237060547,31.84000015258789,30.65999984741211,31.760000228881836,87112400
2020-02-25,27.817779541015625,29.969999313354492,31.15999984741211,29.90999984741211,30.479999542236328,91165500
2020-02-26,27.72496223449707,29.8700008392334,30.280000686645508,29.670000076293945,29.899999618530273,49317800
2020-02-27,26.12847900390625,28.149999618530273,30.399999618530273,28.139999389648438,30.31999969482422,125123900
2020-02-28,24.33707618713379,26.219999313354492,27.040000915527344,25.43000030517578,26.799999237060547,166814200
2020-03-02,25.330238342285156,27.290000915527344,27.469999313354492,26.700000762939453,27.09000015258789,83762400
2020-03-03,26.620418548583984,28.68000030517578,29.610000610351562,27.459999084472656,27.81999969482422,130291500
2020-03-04,27.038103103637695,29.1299991607666,29.18000030517578,28.280000686645508,29.030000686645508,55030300
2020-03-05,27.678552627563477,29.81999969482422,29.84000015258789,28.959999084472656,29.469999313354492,68343800
2020-03-06,27.29799461364746,29.40999984741211,29.969999313354492,28.450000762939453,29.90999984741211,81228000
2020-03-09,25.34880256652832,27.309999465942383,28.719999313354492,27.260000228881836,28.3799991607666,87651700
2020-03-10,25.5158748626709,27.489999771118164,28.030000686645508,26.5,27.739999771118164,82748700
2020-03-11,23.36248016357422,25.170000076293945,27.25,25.040000915527344,27.049999237060547,119428500
2020-03-12,20.707860946655273,22.309999465942383,24.889999389648438,22.0,22.989999771118164,106328100
2020-03-13,17.635560989379883,19.0,23.399999618530273,16.5,23.290000915527344,195650900
2020-03-16,20.874937057495117,22.489999771118164,22.950000762939453,16.18000030517578,16.75,199906300
2020-03-17,23.668781280517578,25.5,25.5,22.020000457763672,22.110000610351562,119759900
2020-03-18,18.26673126220703,19.68000030517578,25.040000915527344,19.68000030517578,24.1200008392334,198033900
2020-03-19,19.742549896240234,21.270000457763672,24.979999542236328,19.290000915527344,20.649999618530273,103179000
2020-03-20,19.07425308227539,20.549999237060547,22.850000381469727,20.34000015258789,22.850000381469727,68320700
2020-03-23,20.355154037475586,21.93000030517578,23.290000915527344,21.1200008392334,21.6299991607666,93812100
2020-03-24,23.343915939331055,25.149999618530273,26.06999969482422,23.790000915527344,24.93000030517578,127861300
2020-03-25,24.420616149902344,26.309999465942383,27.0,24.549999237060547,25.389999389648438,102594400
2020-03-26,23.993648529052734,25.850000381469727,27.209999084472656,25.219999313354492,26.690000534057617,47458000
2020-03-27,22.619930267333984,24.3700008392334,25.670000076293945,23.729999542236328,25.149999618530273,94471000
2020-03-30,22.211528778076172,23.93000030517578,25.329999923706055,23.139999389648438,24.389999389648438,63038600
2020-03-31,21.385440826416016,23.040000915527344,24.43000030517578,23.030000686645508,23.600000381469727,45113700
2020-04-01,22.30434799194336,24.030000686645508,24.260000228881836,23.0,23.0,33900200
2020-04-02,23.241819381713867,25.040000915527344,25.719999313354492,24.3700008392334,24.59000015258789,39859300
2020-04-03,23.158279418945312,24.950000762939453,25.8799991607666,24.739999771118164,25.15999984741211,33775700
2020-04-06,24.448461532592773,26.34000015258789,26.700000762939453,25.540000915527344,26.010000228881836,62383700
2020-04-07,24.216411590576172,26.09000015258789,26.760000228881836,25.780000686645508,26.610000610351562,31203200
2020-04-08,24.31851577758789,26.200000762939453,26.530000686645508,25.829999923706055,26.170000076293945,17480200
2020-04-09,26.871028900146484,28.950000762939453,28.969999313354492,27.09000015258789,27.200000762939453,68549100
2020-04-13,28.569612503051758,30.780000686645508,31.06999969482422,27.90999984741211,28.649999618530273,59888600
2020-04-14,28.541767120361328,30.75,32.27000045776367,30.030000686645508,31.1200008392334,59359900
2020-04-15,27.984853744506836,30.149999618530273,30.850000381469727,29.3700008392334,29.65999984741211,31917300
2020-04-16,28.69955825805664,30.920000076293945,31.1299991607666,30.040000915527344,30.420000076293945,37982800
2020-04-17,27.789934158325195,29.940000534057617,30.420000076293945,29.670000076293945,29.760000228881836,29249500
2020-04-20,28.53248405456543,30.739999771118164,31.1299991607666,29.979999542236328,29.979999542236328,25488800
2020-04-21,28.36541175842285,30.559999465942383,30.8700008392334,29.549999237060547,29.68000030517578,22464500
2020-04-22,30.175376892089844,32.5099983215332,32.63999938964844,31.5,31.540000915527344,40919900
2020-04-23,31.02002716064453,33.41999816894531,34.7400016784668,33.0099983215332,33.209999084472656,56325900
2020-04-24,31.4934024810791,33.93000030517578,34.310001373291016,32.959999084472656,34.02000045776367,40571500
2020-04-27,31.36345863342285,33.790000915527344,34.209999084472656,32.93000030517578,33.95000076293945,30455600
2020-04-28,31.382022857666016,33.810001373291016,33.97999954223633,32.97999954223633,33.5,31629700
2020-04-29,31.58622169494629,34.029998779296875,34.06999969482422,32.81999969482422,33.45000076293945,36914000
2020-04-30,29.943330764770508,32.2599983215332,33.84000015258789,32.150001525878906,33.18000030517578,52248800
2020-05-01,30.899364471435547,33.290000915527344,33.38999938964844,31.309999465942383,31.479999542236328,34003000
2020-05-04,31.549097061157227,33.9900016784668,34.25,33.52000045776367,33.7599983215332,34391400
2020-05-05,32.29164505004883,34.790000915527344,34.90999984741211,33.369998931884766,33.90999984741211,30289700
2020-05-06,31.27992057800293,33.70000076293945,34.5099983215332,33.619998931884766,34.150001525878906,29078400
2020-05-07,32.514408111572266,35.029998779296875,35.4900016784668,33.880001068115234,34.09000015258789,35053600
2020-05-08,32.35661697387695,34.86000061035156,35.560001373291016,34.58000183105469,34.9900016784668,28612000
2020-05-11,31.456274032592773,33.88999938964844,35.04999923706055,33.54999923706055,34.91999816894531,28732700
2020-05-12,31.409866333007812,33.84000015258789,34.95000076293945,33.689998626708984,34.34000015258789,20999600
2020-05-13,31.63262939453125,34.08000183105469,34.689998626708984,33.41999816894531,34.34000015258789,33290200
2020-05-14,32.635074615478516,35.15999984741211,35.45000076293945,34.0,34.060001373291016,33736200
2020-05-15,33.943817138671875,36.56999969482422,36.68000030517578,35.61000061035156,35.959999084472656,38465800
2020-05-18,33.34977722167969,35.93000030517578,37.20000076293945,35.720001220703125,37.150001525878906,33131200
2020-05-19,34.53785705566406,37.209999084472656,37.4900016784668,36.380001068115234,36.5099983215332,36737200
2020-05-20,33.98094177246094,36.61000061035156,37.4900016784668,36.45000076293945,37.36000061035156,30058100
2020-05-21,33.09916687011719,35.65999984741211,36.220001220703125,34.7599983215332,36.08000183105469,33179400
2020-05-22,32.997066497802734,35.54999923706055,36.439998626708984,35.470001220703125,35.97999954223633,17987000
2020-05-26,31.63262939453125,34.08000183105469,35.380001068115234,33.95000076293945,35.380001068115234,36174200
2020-05-27,31.289199829101562,33.709999084472656,33.7599983215332,32.540000915527344,33.09000015258789,43849100
2020-05-28,31.55837631225586,34.0,34.68000030517578,33.560001373291016,34.38999938964844,29917600
2020-05-29,31.85539436340332,34.31999969482422,34.869998931884766,34.11000061035156,34.66999816894531,32726200
2020-06-01,32.83927917480469,35.380001068115234,35.43000030517578,34.47999954223633,34.599998474121094,24163900
2020-06-02,31.64191436767578,34.09000015258789,35.58000183105469,33.939998626708984,35.560001373291016,39294200
2020-06-03,30.472400665283203,32.83000183105469,33.59000015258789,32.43000030517578,33.310001373291016,40447600
2020-06-04,30.732288360595703,33.11000061035156,33.58000183105469,32.84000015258789,33.47999954223633,25889300
2020-06-05,30.128969192504883,32.459999084472656,32.459999084472656,31.219999313354492,32.040000915527344,50291100
2020-06-08,30.425989151000977,32.779998779296875,32.810001373291016,32.09000015258789,32.56999969482422,21180400
2020-06-09,30.685876846313477,33.060001373291016,33.470001220703125,32.65999984741211,33.04999923706055,21745400
2020-06-10,32.050315856933594,34.529998779296875,34.529998779296875,32.439998626708984,33.4900016784668,46916400
2020-06-11,30.472400665283203,32.83000183105469,34.91999816894531,32.38999938964844,34.41999816894531,50214100
2020-06-12,30.296039581298828,32.63999938964844,33.779998779296875,32.5,33.459999084472656,29829000
2020-06-15,31.103565216064453,33.5099983215332,33.65999984741211,31.31999969482422,31.799999237060547,32180400
2020-06-16,30.296039581298828,32.63999938964844,33.68000030517578,32.45000076293945,33.459999084472656,39596100
2020-06-17,30.49095916748047,32.849998474121094,33.189998626708984,32.5,32.779998779296875,23882500
2020-06-18,30.101119995117188,32.43000030517578,33.029998779296875,32.29999923706055,32.66999816894531,20130800
2020-06-19,31.14069175720215,33.54999923706055,33.84000015258789,32.689998626708984,32.880001068115234,37405000
2020-06-22,32.36589813232422,34.869998931884766,35.34000015258789,34.27000045776367,34.400001525878906,46110300
2020-06-23,32.82999038696289,35.369998931884766,35.84000015258789,35.119998931884766,35.380001068115234,28979200
2020-06-24,32.2452392578125,34.7400016784668,35.68000030517578,34.29999923706055,35.13999938964844,37585800
2020-06-25,32.44943618774414,34.959999084472656,34.959999084472656,34.18000030517578,34.75,17938800
2020-06-26,32.66291809082031,35.189998626708984,35.33000183105469,34.08000183105469,34.59000015258789,29048400
2020-06-29,33.006351470947266,35.560001373291016,35.560001373291016,34.970001220703125,35.369998931884766,24259500
2020-06-30,34.045921325683594,36.68000030517578,36.720001220703125,35.220001220703125,35.439998626708984,35818600
2020-07-01,33.93453598022461,36.560001373291016,36.63999938964844,35.52000045776367,36.56999969482422,30673800
2020-07-02,33.572540283203125,36.16999816894531,37.08000183105469,36.11000061035156,36.34000015258789,28388800
2020-07-06,34.194427490234375,36.84000015258789,37.130001068115234,36.310001373291016,36.900001525878906,23654600
2020-07-07,35.020511627197266,37.72999954223633,37.97999954223633,36.65999984741211,36.689998626708984,30150000
2020-07-08,36.16218948364258,38.959999084472656,39.13999938964844,38.189998626708984,38.40999984741211,34212500
2020-07-09,36.004398345947266,38.790000915527344,39.439998626708984,37.81999969482422,39.27000045776367,37060300
2020-07-10,35.642398834228516,38.400001525878906,39.18000030517578,38.029998779296875,39.09000015258789,21900700
2020-07-13,34.46360778808594,37.130001068115234,39.18000030517578,37.08000183105469,39.060001373291016,34817400
2020-07-14,35.81875991821289,38.59000015258789,38.599998474121094,36.869998931884766,37.0,30430700
2020-07-15,35.89301300048828,38.66999816894531,38.7599983215332,37.70000076293945,38.369998931884766,21291000
2020-07-16,35.34538269042969,38.08000183105469,38.709999084472656,37.709999084472656,38.349998474121094,21296600
2020-07-17,36.48705291748047,39.310001373291016,39.34000015258789,38.34000015258789,38.560001373291016,27743600
2020-07-20,37.4802131652832,40.380001068115234,40.4900016784668,39.630001068115234,39.779998779296875,28356300
2020-07-21,37.97215270996094,40.90999984741211,41.619998931884766,40.529998779296875,41.27000045776367,34661400
2020-07-22,38.7518310546875,41.75,41.939998626708984,41.099998474121094,41.470001220703125,39311500
2020-07-23,38.01856231689453,40.959999084472656,42.2400016784668,40.209999084472656,41.70000076293945,43686700
2020-07-24,38.826087951660156,41.83000183105469,41.90999984741211,41.119998931884766,41.459999084472656,34918700
2020-07-27,40.691741943359375,43.84000015258789,44.459999084472656,43.310001373291016,43.43000030517578,57601200
2020-07-28,40.43185043334961,43.560001373291016,44.04999923706055,42.72999954223633,43.20000076293945,37241900
2020-07-29,40.03273010253906,43.130001068115234,43.7400016784668,42.220001220703125,43.72999954223633,39586600
2020-07-30,38.64044952392578,41.630001068115234,42.68000030517578,40.959999084472656,41.900001525878906,38073500
2020-07-31,39.85636901855469,42.939998626708984,43.029998779296875,41.93000030517578,42.36000061035156,29531000
2020-08-03,39.48509979248047,42.540000915527344,42.900001525878906,41.77000045776367,42.599998474121094,26243100
2020-08-04,41.28578186035156,44.47999954223633,44.47999954223633,42.119998931884766,42.5,42405300
2020-08-05,41.33218765258789,44.529998779296875,45.779998779296875,44.02000045776367,45.400001525878906,37958400
2020-08-06,41.05373764038086,44.22999954223633,45.36000061035156,43.58000183105469,45.18000030517578,29579900
2020-08-07,39.670738220214844,42.7400016784668,43.540000915527344,42.25,43.2400016784668,33217600
2020-08-10,39.34586715698242,42.38999938964844,44.18000030517578,42.290000915527344,43.22999954223633,28792700
2020-08-11,36.24571990966797,39.04999923706055,40.75,38.88999938964844,40.2400016784668,71304400
2020-08-12,36.41279602050781,39.22999954223633,40.5099983215332,39.209999084472656,40.33000183105469,38295800
2020-08-13,37.71226119995117,40.630001068115234,41.029998779296875,39.689998626708984,40.029998779296875,36092700
2020-08-14,37.45236587524414,40.349998474121094,40.720001220703125,39.720001220703125,40.459999084472656,21075500
2020-08-17,39.87493133544922,42.959999084472656,43.0,41.849998474121094,42.119998931884766,35736000
2020-08-18,39.59647750854492,42.65999984741211,44.09000015258789,42.0099983215332,44.06999969482422,28185900
2020-08-19,38.064971923828125,41.0099983215332,42.61000061035156,40.77000045776367,42.2599983215332,36903300
2020-08-20,38.95603561401367,41.970001220703125,42.099998474121094,40.790000915527344,41.04999923706055,29589700
2020-08-21,37.95358657836914,40.88999938964844,41.29999923706055,40.439998626708984,41.119998931884766,23938200
2020-08-24,37.7308235168457,40.650001525878906,41.61000061035156,40.59000015258789,41.56999969482422,17717400
2020-08-25,37.66585159301758,40.58000183105469,40.61000061035156,39.59000015258789,40.61000061035156,20241500
2020-08-26,38.61260223388672,41.599998474121094,41.630001068115234,40.06999969482422,40.06999969482422,27676900
2020-08-27,37.74010467529297,40.65999984741211,42.34000015258789,40.029998779296875,42.34000015258789,31690900
2020-08-28,38.94675064086914,41.959999084472656,42.22999954223633,41.25,41.630001068115234,26915500
2020-08-31,39.2344856262207,42.27000045776367,42.810001373291016,41.91999816894531,42.20000076293945,21174600
2020-09-01,38.677574157714844,41.66999816894531,43.130001068115234,41.16999816894531,43.130001068115234,24247400
2020-09-02,38.76111602783203,41.7599983215332,41.79999923706055,40.40999984741211,41.22999954223633,21587400
2020-09-03,38.324867248535156,41.290000915527344,41.7599983215332,40.22999954223633,41.40999984741211,23533900
2020-09-04,37.92574691772461,40.86000061035156,41.13999938964844,39.470001220703125,40.959999084472656,31760000
2020-09-08,37.66585159301758,40.58000183105469,41.369998931884766,39.290000915527344,39.689998626708984,23894000
2020-09-09,39.299461364746094,42.34000015258789,42.45000076293945,40.97999954223633,40.97999954223633,30373300
2020-09-10,38.59403610229492,41.58000183105469,42.88999938964844,41.439998626708984,42.7599983215332,24778400
2020-09-11,38.204200744628906,41.15999984741211,42.33000183105469,40.90999984741211,41.869998931884766,19360900
2020-09-14,39.71714401245117,42.790000915527344,42.84000015258789,41.779998779296875,41.849998474121094,24207100
2020-09-15,39.71714401245117,42.790000915527344,43.599998474121094,42.52000045776367,43.279998779296875,21083600
2020-09-16,39.7728385925293,42.849998474121094,43.47999954223633,42.599998474121094,43.47999954223633,21636100
2020-09-17,39.07669448852539,42.099998474121094,42.31999969482422,41.369998931884766,41.810001373291016,21293200
2020-09-18,38.38983917236328,41.36000061035156,42.540000915527344,41.34000015258789,42.22999954223633,24531300
2020-09-21,36.9789924621582,39.84000015258789,40.790000915527344,39.369998931884766,40.209999084472656,30733600
2020-09-22,37.14606475830078,40.02000045776367,40.31999969482422,39.41999816894531,40.060001373291016,21529200
2020-09-23,34.927696228027344,37.630001068115234,39.380001068115234,37.349998474121094,39.36000061035156,53008900
2020-09-24,35.91157531738281,38.689998626708984,38.90999984741211,37.08000183105469,37.20000076293945,35428400
2020-09-25,35.66096115112305,38.41999816894531,38.65999984741211,37.790000915527344,38.20000076293945,15107500
2020-09-28,36.078651428222656,38.869998931884766,39.15999984741211,38.369998931884766,38.91999816894531,17378100
2020-09-29,36.542747497558594,39.369998931884766,39.619998931884766,38.939998626708984,39.06999969482422,16825400
2020-09-30,36.34782409667969,39.15999984741211,39.52000045776367,38.560001373291016,39.099998474121094,17573000
2020-10-01,36.72838592529297,39.56999969482422,39.939998626708984,39.15999984741211,39.54999923706055,21847900
2020-10-02,36.17147445678711,38.970001220703125,39.56999969482422,38.7599983215332,39.11000061035156,16693900
2020-10-05,36.72838592529297,39.56999969482422,39.97999954223633,39.06999969482422,39.16999816894531,19579800
2020-10-06,35.37322998046875,38.11000061035156,40.060001373291016,38.06999969482422,39.869998931884766,26692000
2020-10-07,35.59599304199219,38.349998474121094,38.810001373291016,38.150001525878906,38.5,22049800
2020-10-08,36.17147445678711,38.970001220703125,39.16999816894531,38.47999954223633,38.72999954223633,18446600
2020-10-09,37.85148620605469,40.779998779296875,40.79999923706055,39.83000183105469,39.90999984741211,29936400
2020-10-12,37.7493782043457,40.66999816894531,41.0099983215332,40.349998474121094,40.68000030517578,14011300
2020-10-13,37.35954666137695,40.25,40.5,39.459999084472656,40.099998474121094,20018100
2020-10-14,38.01856231689453,40.959999084472656,41.34000015258789,40.52000045776367,40.7599983215332,19323100
2020-10-15,37.40595626831055,40.29999923706055,40.66999816894531,39.9900016784668,40.189998626708984,18523900
2020-10-16,36.96971130371094,39.83000183105469,40.52000045776367,39.83000183105469,40.40999984741211,13548800
2020-10-19,36.34782409667969,39.15999984741211,40.33000183105469,39.13999938964844,40.31999969482422,15292600
2020-10-20,36.62628173828125,39.459999084472656,39.709999084472656,38.970001220703125,39.290000915527344,15671900
2020-10-21,37.05324935913086,39.91999816894531,40.40999984741211,39.68000030517578,39.7599983215332,18089400
2020-10-22,36.37567138671875,39.189998626708984,39.439998626708984,38.59000015258789,39.34000015258789,19750700
2020-10-23,36.03224563598633,38.81999969482422,39.16999816894531,38.470001220703125,39.150001525878906,14497700
2020-10-26,35.46604537963867,38.209999084472656,39.15999984741211,38.16999816894531,38.52000045776367,17881900
2020-10-27,36.04151916503906,38.83000183105469,38.86000061035156,38.09000015258789,38.27000045776367,14636800
2020-10-28,33.89741134643555,36.52000045776367,37.880001068115234,36.34000015258789,37.720001220703125,38818900
2020-10-29,34.296531677246094,36.95000076293945,37.279998779296875,36.0099983215332,36.060001373291016,22332000
2020-10-30,34.79774856567383,37.4900016784668,37.56999969482422,36.4900016784668,37.33000183105469,27645700
2020-11-02,35.85588073730469,38.630001068115234,38.689998626708984,37.66999816894531,38.09000015258789,27180400
2020-11-03,36.542747497558594,39.369998931884766,39.630001068115234,38.84000015258789,39.099998474121094,20418900
2020-11-04,35.707374572753906,38.470001220703125,39.529998779296875,38.400001525878906,39.41999816894531,24981300
2020-11-05,38.259891510009766,41.220001220703125,41.5099983215332,39.869998931884766,39.880001068115234,51803600
2020-11-06,38.445526123046875,41.41999816894531,41.810001373291016,40.9900016784668,41.63999938964844,21921500
2020-11-09,36.087928771972656,38.880001068115234,39.41999816894531,38.029998779296875,39.40999984741211,43551200
2020-11-10,34.862728118896484,37.560001373291016,39.060001373291016,37.52000045776367,39.029998779296875,33309900
2020-11-11,34.48217010498047,37.150001525878906,37.2599983215332,36.72999954223633,37.06999969482422,22360800
2020-11-12,34.79774856567383,37.4900016784668,38.08000183105469,37.38999938964844,37.5,21186100
2020-11-13,35.2804069519043,38.0099983215332,38.349998474121094,37.83000183105469,38.34000015258789,19264300
2020-11-16,35.048362731933594,37.7599983215332,38.2400016784668,37.45000076293945,37.86000061035156,17150200
2020-11-17,34.28724670410156,36.939998626708984,37.650001525878906,36.939998626708984,37.40999984741211,20716700
2020-11-18,33.2476806640625,35.81999969482422,36.970001220703125,35.81999969482422,36.939998626708984,26893300
2020-11-19,32.9692268371582,35.52000045776367,35.83000183105469,35.20000076293945,35.369998931884766,25927700
2020-11-20,33.32192611694336,35.900001525878906,36.36000061035156,35.65999984741211,35.959999084472656,25251000
2020-11-23,31.89252281188965,34.36000061035156,35.56999969482422,34.34000015258789,35.529998779296875,33864200
2020-11-24,31.02002716064453,33.41999816894531,33.900001525878906,33.25,33.380001068115234,41128100
2020-11-25,31.59550666809082,34.040000915527344,34.2400016784668,33.66999816894531,33.75,31203600
2020-11-27,31.771860122680664,34.22999954223633,34.290000915527344,33.5,33.540000915527344,11745600
2020-11-30,32.189544677734375,34.68000030517578,34.68000030517578,33.65999984741211,33.970001220703125,24406700
2020-12-01,33.377620697021484,35.959999084472656,36.06999969482422,35.08000183105469,35.79999923706055,31692100
2020-12-02,33.386905670166016,35.970001220703125,36.099998474121094,35.52000045776367,35.970001220703125,23736900
2020-12-03,32.95994186401367,35.5099983215332,36.13999938964844,35.2400016784668,36.13999938964844,21132500
2020-12-04,32.77430725097656,35.310001373291016,35.810001373291016,35.060001373291016,35.5,15779200
2020-12-07,33.87884521484375,36.5,36.91999816894531,35.2400016784668,35.29999923706055,26606200
2020-12-08,33.7396125793457,36.349998474121094,36.75,36.22999954223633,36.65999984741211,15029700
2020-12-09,32.85783767700195,35.400001525878906,36.15999984741211,35.0099983215332,35.939998626708984,26711300
2020-12-10,32.70933151245117,35.2400016784668,36.029998779296875,35.13999938964844,35.529998779296875,17178600
2020-12-11,32.560821533203125,35.08000183105469,35.56999969482422,34.95000076293945,35.36000061035156,13294100
2020-12-14,31.827556610107422,34.290000915527344,35.349998474121094,34.2599983215332,34.91999816894531,27931000
2020-12-15,32.82999038696289,35.369998931884766,35.56999969482422,34.86000061035156,35.0099983215332,24406300
2020-12-16,33.442596435546875,36.029998779296875,36.040000915527344,35.119998931884766,35.599998474121094,21498600
2020-12-17,34.61211013793945,37.290000915527344,37.63999938964844,36.7599983215332,36.869998931884766,41042600
2020-12-18,33.95309829711914,36.58000183105469,37.27000045776367,36.54999923706055,37.27000045776367,21979800
2020-12-21,33.915775299072266,36.349998474121094,36.810001373291016,36.18000030517578,36.349998474121094,18383700
2020-12-22,32.926761627197266,35.290000915527344,36.38999938964844,35.029998779296875,36.380001068115234,34660000
2020-12-23,33.51457214355469,35.91999816894531,36.040000915527344,35.529998779296875,35.529998779296875,25420100
2020-12-24,33.61720657348633,36.029998779296875,36.209999084472656,35.619998931884766,35.75,14138500
2020-12-28,33.29997253417969,35.689998626708984,36.90999984741211,35.68000030517578,36.61000061035156,17137400
2020-12-29,33.34662628173828,35.7400016784668,36.290000915527344,35.59000015258789,35.900001525878906,19650400
2020-12-30,34.11171340942383,36.560001373291016,36.560001373291016,35.77000045776367,35.790000915527344,18311400
2020-12-31,33.607879638671875,36.02000045776367,36.68000030517578,35.79999923706055,36.560001373291016,18772700
2021-01-04,35.931129455566406,38.5099983215332,38.77000045776367,37.31999969482422,37.689998626708984,54565100
2021-01-05,35.92179870605469,38.5,39.0099983215332,38.060001373291016,39.0,28068400
2021-01-06,35.88447952270508,38.459999084472656,38.52000045776367,37.470001220703125,38.130001068115234,31826300
2021-01-07,35.80050277709961,38.369998931884766,38.65999984741211,37.81999969482422,38.31999969482422,18728600
2021-01-08,34.07439422607422,36.52000045776367,37.52000045776367,35.79999923706055,37.45000076293945,49003500
2021-01-11,33.38394546508789,35.779998779296875,36.279998779296875,35.7400016784668,35.779998779296875,26242200
2021-01-12,33.62653732299805,36.040000915527344,36.04999923706055,35.290000915527344,35.88999938964844,20901200
2021-01-13,33.253326416015625,35.63999938964844,36.29999923706055,35.619998931884766,36.0,15130300
2021-01-14,33.225337982177734,35.61000061035156,36.150001525878906,35.459999084472656,35.63999938964844,17274600
2021-01-15,32.198997497558594,34.5099983215332,35.4900016784668,34.47999954223633,35.34000015258789,26520200
2021-01-19,32.53488540649414,34.869998931884766,35.18000030517578,34.56999969482422,35.130001068115234,26382600
2021-01-20,33.62653732299805,36.040000915527344,36.31999969482422,35.400001525878906,35.4900016784668,30193200
2021-01-21,33.31863784790039,35.709999084472656,36.040000915527344,35.40999984741211,36.0,19605500
2021-01-22,32.87078094482422,35.22999954223633,35.540000915527344,34.470001220703125,34.849998474121094,27744200
2021-01-25,32.833457946777344,35.189998626708984,35.7400016784668,34.810001373291016,35.4900016784668,15905600
2021-01-26,32.74015426635742,35.09000015258789,35.529998779296875,35.0099983215332,35.11000061035156,13110800
2021-01-27,31.480560302734375,33.7400016784668,34.66999816894531,33.630001068115234,34.650001525878906,31884800
2021-01-28,32.26430892944336,34.58000183105469,35.38999938964844,34.09000015258789,34.619998931884766,35106700
2021-01-29,32.198997497558594,34.5099983215332,35.68000030517578,34.380001068115234,35.47999954223633,21743700
2021-02-01,33.290645599365234,35.68000030517578,36.279998779296875,35.08000183105469,36.029998779296875,33084900
2021-02-02,32.30162811279297,34.619998931884766,34.97999954223633,34.45000076293945,34.880001068115234,22560800
2021-02-03,32.292301177978516,34.61000061035156,34.95000076293945,34.439998626708984,34.70000076293945,16858300
2021-02-04,31.573863983154297,33.84000015258789,33.970001220703125,33.22999954223633,33.689998626708984,26075900
2021-02-05,32.292301177978516,34.61000061035156,34.689998626708984,33.900001525878906,34.11000061035156,20322700
2021-02-08,32.8614501953125,35.220001220703125,35.4900016784668,34.900001525878906,35.27000045776367,18754700
2021-02-09,32.82413101196289,35.18000030517578,35.47999954223633,34.939998626708984,35.43000030517578,18531700
2021-02-10,32.91743087768555,35.279998779296875,35.599998474121094,35.0,35.5,11694000
2021-02-11,32.47890853881836,34.810001373291016,35.619998931884766,34.65999984741211,35.33000183105469,19890700
2021-02-12,32.45091247558594,34.779998779296875,35.119998931884766,34.18000030517578,34.5,15849300
2021-02-16,31.8071231842041,34.09000015258789,34.81999969482422,34.08000183105469,34.25,22539100
2021-02-17,30.99538230895996,33.220001220703125,33.59000015258789,32.95000076293945,33.54999923706055,27632700
2021-02-18,30.594179153442383,32.790000915527344,33.439998626708984,32.540000915527344,33.16999816894531,20776400
2021-02-19,30.547527313232422,32.7400016784668,33.209999084472656,32.56999969482422,33.09000015258789,17823000
2021-02-22,31.919084548950195,34.209999084472656,34.349998474121094,33.06999969482422,33.25,27938300
2021-02-23,31.200647354125977,33.439998626708984,33.869998931884766,32.810001373291016,33.79999923706055,25669700
2021-02-24,31.443239212036133,33.70000076293945,33.90999984741211,32.650001525878906,32.869998931884766,18766000
2021-02-25,30.164981842041016,32.33000183105469,33.630001068115234,32.20000076293945,33.0099983215332,36436000
2021-02-26,29.045339584350586,31.1299991607666,32.15999984741211,30.899999618530273,31.969999313354492,39888800
2021-03-01,28.83074188232422,30.899999618530273,31.719999313354492,30.719999313354492,31.520000457763672,25851400
2021-03-02,29.819759368896484,31.959999084472656,32.209999084472656,30.969999313354492,31.040000915527344,27817700
2021-03-03,29.250608444213867,31.350000381469727,31.600000381469727,30.639999389648438,31.440000534057617,34117000
2021-03-04,29.269269943237305,31.3700008392334,32.09000015258789,30.799999237060547,31.290000915527344,37821800
2021-03-05,29.65181541442871,31.780000686645508,31.8799991607666,30.899999618530273,31.399999618530273,27006800
2021-03-08,29.287931442260742,31.389999389648438,31.799999237060547,31.190000534057617,31.549999237060547,16400600
2021-03-09,30.136991500854492,32.29999923706055,32.88999938964844,32.099998474121094,32.470001220703125,26861900
2021-03-10,30.258283615112305,32.43000030517578,32.630001068115234,32.08000183105469,32.380001068115234,14539000
2021-03-11,30.836763381958008,33.04999923706055,33.08000183105469,32.52000045776367,32.66999816894531,21841600
2021-03-12,30.864761352539062,33.08000183105469,33.130001068115234,32.08000183105469,32.220001220703125,19710900
2021-03-15,31.36859130859375,33.619998931884766,33.720001220703125,33.13999938964844,33.22999954223633,21446200
2021-03-16,31.247304916381836,33.4900016784668,33.72999954223633,33.33000183105469,33.68000030517578,16996000
2021-03-17,31.919084548950195,34.209999084472656,34.47999954223633,33.0,33.2599983215332,24753100
2021-03-18,31.36859130859375,33.619998931884766,34.130001068115234,33.459999084472656,33.5099983215332,18849800
2021-03-19,31.620513916015625,33.88999938964844,33.91999816894531,33.459999084472656,33.7400016784668,17791400
2021-03-22,31.247304916381836,33.4900016784668,33.959999084472656,33.4900016784668,33.560001373291016,14935300
2021-03-23,30.454221725463867,32.63999938964844,33.2599983215332,32.529998779296875,33.18000030517578,17838700
2021-03-24,30.136991500854492,32.29999923706055,32.77000045776367,32.279998779296875,32.650001525878906,14319300
2021-03-25,30.08100700378418,32.2400016784668,32.52000045776367,31.90999984741211,32.29999923706055,16091700
2021-03-26,30.575517654418945,32.77000045776367,32.79999923706055,32.150001525878906,32.150001525878906,15938700
2021-03-29,30.65949058532715,32.86000061035156,32.93000030517578,32.09000015258789,32.5,13768300
2021-03-30,29.698467254638672,31.829999923706055,32.2400016784668,31.649999618530273,31.989999771118164,25441900
2021-03-31,30.323598861694336,32.5,32.790000915527344,31.8700008392334,31.899999618530273,29139800
2021-04-01,31.349933624267578,33.599998474121094,33.619998931884766,32.84000015258789,32.95000076293945,27485600
2021-04-05,31.452566146850586,33.709999084472656,34.02000045776367,33.369998931884766,33.59000015258789,18197300
2021-04-06,31.98439598083496,34.279998779296875,34.59000015258789,33.97999954223633,34.08000183105469,21175700
2021-04-07,31.657835006713867,33.93000030517578,34.31999969482422,33.849998474121094,34.13999938964844,18181900
2021-04-08,32.404266357421875,34.72999954223633,34.849998474121094,34.439998626708984,34.540000915527344,19841100
2021-04-09,32.404266357421875,34.72999954223633,34.790000915527344,33.97999954223633,34.11000061035156,11232300
2021-04-12,31.685823440551758,33.959999084472656,34.439998626708984,33.83000183105469,34.40999984741211,15536200
2021-04-13,32.24564743041992,34.560001373291016,34.79999923706055,34.29999923706055,34.38999938964844,22275900
2021-04-14,31.99373435974121,34.290000915527344,34.75,34.209999084472656,34.540000915527344,14033700
2021-04-15,33.31863784790039,35.709999084472656,35.959999084472656,34.72999954223633,34.79999923706055,31132500
2021-04-16,33.61720657348633,36.029998779296875,36.130001068115234,35.720001220703125,36.09000015258789,18939300
2021-04-19,33.39327621459961,35.790000915527344,36.099998474121094,35.59000015258789,35.84000015258789,12133700
2021-04-20,33.775821685791016,36.20000076293945,36.33000183105469,35.689998626708984,35.70000076293945,22560000
2021-04-21,34.36363983154297,36.83000183105469,36.84000015258789,36.130001068115234,36.220001220703125,18613600
2021-04-22,33.75716018676758,36.18000030517578,36.65999984741211,35.959999084472656,36.630001068115234,18554100
2021-04-23,33.645198822021484,36.060001373291016,36.619998931884766,35.95000076293945,36.5,10513900
2021-04-26,33.570552825927734,35.97999954223633,36.18000030517578,35.810001373291016,36.119998931884766,9254200
2021-04-27,32.93608856201172,35.29999923706055,36.060001373291016,35.25,36.029998779296875,16330800
2021-04-28,33.076045989990234,35.45000076293945,35.720001220703125,34.709999084472656,34.880001068115234,20209800
2021-04-29,32.44158172607422,34.77000045776367,35.119998931884766,34.380001068115234,35.029998779296875,23574800
2021-04-30,32.05904006958008,34.36000061035156,34.84000015258789,34.310001373291016,34.56999969482422,20959000
2021-05-03,33.290645599365234,35.68000030517578,35.88999938964844,34.90999984741211,34.97999954223633,31858500
2021-05-04,32.94542694091797,35.310001373291016,36.33000183105469,34.97999954223633,35.65999984741211,19222300
2021-05-05,33.225337982177734,35.61000061035156,35.689998626708984,35.13999938964844,35.47999954223633,19052300
2021-05-06,34.29832077026367,36.7599983215332,37.08000183105469,35.880001068115234,35.90999984741211,33315100
2021-05-07,34.91412353515625,37.41999816894531,37.58000183105469,37.0099983215332,37.369998931884766,28018400
2021-05-10,34.87680435180664,37.380001068115234,38.220001220703125,37.31999969482422,37.97999954223633,24645400
2021-05-11,35.11939239501953,37.63999938964844,37.66999816894531,36.5,36.630001068115234,19510800
2021-05-12,34.391624450683594,36.86000061035156,37.7599983215332,36.7400016784668,37.54999923706055,23166300
2021-05-13,34.45694351196289,36.93000030517578,37.18000030517578,36.43000030517578,36.720001220703125,14635100
2021-05-14,35.30599594116211,37.84000015258789,37.95000076293945,37.2400016784668,37.31999969482422,19785900
2021-05-17,37.02278137207031,39.68000030517578,39.900001525878906,38.130001068115234,38.27000045776367,44330800
2021-05-18,36.97612762451172,39.630001068115234,39.88999938964844,39.029998779296875,39.779998779296875,22379000
2021-05-19,36.42564010620117,39.040000915527344,40.130001068115234,38.599998474121094,39.290000915527344,34676400
2021-05-20,36.86416244506836,39.5099983215332,39.79999923706055,38.91999816894531,39.09000015258789,17187800
2021-05-21,36.658897399902344,39.290000915527344,39.7599983215332,38.90999984741211,39.7400016784668,15441300
2021-05-24,36.789520263671875,39.43000030517578,39.65999984741211,39.16999816894531,39.380001068115234,11962100
2021-05-25,36.873497009277344,39.52000045776367,39.689998626708984,38.869998931884766,39.36000061035156,18295900
2021-05-26,36.81751251220703,39.459999084472656,40.0,39.209999084472656,39.68000030517578,17944700
2021-05-27,36.58425521850586,39.209999084472656,39.400001525878906,39.02000045776367,39.2599983215332,15494100
2021-05-28,36.78019332885742,39.41999816894531,39.439998626708984,38.77000045776367,38.9900016784668,12656400
2021-06-01,36.84550857543945,39.4900016784668,39.880001068115234,39.16999816894531,39.63999938964844,14270600
2021-06-02,36.892154693603516,39.540000915527344,39.790000915527344,39.34000015258789,39.58000183105469,11231600
2021-06-03,35.613895416259766,38.16999816894531,38.630001068115234,38.02000045776367,38.619998931884766,32174200
2021-06-04,36.089744567871094,38.68000030517578,38.959999084472656,38.459999084472656,38.560001373291016,16937400
2021-06-07,36.06175231933594,38.650001525878906,38.709999084472656,38.209999084472656,38.54999923706055,13293100
2021-06-08,35.548583984375,38.099998474121094,38.59000015258789,38.04999923706055,38.43000030517578,17455800
2021-06-09,35.45528030395508,38.0,38.47999954223633,37.9900016784668,38.150001525878906,14511100
2021-06-10,36.3416633605957,38.95000076293945,38.9900016784668,37.970001220703125,38.06999969482422,22342300
2021-06-11,35.716529846191406,38.279998779296875,38.880001068115234,38.18000030517578,38.70000076293945,18857300
2021-06-14,35.48326873779297,38.029998779296875,38.279998779296875,37.400001525878906,37.56999969482422,15826400
2021-06-15,35.07273864746094,37.59000015258789,38.130001068115234,37.40999984741211,38.060001373291016,17405700
2021-06-16,34.307655334472656,36.77000045776367,37.91999816894531,36.72999954223633,37.529998779296875,29702900
2021-06-17,32.59087371826172,34.93000030517578,36.040000915527344,34.790000915527344,35.58000183105469,69043900
2021-06-18,31.84444236755371,34.130001068115234,35.099998474121094,34.099998474121094,34.84000015258789,34367700
2021-06-21,32.44158172607422,34.77000045776367,34.95000076293945,34.2400016784668,34.65999984741211,25070600
2021-06-22,32.23631286621094,34.54999923706055,34.810001373291016,34.40999984741211,34.599998474121094,17989800
2021-06-23,32.03105163574219,34.33000183105469,35.18000030517578,34.33000183105469,35.0099983215332,22658200
2021-06-24,32.13368225097656,34.439998626708984,34.72999954223633,34.290000915527344,34.63999938964844,17146600
2021-06-25,32.05904006958008,34.36000061035156,34.95000076293945,34.220001220703125,34.90999984741211,14417300
2021-06-28,31.704484939575195,33.97999954223633,34.439998626708984,33.720001220703125,34.31999969482422,19354800
2021-06-29,31.387250900268555,33.63999938964844,33.970001220703125,33.29999923706055,33.38999938964844,15484500
2021-06-30,31.704484939575195,33.97999954223633,34.209999084472656,33.5,33.63999938964844,15159300
2021-07-01,31.685823440551758,33.959999084472656,34.52000045776367,33.7599983215332,34.470001220703125,12172200
2021-07-02,32.115020751953125,34.41999816894531,34.59000015258789,34.04999923706055,34.38999938964844,14496600
2021-07-06,32.20832824707031,34.52000045776367,35.04999923706055,34.16999816894531,35.02000045776367,19947100
2021-07-07,32.24564743041992,34.560001373291016,34.790000915527344,34.290000915527344,34.7400016784668,14493700
2021-07-08,31.424577713012695,33.68000030517578,34.689998626708984,33.38999938964844,34.619998931884766,27118300
2021-07-09,32.06836700439453,34.369998931884766,34.4900016784668,33.7599983215332,33.79999923706055,18204500
2021-07-12,31.620513916015625,33.88999938964844,34.560001373291016,33.83000183105469,34.20000076293945,20292400
2021-07-13,31.98439598083496,34.279998779296875,34.91999816894531,33.91999816894531,34.0,21065700
2021-07-14,32.413597106933594,34.7400016784668,35.15999984741211,34.58000183105469,35.09000015258789,15714200
2021-07-15,32.62819290161133,34.970001220703125,35.029998779296875,34.630001068115234,34.84000015258789,14196100
2021-07-16,31.648502349853516,33.91999816894531,34.84000015258789,33.83000183105469,34.84000015258789,28735000
2021-07-19,30.967388153076172,33.189998626708984,33.709999084472656,32.869998931884766,33.52000045776367,29921500
2021-07-20,31.070024490356445,33.29999923706055,33.810001373291016,33.04999923706055,33.38999938964844,17990800
2021-07-21,31.36859130859375,33.619998931884766,33.72999954223633,32.970001220703125,33.029998779296875,15417900
2021-07-22,31.172658920288086,33.40999984741211,33.689998626708984,33.04999923706055,33.689998626708984,15667800
2021-07-23,30.930070877075195,33.150001525878906,33.31999969482422,32.91999816894531,33.20000076293945,12587700
2021-07-26,31.256633758544922,33.5,33.7599983215332,33.0099983215332,33.060001373291016,13565000
2021-07-27,31.424577713012695,33.68000030517578,33.72999954223633,33.290000915527344,33.650001525878906,14112900
2021-07-28,31.900426864624023,34.189998626708984,34.189998626708984,33.380001068115234,33.5099983215332,16424400
2021-07-29,32.721492767333984,35.06999969482422,35.369998931884766,34.70000076293945,34.75,29054900
2021-07-30,32.581539154052734,34.91999816894531,35.279998779296875,34.70000076293945,34.79999923706055,12405300
2021-08-02,32.45091247558594,34.779998779296875,34.9900016784668,34.66999816894531,34.91999816894531,11315800
2021-08-03,32.74015426635742,35.09000015258789,35.130001068115234,34.63999938964844,34.790000915527344,11237300
2021-08-04,32.45091247558594,34.779998779296875,35.81999969482422,34.7599983215332,35.599998474121094,16927200
2021-08-05,31.965734481811523,34.2599983215332,34.84000015258789,34.18000030517578,34.77000045776367,14194100
2021-08-06,31.014041900634766,33.2400016784668,33.4900016784668,32.869998931884766,33.380001068115234,34008700
2021-08-09,30.258283615112305,32.43000030517578,33.08000183105469,32.38999938964844,32.79999923706055,29020200
2021-08-10,29.87574005126953,32.02000045776367,32.470001220703125,31.920000076293945,32.31999969482422,23545600
2021-08-11,30.472881317138672,32.65999984741211,32.900001525878906,32.38999938964844,32.43000030517578,22827000
2021-08-12,30.006366729736328,32.15999984741211,32.470001220703125,31.899999618530273,32.470001220703125,17913100
2021-08-13,30.622167587280273,32.81999969482422,32.959999084472656,32.47999954223633,32.58000183105469,16207000
2021-08-16,30.454221725463867,32.63999938964844,32.939998626708984,32.45000076293945,32.86000061035156,12143000
2021-08-17,30.0903377532959,32.25,32.65999984741211,32.0099983215332,32.529998779296875,20321200
2021-08-18,29.381235122680664,31.489999771118164,32.33000183105469,31.25,32.33000183105469,32163200
2021-08-19,28.8867244720459,30.959999084472656,31.450000762939453,30.889999389648438,31.43000030517578,24668400
2021-08-20,28.78409194946289,30.850000381469727,31.139999389648438,30.690000534057617,30.850000381469727,18101500
2021-08-23,29.96904182434082,32.119998931884766,32.349998474121094,31.350000381469727,31.6299991607666,34967700
2021-08-24,29.959714889526367,32.11000061035156,32.369998931884766,31.989999771118164,32.36000061035156,12994500
2021-08-25,29.55851173400879,31.68000030517578,31.969999313354492,31.40999984741211,31.950000762939453,20259400
2021-08-26,29.371904373168945,31.479999542236328,31.8700008392334,31.3700008392334,31.459999084472656,18155600
2021-08-27,30.426233291625977,32.61000061035156,32.72999954223633,31.290000915527344,31.43000030517578,43782900
2021-08-30,30.01569366455078,32.16999816894531,32.70000076293945,32.099998474121094,32.61000061035156,17423200
2021-08-31,30.416900634765625,32.599998474121094,32.630001068115234,32.189998626708984,32.2599983215332,23492700
2021-09-01,30.21163558959961,32.380001068115234,32.83000183105469,32.36000061035156,32.779998779296875,17135600
2021-09-02,30.323598861694336,32.5,32.5099983215332,32.18000030517578,32.40999984741211,14716700
2021-09-03,31.05136489868164,33.279998779296875,33.52000045776367,32.869998931884766,32.9900016784668,27203900
2021-09-07,30.183639526367188,32.349998474121094,33.060001373291016,32.220001220703125,32.88999938964844,23521600
2021-09-08,30.03435516357422,32.189998626708984,32.47999954223633,31.8700008392334,32.31999969482422,18090100
2021-09-09,29.819759368896484,31.959999084472656,32.4900016784668,31.739999771118164,32.439998626708984,20938800
2021-09-10,29.39056396484375,31.5,32.119998931884766,31.5,31.950000762939453,16890300
2021-09-13,29.959714889526367,32.11000061035156,32.40999984741211,31.600000381469727,31.68000030517578,24638000
2021-09-14,30.10900115966797,32.27000045776367,32.619998931884766,31.989999771118164,32.279998779296875,17580100
2021-09-15,30.09967041015625,32.2599983215332,32.5099983215332,31.969999313354492,32.02000045776367,13130900
2021-09-16,28.849403381347656,30.920000076293945,31.559999465942383,30.59000015258789,31.530000686645508,54399900
2021-09-17,28.53217315673828,30.579999923706055,30.729999542236328,30.350000381469727,30.690000534057617,26397400
2021-09-20,28.410877227783203,30.450000762939453,30.579999923706055,30.06999969482422,30.34000015258789,26368700
2021-09-21,28.42953872680664,30.469999313354492,31.049999237060547,30.40999984741211,30.739999771118164,23278500
2021-09-22,28.457529067993164,30.5,31.239999771118164,30.459999084472656,30.700000762939453,26826400
2021-09-23,27.888378143310547,29.889999389648438,30.329999923706055,29.8799991607666,30.290000915527344,28658400
2021-09-24,27.69244384765625,29.68000030517578,30.0,29.540000915527344,29.670000076293945,14285400
2021-09-27,27.69244384765625,29.68000030517578,30.239999771118164,29.6299991607666,29.829999923706055,16001600
2021-09-28,27.4032039642334,29.3700008392334,29.510000228881836,28.969999313354492,29.239999771118164,35629500
2021-09-29,26.97400665283203,28.90999984741211,29.420000076293945,28.829999923706055,29.290000915527344,34065800
2021-09-30,27.496505737304688,29.469999313354492,29.950000762939453,29.110000610351562,29.280000686645508,29802700
2021-10-01,27.36587905883789,29.329999923706055,29.690000534057617,29.1200008392334,29.68000030517578,20670200
2021-10-04,27.68311309814453,29.670000076293945,29.899999618530273,29.229999542236328,29.229999542236328,25250600
2021-10-05,27.78574562072754,29.780000686645508,29.850000381469727,29.170000076293945,29.540000915527344,21309600
2021-10-06,28.308244705200195,30.34000015258789,30.34000015258789,29.489999771118164,29.559999465942383,28606900
2021-10-07,28.364225387573242,30.399999618530273,30.690000534057617,30.049999237060547,30.09000015258789,18266900
2021-10-08,28.616146087646484,30.670000076293945,31.360000610351562,30.579999923706055,31.1299991607666,28715200
2021-10-11,28.53217315673828,30.579999923706055,31.09000015258789,30.510000228881836,30.709999084472656,17432600
2021-10-12,29.054672241210938,31.139999389648438,31.260000228881836,30.549999237060547,30.799999237060547,25183500
2021-10-13,29.997037887573242,32.150001525878906,32.31999969482422,31.389999389648438,31.43000030517578,36491500
2021-10-14,30.650157928466797,32.849998474121094,32.93000030517578,32.40999984741211,32.599998474121094,25068100
2021-10-15,30.34225845336914,32.52000045776367,32.72999954223633,31.8799991607666,32.150001525878906,19730700
2021-10-18,30.062347412109375,32.220001220703125,32.529998779296875,32.08000183105469,32.400001525878906,15584500
2021-10-19,30.323598861694336,32.5,32.88999938964844,32.29999923706055,32.86000061035156,13999700
2021-10-20,30.65949058532715,32.86000061035156,33.15999984741211,32.599998474121094,32.849998474121094,15369500
2021-10-21,30.53819465637207,32.72999954223633,32.77000045776367,32.5,32.72999954223633,13482600
2021-10-22,30.780786514282227,32.9900016784668,33.95000076293945,32.81999969482422,33.29999923706055,29547100
2021-10-25,31.209980010986328,33.45000076293945,33.709999084472656,33.2599983215332,33.439998626708984,16885100
2021-10-26,31.02337074279785,33.25,33.380001068115234,33.02000045776367,33.18000030517578,14855600
2021-10-27,30.8834171295166,33.099998474121094,33.400001525878906,32.95000076293945,33.22999954223633,14192900
2021-10-28,30.40757179260254,32.59000015258789,33.16999816894531,32.5,33.16999816894531,16147300
2021-10-29,29.58650016784668,31.709999084472656,32.22999954223633,31.700000762939453,32.060001373291016,19838500
2021-11-01,29.726459503173828,31.860000610351562,32.0099983215332,31.420000076293945,31.770000457763672,13055100
2021-11-02,29.418556213378906,31.530000686645508,31.65999984741211,31.260000228881836,31.639999389648438,13406500
2021-11-03,29.726459503173828,31.860000610351562,31.989999771118164,30.959999084472656,31.09000015258789,19631400
2021-11-04,29.623821258544922,31.75,32.689998626708984,31.690000534057617,32.290000915527344,20728600
2021-11-05,30.556856155395508,32.75,32.75,31.84000015258789,32.11000061035156,23291800
2021-11-08,30.696815490722656,32.900001525878906,33.13999938964844,32.65999984741211,33.09000015258789,16769000
2021-11-09,31.088685989379883,33.31999969482422,33.31999969482422,32.56999969482422,33.029998779296875,15970100
2021-11-10,31.63917350769043,33.90999984741211,34.5,33.689998626708984,34.13999938964844,41093000
2021-11-11,32.37627410888672,34.70000076293945,34.83000183105469,34.310001373291016,34.720001220703125,25332800
2021-11-12,32.44158172607422,34.77000045776367,35.0099983215332,34.220001220703125,34.45000076293945,16472200
2021-11-15,32.56288146972656,34.900001525878906,35.0099983215332,34.470001220703125,34.790000915527344,12670000
2021-11-16,31.99373435974121,34.290000915527344,35.08000183105469,34.27000045776367,34.880001068115234,17878700
2021-11-17,32.24564743041992,34.560001373291016,34.970001220703125,34.41999816894531,34.689998626708984,15595600
2021-11-18,31.947080612182617,34.2400016784668,34.68000030517578,34.11000061035156,34.5099983215332,16487300
2021-11-19,31.415241241455078,33.66999816894531,34.41999816894531,33.65999984741211,34.15999984741211,22133100
2021-11-22,30.790115356445312,33.0,33.47999954223633,32.54999923706055,33.02000045776367,29994000
2021-11-23,30.323598861694336,32.5,32.810001373291016,32.150001525878906,32.52000045776367,20537700
2021-11-24,30.248952865600586,32.41999816894531,32.619998931884766,32.16999816894531,32.220001220703125,13253000
2021-11-26,29.96904182434082,32.119998931884766,32.79999923706055,31.639999389648438,32.79999923706055,21061800
2021-11-29,29.978376388549805,32.130001068115234,32.15999984741211,31.670000076293945,32.029998779296875,15302700
2021-11-30,29.670473098754883,31.799999237060547,33.029998779296875,31.639999389648438,32.400001525878906,30280600
2021-12-01,28.765432357788086,30.829999923706055,32.47999954223633,30.81999969482422,32.20000076293945,30323900
2021-12-02,28.420209884643555,30.459999084472656,30.8799991607666,30.09000015258789,30.8799991607666,27617300
2021-12-03,28.634807586669922,30.690000534057617,30.729999542236328,30.049999237060547,30.489999771118164,21055600
2021-12-06,29.0360107421875,31.1200008392334,31.229999542236328,30.469999313354492,30.559999465942383,16423300
2021-12-07,29.24127960205078,31.34000015258789,31.59000015258789,31.100000381469727,31.149999618530273,12973000
2021-12-08,29.381235122680664,31.489999771118164,31.520000457763672,31.079999923706055,31.25,9604700
2021-12-09,28.625476837158203,30.68000030517578,31.190000534057617,30.530000686645508,31.18000030517578,19843700
2021-12-10,28.448200225830078,30.489999771118164,30.950000762939453,30.299999237060547,30.940000534057617,13045500
2021-12-13,28.466861724853516,30.510000228881836,30.8700008392334,30.360000610351562,30.530000686645508,23841300
2021-12-14,28.093647003173828,30.110000610351562,30.549999237060547,30.0,30.0,16925600
2021-12-15,27.711105346679688,29.700000762939453,30.0,28.899999618530273,30.0,34443000
2021-12-16,29.1013240814209,31.190000534057617,31.239999771118164,30.1200008392334,30.1299991607666,38341100
2021-12-17,29.045339584350586,31.1299991607666,31.770000457763672,31.06999969482422,31.350000381469727,25227600
2021-12-20,29.04059600830078,30.59000015258789,30.639999389648438,30.149999618530273,30.559999465942383,18245700
2021-12-21,29.25894546508789,30.81999969482422,30.920000076293945,30.389999389648438,30.8799991607666,15176000
2021-12-22,29.581724166870117,31.15999984741211,31.18000030517578,30.479999542236328,30.90999984741211,19852100
2021-12-23,29.714630126953125,31.299999237060547,31.389999389648438,30.829999923706055,31.110000610351562,15213500
2021-12-27,29.743112564086914,31.329999923706055,31.479999542236328,31.040000915527344,31.239999771118164,11629800
2021-12-28,29.515270233154297,31.09000015258789,31.65999984741211,31.06999969482422,31.329999923706055,15665100
2021-12-29,29.638683319091797,31.219999313354492,31.540000915527344,30.84000015258789,30.84000015258789,13900900
2021-12-30,30.170320510864258,31.780000686645508,31.829999923706055,31.219999313354492,31.219999313354492,14496700
2021-12-31,30.407657623291016,32.029998779296875,32.08000183105469,31.719999313354492,32.0099983215332,12553700
2022-01-03,29.667165756225586,31.25,31.530000686645508,31.209999084472656,31.420000076293945,18828900
2022-01-04,29.79058074951172,31.3799991607666,31.8700008392334,31.309999465942383,31.440000534057617,15468300
2022-01-05,29.287424087524414,30.850000381469727,32.029998779296875,30.790000915527344,31.709999084472656,26211100
2022-01-06,28.252635955810547,29.760000228881836,30.3799991607666,29.739999771118164,30.170000076293945,28579300
2022-01-07,28.489973068237305,30.010000228881836,30.170000076293945,29.6200008392334,29.959999084472656,19982900
2022-01-10,28.96464729309082,30.510000228881836,30.540000915527344,29.649999618530273,29.8700008392334,24142700
2022-01-11,29.562734603881836,31.139999389648438,31.15999984741211,30.389999389648438,30.6200008392334,20294700
2022-01-12,30.103864669799805,31.709999084472656,31.709999084472656,31.06999969482422,31.270000457763672,19838600
2022-01-13,29.657670974731445,31.239999771118164,31.739999771118164,31.229999542236328,31.559999465942383,15356900
2022-01-14,29.40134620666504,30.969999313354492,31.31999969482422,30.729999542236328,31.299999237060547,15586500
2022-01-18,29.050086975097656,30.600000381469727,31.149999618530273,30.479999542236328,30.889999389648438,16739600
2022-01-19,31.12916374206543,32.790000915527344,32.939998626708984,30.940000534057617,31.020000457763672,52590000
2022-01-20,30.692462921142578,32.33000183105469,33.189998626708984,32.33000183105469,33.11000061035156,26417600
2022-01-21,30.046903610229492,31.649999618530273,32.599998474121094,31.479999542236328,32.58000183105469,30274200
2022-01-24,29.85703468322754,31.450000762939453,31.59000015258789,30.43000030517578,31.579999923706055,32161600
2022-01-25,30.056396484375,31.65999984741211,31.81999969482422,30.84000015258789,31.110000610351562,26669500
2022-01-26,29.078567504882812,30.6299991607666,31.889999389648438,30.3799991607666,31.3799991607666,38945900
2022-01-27,28.176687240600586,29.68000030517578,30.610000610351562,29.639999389648438,29.8700008392334,32087700
2022-01-28,27.815933227539062,29.299999237060547,29.3799991607666,28.8700008392334,29.329999923706055,25046400
2022-01-31,28.698827743530273,30.229999542236328,30.239999771118164,29.510000228881836,29.559999465942383,22555400
2022-02-01,28.983633041381836,30.530000686645508,30.719999313354492,30.030000686645508,30.549999237060547,16090400
2022-02-02,29.078567504882812,30.6299991607666,31.040000915527344,30.25,30.610000610351562,15417300
2022-02-03,28.717817306518555,30.25,30.65999984741211,29.940000534057617,30.450000762939453,17862600
2022-02-04,28.860218048095703,30.399999618530273,30.729999542236328,29.969999313354492,30.059999465942383,20375700
2022-02-07,29.714630126953125,31.299999237060547,31.450000762939453,30.420000076293945,30.639999389648438,24160500
2022-02-08,30.046903610229492,31.649999618530273,31.649999618530273,31.149999618530273,31.25,14835300
2022-02-09,29.98994255065918,31.59000015258789,31.979999542236328,31.530000686645508,31.760000228881836,19078700
2022-02-10,29.135528564453125,30.690000534057617,31.8799991607666,30.549999237060547,31.420000076293945,29800100
2022-02-11,30.787395477294922,32.43000030517578,32.779998779296875,30.729999542236328,30.770000457763672,42381000
2022-02-14,31.413969039916992,33.09000015258789,33.15999984741211,32.52000045776367,32.540000915527344,29274700
2022-02-15,30.8443603515625,32.4900016784668,32.619998931884766,31.809999465942383,32.220001220703125,25748600
2022-02-16,31.831682205200195,33.529998779296875,33.66999816894531,32.66999816894531,32.68000030517578,28483300
2022-02-17,33.01836395263672,34.779998779296875,35.11000061035156,33.779998779296875,34.029998779296875,45115400
2022-02-18,32.75255584716797,34.5,34.849998474121094,34.209999084472656,34.83000183105469,23469300
2022-02-22,32.382301330566406,34.11000061035156,34.959999084472656,33.900001525878906,34.720001220703125,23123900
2022-02-23,32.98040008544922,34.7400016784668,35.02000045776367,34.0099983215332,34.060001373291016,24488400
2022-02-24,32.344329833984375,34.06999969482422,36.06999969482422,33.43000030517578,36.04999923706055,51288800
2022-02-25,32.64812469482422,34.38999938964844,34.47999954223633,33.459999084472656,33.68000030517578,22922200
2022-02-28,32.63862609863281,34.380001068115234,35.11000061035156,34.099998474121094,35.08000183105469,25871800
2022-03-01,34.04366683959961,35.86000061035156,35.86000061035156,34.689998626708984,34.75,39068400
2022-03-02,33.920249938964844,35.72999954223633,35.81999969482422,34.95000076293945,35.310001373291016,26242100
2022-03-03,34.19556427001953,36.02000045776367,36.02000045776367,35.34000015258789,35.630001068115234,23492400
2022-03-04,35.50566482543945,37.400001525878906,37.599998474121094,36.189998626708984,36.279998779296875,40778000
2022-03-07,36.41704177856445,38.36000061035156,38.54999923706055,37.20000076293945,37.689998626708984,46921200
2022-03-08,36.61640167236328,38.56999969482422,40.2599983215332,37.88999938964844,38.83000183105469,80295600
2022-03-09,36.19868850708008,38.130001068115234,38.310001373291016,36.5,36.84000015258789,39938300
2022-03-10,36.939178466796875,38.90999984741211,39.31999969482422,38.369998931884766,38.40999984741211,29088600
2022-03-11,36.3505859375,38.290000915527344,38.54999923706055,37.61000061035156,37.79999923706055,28285200
2022-03-14,34.86960220336914,36.72999954223633,37.54999923706055,36.2599983215332,37.380001068115234,38456800
2022-03-15,35.03099060058594,36.900001525878906,37.31999969482422,35.66999816894531,35.75,26134300
2022-03-16,35.135414123535156,37.0099983215332,37.11000061035156,36.029998779296875,36.70000076293945,28941600
2022-03-17,35.79046630859375,37.70000076293945,38.369998931884766,37.38999938964844,37.40999984741211,26488200
2022-03-18,35.334781646728516,37.220001220703125,37.880001068115234,36.970001220703125,37.2400016784668,30921100
2022-03-21,36.21767807006836,38.150001525878906,38.56999969482422,37.45000076293945,37.45000076293945,24683500
2022-03-22,35.84742736816406,37.7599983215332,38.209999084472656,37.25,38.209999084472656,17183900
2022-03-23,36.75880432128906,38.720001220703125,38.77000045776367,37.849998474121094,38.029998779296875,20446300
2022-03-24,36.60691452026367,38.560001373291016,39.369998931884766,38.45000076293945,39.08000183105469,21581000
2022-03-25,36.75880432128906,38.720001220703125,38.75,38.119998931884766,38.290000915527344,10075600
2022-03-28,35.79046630859375,37.70000076293945,38.16999816894531,37.58000183105469,38.130001068115234,21267700
2022-03-29,36.28413009643555,38.220001220703125,38.25,36.65999984741211,36.900001525878906,18139800
2022-03-30,36.69234848022461,38.650001525878906,38.86000061035156,38.25,38.2599983215332,14993000
2022-03-31,36.40754699707031,38.349998474121094,39.11000061035156,38.33000183105469,38.72999954223633,17229800
2022-04-01,37.48980712890625,39.4900016784668,39.529998779296875,38.06999969482422,38.119998931884766,23745700
2022-04-04,37.15753173828125,39.13999938964844,39.79999923706055,38.65999984741211,39.720001220703125,18744400
2022-04-05,36.34109115600586,38.279998779296875,39.880001068115234,38.099998474121094,39.380001068115234,26451000
2022-04-06,36.24615478515625,38.18000030517578,38.650001525878906,37.79999923706055,38.25,19222700
2022-04-07,36.7682991027832,38.72999954223633,39.0099983215332,38.16999816894531,38.29999923706055,17500500
2022-04-08,37.66068649291992,39.66999816894531,39.810001373291016,38.900001525878906,38.93000030517578,21664600
2022-04-11,37.45183181762695,39.45000076293945,40.380001068115234,39.0,40.209999084472656,20697500
2022-04-12,37.78410339355469,39.79999923706055,40.529998779296875,39.45000076293945,40.0,22313700
2022-04-13,38.62902069091797,40.689998626708984,40.880001068115234,39.97999954223633,40.22999954223633,22805800
2022-04-14,38.79041290283203,40.86000061035156,40.95000076293945,40.15999984741211,40.52000045776367,21680800
2022-04-18,38.799903869628906,40.869998931884766,41.61000061035156,40.81999969482422,41.279998779296875,21406400
2022-04-19,37.689170837402344,39.70000076293945,40.59000015258789,39.40999984741211,40.22999954223633,23777100
2022-04-20,38.097389221191406,40.130001068115234,40.209999084472656,39.25,39.59000015258789,23025900
2022-04-21,36.16071319580078,38.09000015258789,39.599998474121094,37.720001220703125,39.59000015258789,42409900
2022-04-22,35.06896209716797,36.939998626708984,37.7599983215332,36.709999084472656,37.04999923706055,33747200
2022-04-25,33.863285064697266,35.66999816894531,36.16999816894531,34.880001068115234,35.470001220703125,38894700
2022-04-26,33.132293701171875,34.900001525878906,36.0099983215332,34.880001068115234,35.86000061035156,24442700
2022-04-27,32.942420959472656,34.70000076293945,35.380001068115234,34.65999984741211,34.95000076293945,15275400
2022-04-28,33.61646270751953,35.40999984741211,35.5099983215332,34.56999969482422,34.81999969482422,24486000
2022-04-29,33.21773147583008,34.9900016784668,36.09000015258789,34.97999954223633,35.77000045776367,20033700
2022-05-02,32.80001449584961,34.54999923706055,34.68000030517578,33.720001220703125,34.08000183105469,29034400
2022-05-03,33.3316535949707,35.11000061035156,35.470001220703125,34.68000030517578,34.68000030517578,19495900
2022-05-04,33.967716217041016,35.779998779296875,35.93000030517578,34.630001068115234,35.06999969482422,28204500
2022-05-05,32.8759651184082,34.630001068115234,36.16999816894531,34.130001068115234,36.099998474121094,35966800
2022-05-06,32.50572204589844,34.2400016784668,34.720001220703125,33.9900016784668,34.47999954223633,21303700
2022-05-09,30.59752655029297,32.22999954223633,33.56999969482422,32.189998626708984,33.36000061035156,34739700
2022-05-10,30.08487892150879,31.690000534057617,32.91999816894531,31.309999465942383,32.66999816894531,25276200
2022-05-11,30.046903610229492,31.649999618530273,32.84000015258789,31.610000610351562,32.209999084472656,27714300
2022-05-12,28.6513614654541,30.18000030517578,31.139999389648438,29.65999984741211,30.979999542236328,35862800
2022-05-13,29.31590461730957,30.8799991607666,31.139999389648438,30.1200008392334,30.1200008392334,27278800
2022-05-16,29.600711822509766,31.18000030517578,31.270000457763672,30.739999771118164,30.790000915527344,15573500
2022-05-17,29.657670974731445,31.239999771118164,31.65999984741211,31.0,31.56999969482422,16582400
2022-05-18,28.907686233520508,30.450000762939453,31.280000686645508,30.43000030517578,31.1200008392334,18448300
2022-05-19,30.521581649780273,32.150001525878906,32.36000061035156,31.229999542236328,31.239999771118164,30947600
2022-05-20,30.436140060424805,32.060001373291016,32.2400016784668,31.540000915527344,32.16999816894531,19963500
2022-05-23,30.616514205932617,32.25,32.83000183105469,31.90999984741211,32.63999938964844,16314400
2022-05-24,31.081697463989258,32.7400016784668,32.95000076293945,32.0099983215332,32.279998779296875,17950400
2022-05-25,30.939292907714844,32.59000015258789,32.66999816894531,32.11000061035156,32.34000015258789,13881200
2022-05-26,30.74942398071289,32.38999938964844,32.79999923706055,32.150001525878906,32.38999938964844,12079100
2022-05-27,30.863344192504883,32.5099983215332,32.7400016784668,32.220001220703125,32.66999816894531,11892200
2022-05-31,30.122852325439453,31.729999542236328,32.91999816894531,31.549999237060547,32.369998931884766,21929000
2022-06-01,30.36018943786621,31.979999542236328,32.29999923706055,31.600000381469727,32.02000045776367,14071100
2022-06-02,31.660799026489258,33.349998474121094,33.52000045776367,32.400001525878906,32.41999816894531,21415300
2022-06-03,30.91081428527832,32.560001373291016,33.279998779296875,32.470001220703125,32.93000030517578,14528300
2022-06-06,30.58803367614746,32.220001220703125,32.95000076293945,31.969999313354492,32.84000015258789,12275800
2022-06-07,30.88233184814453,32.529998779296875,32.630001068115234,32.099998474121094,32.15999984741211,11530600
2022-06-08,30.673477172851562,32.310001373291016,32.689998626708984,32.130001068115234,32.380001068115234,9693300
2022-06-09,29.515270233154297,31.09000015258789,32.150001525878906,31.06999969482422,32.099998474121094,21702400
2022-06-10,30.920307159423828,32.56999969482422,32.79999923706055,30.360000610351562,30.639999389648438,35438100
2022-06-13,28.926671981811523,30.469999313354492,31.610000610351562,30.469999313354492,31.270000457763672,32964400
2022-06-14,28.195674896240234,29.700000762939453,30.579999923706055,29.399999618530273,30.579999923706055,22331600
2022-06-15,28.66085433959961,30.190000534057617,30.6200008392334,29.34000015258789,30.450000762939453,25359400
2022-06-16,29.201984405517578,30.760000228881836,30.989999771118164,29.450000762939453,29.899999618530273,28773200
2022-06-17,28.850723266601562,30.389999389648438,30.790000915527344,30.139999389648438,30.700000762939453,17456900
2022-06-21,28.955154418945312,30.5,30.950000762939453,30.190000534057617,30.350000381469727,15825200
2022-06-22,28.556425094604492,30.079999923706055,30.979999542236328,30.059999465942383,30.469999313354492,20321600
2022-06-23,27.445688247680664,28.90999984741211,30.309999465942383,28.639999389648438,29.940000534057617,30743900
2022-06-24,28.157699584960938,29.65999984741211,29.780000686645508,28.700000762939453,29.030000686645508,21579700
2022-06-27,27.977323532104492,29.469999313354492,29.579999923706055,29.059999465942383,29.459999084472656,17945700
2022-06-28,27.407712936401367,28.8700008392334,29.780000686645508,28.81999969482422,29.719999313354492,18484000
2022-06-29,26.999494552612305,28.440000534057617,29.270000457763672,28.18000030517578,29.15999984741211,17375400
2022-06-30,25.993181228637695,27.3799991607666,28.399999618530273,27.329999923706055,28.229999542236328,24080100
2022-07-01,26.733673095703125,28.15999984741211,28.3700008392334,26.829999923706055,26.959999084472656,30977700
2022-07-05,25.59445571899414,26.959999084472656,27.93000030517578,26.459999084472656,27.68000030517578,29004400
2022-07-06,25.43306541442871,26.790000915527344,27.170000076293945,26.040000915527344,27.0,24663600
2022-07-07,25.784326553344727,27.15999984741211,27.610000610351562,26.8700008392334,27.010000228881836,17608500
2022-07-08,25.68939208984375,27.059999465942383,27.610000610351562,26.81999969482422,27.270000457763672,13882200
2022-07-11,25.300159454345703,26.649999618530273,27.170000076293945,26.579999923706055,26.690000534057617,19039300
2022-07-12,24.929912567138672,26.260000228881836,26.920000076293945,26.139999389648438,26.65999984741211,16844900
2022-07-13,25.471040725708008,26.829999923706055,27.3799991607666,26.030000686645508,26.059999465942383,30708300
2022-07-14,24.40776824951172,25.709999084472656,25.889999389648438,24.920000076293945,25.75,45394400
2022-07-15,24.293848037719727,25.59000015258789,25.8799991607666,25.139999389648438,25.8799991607666,19211500
2022-07-18,24.40776824951172,25.709999084472656,26.350000381469727,25.709999084472656,26.0,16172900
2022-07-19,24.702068328857422,26.020000457763672,26.299999237060547,25.700000762939453,25.920000076293945,14987700
2022-07-20,23.980562210083008,25.260000228881836,26.260000228881836,25.229999542236328,26.110000610351562,20189300
2022-07-21,24.43625259399414,25.739999771118164,25.889999389648438,25.209999084472656,25.3700008392334,19919200
2022-07-22,24.122966766357422,25.40999984741211,26.540000915527344,25.299999237060547,25.850000381469727,27424800
2022-07-25,23.344497680664062,24.59000015258789,25.420000076293945,24.3799991607666,25.31999969482422,29327000
2022-07-26,23.82866668701172,25.100000381469727,25.170000076293945,24.65999984741211,24.65999984741211,21849400
2022-07-27,24.236888885498047,25.530000686645508,25.670000076293945,24.809999465942383,25.15999984741211,33157200
2022-07-28,24.683080673217773,26.0,26.360000610351562,25.670000076293945,26.260000228881836,33677200
2022-07-29,24.93940544128418,26.270000457763672,26.389999389648438,25.530000686645508,26.18000030517578,25835300
2022-08-01,24.882442474365234,26.209999084472656,26.5,25.969999313354492,26.389999389648438,15231000
2022-08-02,24.56915855407715,25.8799991607666,26.940000534057617,25.8700008392334,26.350000381469727,28314600
2022-08-03,24.246379852294922,25.540000915527344,26.079999923706055,25.290000915527344,26.06999969482422,29568800
2022-08-04,25.09130096435547,26.43000030517578,26.780000686645508,25.6299991607666,25.799999237060547,25570800
2022-08-05,24.94890022277832,26.280000686645508,26.299999237060547,25.450000762939453,25.809999465942383,25529800
2022-08-08,25.632429122924805,27.0,27.299999237060547,26.719999313354492,26.770000457763672,23601600
2022-08-09,25.575469970703125,26.940000534057617,27.209999084472656,26.479999542236328,27.190000534057617,16504700
2022-08-10,25.755844116210938,27.1299991607666,27.579999923706055,26.8700008392334,27.290000915527344,18701400
2022-08-11,25.271678924560547,26.6200008392334,27.389999389648438,26.56999969482422,27.280000686645508,18682200
2022-08-12,25.84128761291504,27.219999313354492,27.260000228881836,26.719999313354492,26.850000381469727,17810000
2022-08-15,25.281169891357422,26.6299991607666,26.729999542236328,26.31999969482422,26.579999923706055,16144300
2022-08-16,25.37610626220703,26.729999542236328,26.780000686645508,26.31999969482422,26.5,11741800
2022-08-17,24.474225997924805,25.780000686645508,26.530000686645508,25.700000762939453,26.489999771118164,29384000
2022-08-18,24.502704620361328,25.809999465942383,26.049999237060547,25.049999237060547,25.850000381469727,13036800
2022-08-19,23.9710693359375,25.25,25.690000534057617,25.18000030517578,25.690000534057617,15279100
2022-08-22,23.99005889892578,25.270000457763672,25.389999389648438,24.8700008392334,24.959999084472656,12544800
2022-08-23,24.398277282714844,25.700000762939453,26.219999313354492,25.329999923706055,25.3700008392334,18062300
2022-08-24,24.597640991210938,25.90999984741211,25.979999542236328,25.299999237060547,25.559999465942383,14510700
2022-08-25,24.806493759155273,26.1299991607666,26.219999313354492,25.760000228881836,26.15999984741211,10157500
2022-08-26,23.638795852661133,24.899999618530273,26.190000534057617,24.690000534057617,26.020000457763672,29536500
2022-08-29,23.363489151000977,24.610000610351562,25.149999618530273,24.510000228881836,24.790000915527344,22795300
2022-08-30,22.86033058166504,24.079999923706055,24.610000610351562,23.90999984741211,24.579999923706055,22031900
2022-08-31,22.594512939453125,23.799999237060547,24.239999771118164,23.799999237060547,24.020000457763672,18461800
2022-09-01,21.891992568969727,23.059999465942383,23.489999771118164,22.969999313354492,23.350000381469727,33299000
2022-09-02,22.585020065307617,23.790000915527344,24.209999084472656,23.260000228881836,23.549999237060547,30245300
2022-09-06,22.25274658203125,23.440000534057617,24.25,23.399999618530273,23.8700008392334,23844000
2022-09-07,23.08817481994629,24.31999969482422,24.510000228881836,23.280000686645508,23.43000030517578,26791700
2022-09-08,23.126150131225586,24.360000610351562,24.520000457763672,23.889999389648438,24.100000381469727,21459400
2022-09-09,23.82866668701172,25.100000381469727,25.149999618530273,24.690000534057617,24.760000228881836,20847200
2022-09-12,24.160940170288086,25.450000762939453,25.709999084472656,25.280000686645508,25.639999389648438,20706400
2022-09-13,23.1831111907959,24.420000076293945,25.1299991607666,24.350000381469727,24.530000686645508,31353100
2022-09-14,23.230575561523438,24.469999313354492,24.889999389648438,24.420000076293945,24.56999969482422,18318400
2022-09-15,22.53754997253418,23.739999771118164,24.489999771118164,23.520000457763672,24.239999771118164,34626100
2022-09-16,22.784381866455078,24.0,24.299999237060547,23.15999984741211,23.360000610351562,30933800
2022-09-19,23.1831111907959,24.420000076293945,24.43000030517578,23.520000457763672,23.6200008392334,20269900
2022-09-20,22.547046661376953,23.75,24.049999237060547,23.5,24.049999237060547,20117000
2022-09-21,22.62299346923828,23.829999923706055,24.489999771118164,23.389999389648438,24.0,32189400
2022-09-22,22.53754997253418,23.739999771118164,24.25,23.559999465942383,23.979999542236328,22426500
2022-09-23,21.30339813232422,22.440000534057617,23.040000915527344,22.200000762939453,23.0,43070400
2022-09-26,20.752775192260742,21.860000610351562,22.549999237060547,21.520000457763672,22.399999618530273,38198700
2022-09-27,20.885684967041016,22.0,22.59000015258789,21.959999084472656,22.270000457763672,19460300
2022-09-28,22.385656356811523,23.579999923706055,23.579999923706055,22.489999771118164,22.5,40035400
2022-09-29,22.490083694458008,23.690000534057617,23.729999542236328,23.010000228881836,23.360000610351562,34381400
2022-09-30,22.898305892944336,24.1200008392334,24.549999237060547,23.510000228881836,23.6200008392334,37430400
2022-10-03,23.77170753479004,25.040000915527344,25.059999465942383,24.299999237060547,24.5,35531500
2022-10-04,24.445741653442383,25.75,26.110000610351562,25.329999923706055,25.489999771118164,34280800
2022-10-05,24.084991455078125,25.3700008392334,25.389999389648438,24.709999084472656,25.190000534057617,26009100
2022-10-06,24.35080909729004,25.649999618530273,25.68000030517578,25.030000686645508,25.209999084472656,25143700
2022-10-07,23.15462875366211,24.389999389648438,25.43000030517578,24.389999389648438,25.149999618530273,29761500
2022-10-10,22.803369522094727,24.020000457763672,24.549999237060547,23.920000076293945,23.979999542236328,17472600
2022-10-11,22.604005813598633,23.809999465942383,24.59000015258789,23.75,24.06999969482422,25190000
2022-10-12,22.803369522094727,24.020000457763672,24.18000030517578,23.649999618530273,23.850000381469727,18407700
2022-10-13,22.53754997253418,23.739999771118164,23.8700008392334,22.489999771118164,23.0,28872900
2022-10-14,21.5692138671875,22.719999313354492,23.56999969482422,22.700000762939453,23.540000915527344,22558800
2022-10-17,22.262243270874023,23.450000762939453,23.770000457763672,23.3700008392334,23.40999984741211,18687100
2022-10-18,22.41413688659668,23.610000610351562,23.850000381469727,23.31999969482422,23.780000686645508,17248800
2022-10-19,21.73060417175293,22.889999389648438,23.260000228881836,22.770000457763672,23.1200008392334,20047400
2022-10-20,22.00591468811035,23.18000030517578,23.790000915527344,22.889999389648438,23.020000457763672,21703000
2022-10-21,23.107160568237305,24.34000015258789,24.350000381469727,23.190000534057617,23.309999465942383,30203300
2022-10-24,22.717927932739258,23.93000030517578,24.09000015258789,23.5,24.030000686645508,24087500
2022-10-25,23.173616409301758,24.40999984741211,24.56999969482422,24.010000228881836,24.049999237060547,28223900
2022-10-26,23.857147216796875,25.1299991607666,25.399999618530273,24.670000076293945,24.700000762939453,23852900
2022-10-27,23.562850952148438,24.81999969482422,25.360000610351562,24.809999465942383,25.260000228881836,21524800
2022-10-28,23.467914581298828,24.719999313354492,24.739999771118164,24.280000686645508,24.5,16034900
2022-10-31,22.936281204223633,24.15999984741211,24.530000686645508,24.1299991607666,24.3700008392334,21769400
2022-11-01,23.448928833007812,24.700000762939453,25.059999465942383,24.56999969482422,24.84000015258789,23337200
2022-11-02,22.072372436523438,23.25,24.979999542236328,23.229999542236328,24.8700008392334,43806400
2022-11-03,21.5312442779541,22.68000030517578,23.100000381469727,22.579999923706055,22.979999542236328,30349500
2022-11-04,23.68626594543457,24.950000762939453,24.989999771118164,23.75,23.760000228881836,46797200
2022-11-07,23.876134872436523,25.149999618530273,25.25,24.649999618530273,25.100000381469727,28855200
2022-11-08,25.309650421142578,26.65999984741211,26.950000762939453,25.040000915527344,25.170000076293945,50666500
2022-11-09,24.910926818847656,26.239999771118164,27.020000457763672,26.15999984741211,26.530000686645508,31653500
2022-11-10,26.78114128112793,28.209999084472656,28.309999465942383,27.309999465942383,27.780000686645508,46849500
2022-11-11,26.86658477783203,28.299999237060547,28.34000015258789,27.829999923706055,28.290000915527344,23159900
2022-11-14,26.695703506469727,28.1200008392334,28.3799991607666,27.8799991607666,28.1299991607666,20061300
2022-11-15,26.43937873840332,27.850000381469727,28.489999771118164,27.579999923706055,28.440000534057617,29900700
2022-11-16,26.13558578491211,27.530000686645508,27.989999771118164,27.530000686645508,27.639999389648438,15708600
2022-11-17,25.74635124206543,27.1200008392334,27.280000686645508,26.84000015258789,27.059999465942383,24647700
2022-11-18,25.98369026184082,27.3700008392334,27.40999984741211,26.920000076293945,27.040000915527344,28557400
2022-11-21,25.803314208984375,27.18000030517578,27.260000228881836,26.760000228881836,27.170000076293945,21118100
2022-11-22,26.828609466552734,28.260000228881836,28.260000228881836,27.3700008392334,27.40999984741211,29686300
2022-11-23,27.255815505981445,28.709999084472656,28.780000686645508,28.0,28.25,34294200
2022-11-25,26.999494552612305,28.440000534057617,28.690000534057617,28.34000015258789,28.600000381469727,19297900
2022-11-28,25.917234420776367,27.299999237060547,28.3700008392334,27.25,28.350000381469727,33665500
2022-11-29,26.72418212890625,28.149999618530273,28.299999237060547,27.709999084472656,27.719999313354492,35118700
2022-11-30,27.578596115112305,29.049999237060547,29.239999771118164,28.09000015258789,28.530000686645508,36827500
2022-12-01,28.51845359802246,30.040000915527344,30.270000457763672,29.440000534057617,29.729999542236328,50107700
2022-12-02,28.404531478881836,29.920000076293945,30.010000228881836,29.15999984741211,29.3700008392334,35815500
2022-12-05,27.379234313964844,28.84000015258789,29.6299991607666,28.75,29.6299991607666,42576900
2022-12-06,27.38872718811035,28.850000381469727,29.540000915527344,28.770000457763672,29.200000762939453,25644000
2022-12-07,27.92036247253418,29.40999984741211,29.729999542236328,29.059999465942383,29.06999969482422,38808500
2022-12-08,27.92036247253418,29.40999984741211,29.829999923706055,29.260000228881836,29.639999389648438,18092100
2022-12-09,27.59758186340332,29.06999969482422,30.100000381469727,29.040000915527344,29.690000534057617,24143000
2022-12-12,27.474166870117188,28.940000534057617,28.989999771118164,28.43000030517578,28.829999923706055,24168700
2022-12-13,28.271621704101562,29.780000686645508,30.459999084472656,29.469999313354492,30.030000686645508,27695800
2022-12-14,28.12921714782715,29.6299991607666,29.959999084472656,29.09000015258789,29.790000915527344,21961300
2022-12-15,26.88557243347168,28.31999969482422,28.989999771118164,28.290000915527344,28.790000915527344,29060400
2022-12-16,27.151390075683594,28.600000381469727,28.790000915527344,28.1200008392334,28.329999923706055,23730900
2022-12-19,26.70343780517578,27.65999984741211,28.34000015258789,27.549999237060547,28.219999313354492,19577300
2022-12-20,27.74608612060547,28.739999771118164,28.90999984741211,28.110000610351562,28.200000762939453,26872000
2022-12-21,28.074329376220703,29.079999923706055,29.31999969482422,28.899999618530273,28.979999542236328,21455400
2022-12-22,27.76539421081543,28.760000228881836,28.790000915527344,28.1200008392334,28.6299991607666,20148800
2022-12-23,27.87158966064453,28.8700008392334,29.219999313354492,28.3799991607666,28.850000381469727,16348000
2022-12-27,28.576345443725586,29.600000381469727,29.989999771118164,28.860000610351562,29.079999923706055,19464100
2022-12-28,27.688161849975586,28.68000030517578,29.389999389648438,28.540000915527344,29.350000381469727,19542300
2022-12-29,27.823318481445312,28.81999969482422,29.229999542236328,28.739999771118164,29.030000686645508,9649200
2022-12-30,27.668851852416992,28.65999984741211,28.920000076293945,28.40999984741211,28.8700008392334,12476200
2023-01-03,28.63426971435547,29.65999984741211,30.049999237060547,29.25,29.329999923706055,25649100
2023-01-04,29.850696563720703,30.920000076293945,31.079999923706055,30.149999618530273,30.280000686645508,34447800
2023-01-05,29.590030670166016,30.649999618530273,30.690000534057617,30.030000686645508,30.350000381469727,22716800
2023-01-06,30.46856117248535,31.559999465942383,31.68000030517578,30.68000030517578,31.18000030517578,32615400
2023-01-09,30.178936004638672,31.260000228881836,31.969999313354492,31.25,31.950000762939453,31134600
2023-01-10,30.738880157470703,31.84000015258789,31.8700008392334,31.200000762939453,31.3799991607666,16411300
2023-01-11,30.47821617126465,31.56999969482422,32.08000183105469,31.260000228881836,32.0,16050800
2023-01-12,31.067121505737305,32.18000030517578,32.29999923706055,31.549999237060547,32.11000061035156,26636800
2023-01-13,31.5208683013916,32.650001525878906,32.75,32.13999938964844,32.18000030517578,22740500
2023-01-17,30.429946899414062,31.520000457763672,32.31999969482422,31.329999923706055,32.279998779296875,28431300
2023-01-18,30.13066291809082,31.209999084472656,32.22999954223633,31.209999084472656,32.060001373291016,18027500
2023-01-19,30.91265296936035,32.02000045776367,32.20000076293945,31.25,31.459999084472656,31665300
2023-01-20,31.298818588256836,32.41999816894531,32.439998626708984,31.59000015258789,31.760000228881836,22162100
2023-01-23,31.27951431274414,32.400001525878906,32.41999816894531,31.709999084472656,32.029998779296875,24634900
2023-01-24,31.598098754882812,32.72999954223633,32.79999923706055,31.8700008392334,32.25,19363200
2023-01-25,32.11942672729492,33.27000045776367,33.34000015258789,32.2599983215332,32.31999969482422,21882900
2023-01-26,31.627059936523438,32.7599983215332,33.16999816894531,32.40999984741211,33.16999816894531,20056100
2023-01-27,31.192626953125,32.310001373291016,32.630001068115234,32.09000015258789,32.599998474121094,18369000
2023-01-30,30.729225158691406,31.829999923706055,32.369998931884766,31.829999923706055,32.209999084472656,15401300
2023-01-31,30.91265296936035,32.02000045776367,32.040000915527344,31.530000686645508,31.729999542236328,13269000
2023-02-01,31.607755661010742,32.7400016784668,33.0,31.65999984741211,32.0,27611700
2023-02-02,30.623027801513672,31.719999313354492,32.939998626708984,31.420000076293945,32.90999984741211,39837600
2023-02-03,29.27144432067871,30.31999969482422,31.110000610351562,30.209999084472656,30.84000015258789,35462300
2023-02-06,29.16524887084961,30.209999084472656,30.420000076293945,30.020000457763672,30.270000457763672,19969200
2023-02-07,29.570722579956055,30.6299991607666,31.0,30.139999389648438,30.290000915527344,24785700
2023-02-08,29.319717407226562,30.3700008392334,30.780000686645508,30.290000915527344,30.780000686645508,12449600
2023-02-09,28.730812072753906,29.760000228881836,30.90999984741211,29.59000015258789,30.700000762939453,22281000
2023-02-10,28.595653533935547,29.6200008392334,29.950000762939453,29.360000610351562,29.809999465942383,16416400
2023-02-13,28.557035446166992,29.579999923706055,29.799999237060547,29.31999969482422,29.520000457763672,12356800
2023-02-14,28.614961624145508,29.639999389648438,29.84000015258789,29.110000610351562,29.34000015258789,17614900
2023-02-15,27.79435920715332,28.790000915527344,28.959999084472656,28.510000228881836,28.959999084472656,22878800
2023-02-16,27.67850685119629,28.670000076293945,28.959999084472656,28.139999389648438,28.479999542236328,19613900
2023-02-17,27.42749786376953,28.40999984741211,28.469999313354492,27.790000915527344,28.290000915527344,23330400
2023-02-21,27.137874603271484,28.110000610351562,28.559999465942383,27.950000762939453,28.270000457763672,16102000
2023-02-22,26.500696182250977,27.450000762939453,27.959999084472656,27.25,27.889999389648438,21109400
2023-02-23,26.36553955078125,27.309999465942383,27.6299991607666,27.1299991607666,27.489999771118164,15686500
2023-02-24,26.05660629272461,26.989999771118164,27.049999237060547,26.639999389648438,26.8799991607666,20021000
2023-02-27,26.25934410095215,27.200000762939453,27.31999969482422,26.950000762939453,27.1200008392334,15404900
2023-02-28,26.558624267578125,27.510000228881836,27.690000534057617,26.950000762939453,27.219999313354492,25664000
2023-03-01,27.137874603271484,28.110000610351562,28.34000015258789,27.719999313354492,27.799999237060547,36704800
2023-03-02,27.195798873901367,28.170000076293945,28.209999084472656,27.84000015258789,28.0,14676700
2023-03-03,27.639890670776367,28.6299991607666,28.639999389648438,28.200000762939453,28.510000228881836,15765100
2023-03-06,27.108911514282227,28.079999923706055,28.489999771118164,27.899999618530273,28.350000381469727,16153000
2023-03-07,25.96006202697754,26.889999389648438,27.799999237060547,26.729999542236328,27.719999313354492,34513100
2023-03-08,25.882831573486328,26.809999465942383,27.3700008392334,26.68000030517578,26.920000076293945,23263500
2023-03-09,25.757326126098633,26.68000030517578,27.329999923706055,26.59000015258789,27.059999465942383,20883200
2023-03-10,26.25934410095215,27.200000762939453,27.950000762939453,27.149999618530273,27.299999237060547,35754000
2023-03-13,28.093637466430664,29.100000381469727,29.290000915527344,28.34000015258789,28.5,56706500
2023-03-14,28.31568145751953,29.329999923706055,29.479999542236328,28.75,29.030000686645508,24328900
2023-03-15,28.31568145751953,29.329999923706055,29.829999923706055,28.940000534057617,29.829999923706055,34832600
2023-03-16,28.151559829711914,29.15999984741211,29.5,28.5,29.450000762939453,31403700
2023-03-17,29.52245330810547,30.579999923706055,31.030000686645508,29.360000610351562,29.739999771118164,63723800
2023-03-20,30.03412437438965,31.110000610351562,31.309999465942383,30.760000228881836,31.020000457763672,28656500
2023-03-21,28.962512969970703,30.0,30.6299991607666,29.639999389648438,30.6200008392334,35598100
2023-03-22,29.503145217895508,30.559999465942383,31.18000030517578,30.040000915527344,30.1200008392334,30862300
2023-03-23,30.227205276489258,31.309999465942383,31.700000762939453,30.649999618530273,30.889999389648438,27957400
2023-03-24,30.458906173706055,31.549999237060547,31.799999237060547,31.110000610351562,31.389999389648438,28455900
2023-03-27,30.429946899414062,31.520000457763672,31.549999237060547,30.739999771118164,30.860000610351562,17072000
2023-03-28,31.192626953125,32.310001373291016,32.349998474121094,31.43000030517578,31.700000762939453,24621900
2023-03-29,30.931962966918945,32.040000915527344,32.369998931884766,31.8799991607666,32.02000045776367,17267900
2023-03-30,31.395362854003906,32.52000045776367,32.630001068115234,32.11000061035156,32.36000061035156,18704200
2023-03-31,31.231237411499023,32.349998474121094,32.72999954223633,32.09000015258789,32.619998931884766,18460400
2023-04-03,31.935998916625977,33.08000183105469,33.290000915527344,32.2400016784668,32.5,32416400
2023-04-04,33.00761032104492,34.189998626708984,34.279998779296875,32.91999816894531,33.11000061035156,38919700
2023-04-05,33.15242004394531,34.34000015258789,34.70000076293945,33.84000015258789,34.52000045776367,27676300
2023-04-06,33.23931121826172,34.43000030517578,34.5099983215332,33.77000045776367,34.20000076293945,16111400
2023-04-10,32.81452941894531,33.9900016784668,34.040000915527344,33.66999816894531,33.970001220703125,20707900
2023-04-11,33.38412094116211,34.58000183105469,35.029998779296875,34.2400016784668,34.2400016784668,21024200
2023-04-12,33.712364196777344,34.91999816894531,35.2400016784668,34.459999084472656,35.130001068115234,20592200
2023-04-13,34.62950897216797,35.869998931884766,36.099998474121094,35.43000030517578,35.47999954223633,28524900
2023-04-14,33.87648391723633,35.09000015258789,35.58000183105469,34.380001068115234,35.369998931884766,34145100
2023-04-17,33.11380386352539,34.29999923706055,34.83000183105469,34.06999969482422,34.66999816894531,25510100
2023-04-18,33.35515594482422,34.54999923706055,35.189998626708984,34.380001068115234,34.40999984741211,25445800
2023-04-19,32.90141296386719,34.08000183105469,34.380001068115234,33.83000183105469,33.93000030517578,27055300
2023-04-20,32.88210678100586,34.060001373291016,34.630001068115234,33.970001220703125,34.310001373291016,15975600
2023-04-21,32.447669982910156,33.61000061035156,34.06999969482422,33.290000915527344,33.7400016784668,23143200
2023-04-24,32.54420852661133,33.709999084472656,33.88999938964844,33.349998474121094,33.54999923706055,15115500
2023-04-25,32.602134704589844,33.77000045776367,33.91999816894531,33.2400016784668,33.599998474121094,14439600
2023-04-26,32.17735290527344,33.33000183105469,34.220001220703125,33.25,34.16999816894531,14899900
2023-04-27,32.67936325073242,33.849998474121094,33.880001068115234,33.060001373291016,33.2400016784668,16943200
2023-04-28,32.41870880126953,33.58000183105469,33.91999816894531,33.310001373291016,33.790000915527344,17740100
2023-05-01,32.254581451416016,33.40999984741211,34.29999923706055,33.369998931884766,34.150001525878906,13286700
2023-05-02,33.53859329223633,34.7400016784668,34.779998779296875,33.34000015258789,33.41999816894531,34821200
2023-05-03,33.65443801879883,34.86000061035156,35.15999984741211,34.52000045776367,34.63999938964844,23335800
2023-05-04,34.45573043823242,35.689998626708984,36.2599983215332,35.099998474121094,35.130001068115234,35165200
2023-05-05,34.17576599121094,35.400001525878906,35.59000015258789,34.52000045776367,34.619998931884766,22260200
2023-05-08,34.137149810791016,35.36000061035156,35.810001373291016,35.15999984741211,35.4900016784668,12247900
2023-05-09,34.030948638916016,35.25,35.529998779296875,35.09000015258789,35.279998779296875,9795800
2023-05-10,33.78959655761719,35.0,35.349998474121094,34.560001373291016,35.29999923706055,21045500
2023-05-11,32.36077880859375,33.52000045776367,34.68000030517578,33.52000045776367,34.68000030517578,31069300
2023-05-12,32.43801498413086,33.599998474121094,33.7599983215332,33.29999923706055,33.5,17355800
2023-05-15,32.7372932434082,33.90999984741211,34.16999816894531,33.709999084472656,33.779998779296875,13341900
2023-05-16,31.8684139251709,33.0099983215332,33.869998931884766,32.810001373291016,33.77000045776367,25027400
2023-05-17,31.598098754882812,32.72999954223633,33.02000045776367,32.4900016784668,33.0,19201300
2023-05-18,30.777494430541992,31.8799991607666,32.220001220703125,31.479999542236328,32.16999816894531,31404600
2023-05-19,31.04781150817871,32.15999984741211,32.58000183105469,31.739999771118164,32.060001373291016,18823100
2023-05-22,30.767841339111328,31.8700008392334,32.22999954223633,31.8700008392334,32.08000183105469,13003800
2023-05-23,30.555448532104492,31.649999618530273,31.940000534057617,31.540000915527344,31.700000762939453,13619000
2023-05-24,29.850696563720703,30.920000076293945,31.81999969482422,30.81999969482422,31.809999465942383,23978700
2023-05-25,29.21352195739746,30.260000228881836,30.65999984741211,30.18000030517578,30.649999618530273,21432500
2023-05-26,29.35833168029785,30.40999984741211,30.799999237060547,30.15999984741211,30.690000534057617,16912800
2023-05-30,29.155595779418945,30.200000762939453,30.579999923706055,30.110000610351562,30.450000762939453,23317600
2023-05-31,29.841041564941406,30.90999984741211,31.25,30.25,30.309999465942383,35961000
2023-06-01,30.902997970581055,32.0099983215332,32.290000915527344,31.030000686645508,31.079999923706055,32224600
2023-06-02,30.323747634887695,31.40999984741211,32.25,31.209999084472656,32.060001373291016,26595600
2023-06-05,30.46856117248535,31.559999465942383,31.770000457763672,31.219999313354492,31.260000228881836,12300700
2023-06-06,30.536142349243164,31.6299991607666,31.700000762939453,31.239999771118164,31.649999618530273,11372900
2023-06-07,29.976198196411133,31.049999237060547,32.2400016784668,30.93000030517578,31.700000762939453,23061300
2023-06-08,30.449254989624023,31.540000915527344,31.8700008392334,31.399999618530273,31.549999237060547,18419900
2023-06-09,30.00516128540039,31.079999923706055,31.549999237060547,31.06999969482422,31.469999313354492,12669100
2023-06-12,30.15962791442871,31.239999771118164,31.25,30.780000686645508,31.030000686645508,10282800
2023-06-13,29.821731567382812,30.889999389648438,31.639999389648438,30.799999237060547,31.43000030517578,17547600
2023-06-14,29.802425384521484,30.8700008392334,31.479999542236328,30.530000686645508,31.260000228881836,15747200
2023-06-15,29.927927017211914,31.0,31.040000915527344,30.530000686645508,30.770000457763672,18198300
2023-06-16,30.304441452026367,31.389999389648438,31.739999771118164,30.899999618530273,31.200000762939453,19290300
2023-06-20,29.09766960144043,30.139999389648438,30.860000610351562,30.1299991607666,30.829999923706055,28348000
2023-06-21,29.020435333251953,30.059999465942383,30.260000228881836,29.6200008392334,30.0,16163900
2023-06-22,28.817699432373047,29.850000381469727,29.920000076293945,29.530000686645508,29.600000381469727,18070900
2023-06-23,28.759775161743164,29.790000915527344,30.34000015258789,29.700000762939453,30.1299991607666,15081200
2023-06-26,29.03009033203125,30.06999969482422,30.299999237060547,29.649999618530273,29.90999984741211,14255700
2023-06-27,28.624614715576172,29.649999618530273,30.18000030517578,29.3700008392334,30.1200008392334,23419500
2023-06-28,28.20948600769043,29.219999313354492,29.579999923706055,29.170000076293945,29.40999984741211,25956600
2023-06-29,28.595653533935547,29.6200008392334,29.6200008392334,28.760000228881836,28.899999618530273,17501700
2023-06-30,29.068708419799805,30.110000610351562,30.1299991607666,29.5,29.719999313354492,20732300
2023-07-03,29.62864875793457,30.690000534057617,30.770000457763672,30.170000076293945,30.25,17734800
2023-07-05,28.798389434814453,29.829999923706055,30.770000457763672,29.809999465942383,30.729999542236328,22271400
2023-07-06,28.064672470092773,29.06999969482422,29.65999984741211,28.90999984741211,29.639999389648438,29161500
2023-07-07,28.431533813476562,29.450000762939453,29.81999969482422,29.25,29.299999237060547,16733400
2023-07-10,29.001129150390625,30.040000915527344,30.149999618530273,29.260000228881836,29.309999465942383,24983300
2023-07-11,29.194210052490234,30.239999771118164,30.469999313354492,30.030000686645508,30.239999771118164,14832400
2023-07-12,30.71957015991211,31.81999969482422,31.950000762939453,30.81999969482422,30.829999923706055,44179100
2023-07-13,31.07677459716797,32.189998626708984,32.2599983215332,31.940000534057617,32.16999816894531,19564800
2023-07-14,30.85472869873047,31.959999084472656,32.400001525878906,31.899999618530273,32.11000061035156,15326200
2023-07-17,30.864381790161133,31.969999313354492,32.11000061035156,31.479999542236328,31.709999084472656,9777900
2023-07-18,31.501558303833008,32.630001068115234,32.91999816894531,32.099998474121094,32.369998931884766,20908700
2023-07-19,31.24089813232422,32.36000061035156,32.56999969482422,32.22999954223633,32.439998626708984,9273300
2023-07-20,30.304441452026367,31.389999389648438,32.209999084472656,31.360000610351562,32.08000183105469,22811500
2023-07-21,30.400983810424805,31.489999771118164,31.56999969482422,31.040000915527344,31.200000762939453,12288100
2023-07-24,30.207901000976562,31.290000915527344,31.600000381469727,31.010000228881836,31.459999084472656,10810300
2023-07-25,30.680953979492188,31.780000686645508,31.889999389648438,31.299999237060547,31.399999618530273,14009400
2023-07-26,30.555448532104492,31.649999618530273,31.829999923706055,31.34000015258789,31.829999923706055,14698500
2023-07-27,29.3004093170166,30.350000381469727,31.389999389648438,30.329999923706055,31.3700008392334,38582400
2023-07-28,29.657611846923828,30.719999313354492,30.860000610351562,30.479999542236328,30.719999313354492,18505800
2023-07-31,30.323747634887695,31.40999984741211,31.75,30.93000030517578,30.969999313354492,19185800
2023-08-01,29.18455696105957,30.229999542236328,30.8700008392334,30.190000534057617,30.719999313354492,23841400
2023-08-02,28.267410278320312,29.280000686645508,30.18000030517578,29.200000762939453,30.1200008392334,23963800
2023-08-03,28.267410278320312,29.280000686645508,29.56999969482422,29.06999969482422,29.360000610351562,15663200
2023-08-04,28.53772735595703,29.559999465942383,29.809999465942383,29.360000610351562,29.56999969482422,17468700
2023-08-07,28.31568145751953,29.329999923706055,29.559999465942383,29.059999465942383,29.520000457763672,11421000
2023-08-08,28.074329376220703,29.079999923706055,29.219999313354492,28.670000076293945,28.950000762939453,15440700
2023-08-09,28.12259864807129,29.1299991607666,29.360000610351562,28.93000030517578,29.15999984741211,9574700
2023-08-10,28.16121482849121,29.170000076293945,29.610000610351562,28.989999771118164,29.399999618530273,16827500
2023-08-11,28.441184997558594,29.459999084472656,29.5,28.950000762939453,29.010000228881836,10361000
2023-08-14,27.948823928833008,28.950000762939453,29.1299991607666,28.5,29.110000610351562,12180400
2023-08-15,27.234413146972656,28.209999084472656,28.860000610351562,28.1299991607666,28.84000015258789,20289800
2023-08-16,26.867555618286133,27.829999923706055,28.239999771118164,27.81999969482422,28.200000762939453,13524200
2023-08-17,26.655166625976562,27.610000610351562,27.979999542236328,27.450000762939453,27.889999389648438,16121500
2023-08-18,26.500696182250977,27.450000762939453,27.6299991607666,27.299999237060547,27.6299991607666,18334500
2023-08-21,26.751705169677734,27.709999084472656,27.75,27.280000686645508,27.610000610351562,18225600
2023-08-22,26.98340606689453,27.950000762939453,27.959999084472656,27.530000686645508,27.81999969482422,13706700
2023-08-23,27.74608612060547,28.739999771118164,28.950000762939453,28.200000762939453,28.260000228881836,30561300
2023-08-24,27.688161849975586,28.68000030517578,28.969999313354492,28.280000686645508,28.649999618530273,17080700
2023-08-25,27.417842864990234,28.399999618530273,28.850000381469727,28.020000457763672,28.6200008392334,15352000
2023-08-28,27.997095108032227,29.0,29.1299991607666,28.420000076293945,28.540000915527344,18153900
2023-08-29,28.508766174316406,29.530000686645508,29.530000686645508,28.81999969482422,28.889999389648438,19623200
2023-08-30,28.49911117553711,29.520000457763672,30.0,29.40999984741211,29.780000686645508,14524000
2023-08-31,28.24810218811035,29.260000228881836,29.6299991607666,29.040000915527344,29.520000457763672,16439500
2023-09-01,28.083982467651367,29.09000015258789,29.850000381469727,29.059999465942383,29.65999984741211,20828500
2023-09-05,27.504730224609375,28.489999771118164,29.030000686645508,28.3700008392334,28.81999969482422,19547900
2023-09-06,27.485422134399414,28.469999313354492,28.739999771118164,28.239999771118164,28.329999923706055,14809700
2023-09-07,27.30199432373047,28.280000686645508,28.459999084472656,28.15999984741211,28.40999984741211,13897200
2023-09-08,27.359920501708984,28.34000015258789,28.809999465942383,28.280000686645508,28.389999389648438,17249500
2023-09-11,27.775049209594727,28.770000457763672,28.959999084472656,28.600000381469727,28.760000228881836,13542800
2023-09-12,27.79435920715332,28.790000915527344,29.040000915527344,28.3799991607666,28.399999618530273,9549600
2023-09-13,27.726776123046875,28.719999313354492,28.979999542236328,28.579999923706055,28.799999237060547,10508900
2023-09-14,28.103290557861328,29.110000610351562,29.350000381469727,28.739999771118164,28.75,15558600
2023-09-15,28.69219207763672,29.719999313354492,29.889999389648438,29.399999618530273,29.420000076293945,24778900
2023-09-18,28.72115707397461,29.75,29.860000610351562,29.360000610351562,29.639999389648438,11024000
2023-09-19,28.38326072692871,29.399999618530273,29.860000610351562,29.309999465942383,29.84000015258789,13151200
2023-09-20,28.682540893554688,29.709999084472656,30.1299991607666,29.440000534057617,29.459999084472656,21914100
2023-09-21,27.910207748413086,28.90999984741211,29.25,28.790000915527344,29.09000015258789,23901400
2023-09-22,27.87158966064453,28.8700008392334,29.420000076293945,28.850000381469727,29.149999618530273,15052500
2023-09-25,27.52404022216797,28.510000228881836,28.790000915527344,28.260000228881836,28.770000457763672,16134800
2023-09-26,26.780668258666992,27.739999771118164,28.329999923706055,27.739999771118164,28.260000228881836,18917000
2023-09-27,25.979372024536133,26.90999984741211,27.600000381469727,26.65999984741211,27.559999465942383,33534700
2023-09-28,26.114530563354492,27.049999237060547,27.079999923706055,26.6200008392334,26.8700008392334,28477300
2023-09-29,25.979372024536133,26.90999984741211,27.59000015258789,26.65999984741211,27.459999084472656,23094800
2023-10-02,25.091188430786133,25.989999771118164,26.559999465942383,25.889999389648438,26.559999465942383,28436800
2023-10-03,25.16842269897461,26.06999969482422,26.280000686645508,25.68000030517578,25.90999984741211,25713100
2023-10-04,25.01395606994629,25.90999984741211,26.170000076293945,25.6200008392334,26.1299991607666,17971600
2023-10-05,25.409774780273438,26.31999969482422,26.329999923706055,25.8799991607666,25.889999389648438,15613200
2023-10-06,25.96006202697754,26.889999389648438,27.100000381469727,26.260000228881836,26.360000610351562,25572500
2023-10-09,26.587587356567383,27.540000915527344,27.600000381469727,27.260000228881836,27.360000610351562,23042900
2023-10-10,26.848247528076172,27.809999465942383,27.8700008392334,27.479999542236328,27.670000076293945,18948800
2023-10-11,27.340612411499023,28.31999969482422,28.34000015258789,27.950000762939453,28.219999313354492,22283500
2023-10-12,26.780668258666992,27.739999771118164,28.420000076293945,27.59000015258789,28.31999969482422,22359700
2023-10-13,27.948823928833008,28.950000762939453,29.110000610351562,28.469999313354492,28.690000534057617,34493700
2023-10-16,27.997095108032227,29.0,29.190000534057617,28.639999389648438,28.860000610351562,16394500
2023-10-17,28.508766174316406,29.530000686645508,29.56999969482422,28.829999923706055,28.979999542236328,17620000
2023-10-18,28.431533813476562,29.450000762939453,30.06999969482422,29.270000457763672,29.979999542236328,23181100
2023-10-19,28.489456176757812,29.510000228881836,29.59000015258789,29.0,29.450000762939453,24517100
2023-10-20,28.460494995117188,29.479999542236328,30.15999984741211,29.469999313354492,29.600000381469727,29715300
2023-10-23,28.228796005249023,29.239999771118164,29.530000686645508,28.709999084472656,29.260000228881836,16690200
2023-10-24,28.24810218811035,29.260000228881836,29.3799991607666,28.8799991607666,28.90999984741211,13488300
2023-10-25,27.784704208374023,28.780000686645508,29.510000228881836,28.760000228881836,29.110000610351562,21062700
2023-10-26,27.533693313598633,28.520000457763672,28.8799991607666,28.09000015258789,28.709999084472656,37274000
2023-10-27,28.19017791748047,29.200000762939453,29.219999313354492,28.31999969482422,28.639999389648438,31547300
2023-10-30,27.775049209594727,28.770000457763672,29.360000610351562,28.700000762939453,29.25,21899300
2023-10-31,27.041332244873047,28.010000228881836,28.850000381469727,27.790000915527344,28.6200008392334,30992600
2023-11-01,27.137874603271484,28.110000610351562,28.329999923706055,27.610000610351562,28.100000381469727,29754900
2023-11-02,27.282684326171875,28.260000228881836,28.40999984741211,27.899999618530273,28.40999984741211,15682800
2023-11-03,28.45083999633789,29.469999313354492,29.809999465942383,28.5,28.540000915527344,44113800
2023-11-06,28.14190673828125,29.149999618530273,29.549999237060547,29.110000610351562,29.3700008392334,26550900
2023-11-07,27.601272583007812,28.59000015258789,28.84000015258789,28.110000610351562,28.770000457763672,42313000
2023-11-08,26.732397079467773,27.690000534057617,28.440000534057617,27.530000686645508,28.329999923706055,25654000
2023-11-09,26.63585662841797,27.59000015258789,28.25,27.40999984741211,27.780000686645508,19587000
2023-11-10,26.307613372802734,27.25,27.399999618530273,27.020000457763672,27.350000381469727,19074900
2023-11-13,26.104877471923828,27.040000915527344,27.389999389648438,27.020000457763672,27.139999389648438,13324200
2023-11-14,27.350265502929688,28.329999923706055,28.520000457763672,27.68000030517578,27.75,31498100
2023-11-15,27.215106964111328,28.190000534057617,28.510000228881836,28.0,28.360000610351562,16306700
2023-11-16,27.620580673217773,28.610000610351562,29.06999969482422,28.190000534057617,28.25,34034700
2023-11-17,27.446807861328125,28.43000030517578,28.860000610351562,28.3799991607666,28.690000534057617,14430300
2023-11-20,27.52404022216797,28.510000228881836,28.540000915527344,27.969999313354492,28.139999389648438,15284300
2023-11-21,28.199831008911133,29.209999084472656,29.600000381469727,28.950000762939453,28.950000762939453,28990800
2023-11-22,28.238449096679688,29.25,29.399999618530273,29.010000228881836,29.239999771118164,12381600
2023-11-24,28.306026458740234,29.31999969482422,29.520000457763672,29.18000030517578,29.260000228881836,8156800
2023-11-27,28.759775161743164,29.790000915527344,29.950000762939453,29.459999084472656,29.709999084472656,19761600
2023-11-28,30.14031982421875,31.219999313354492,31.229999542236328,30.059999465942383,30.149999618530273,41105000
2023-11-29,30.12101173400879,31.200000762939453,31.389999389648438,30.950000762939453,31.219999313354492,21026400
2023-11-30,30.236862182617188,31.31999969482422,31.329999923706055,30.860000610351562,31.06999969482422,18194300
2023-12-01,30.709915161132812,31.809999465942383,31.90999984741211,31.1200008392334,31.239999771118164,33533000
2023-12-04,29.94723892211914,31.020000457763672,31.299999237060547,30.739999771118164,31.1200008392334,45796100
2023-12-05,29.42591094970703,30.479999542236328,30.950000762939453,30.170000076293945,30.690000534057617,28217700
2023-12-06,29.36798667907715,30.420000076293945,30.969999313354492,30.40999984741211,30.84000015258789,16837000
2023-12-07,29.27144432067871,30.31999969482422,30.6299991607666,29.989999771118164,30.6200008392334,18815000
2023-12-08,28.65357780456543,29.68000030517578,30.110000610351562,29.360000610351562,29.68000030517578,27561000
2023-12-11,28.528074264526367,29.549999237060547,29.6299991607666,29.079999923706055,29.34000015258789,18238400
2023-12-12,27.861936569213867,28.860000610351562,29.649999618530273,28.719999313354492,29.649999618530273,25652700
2023-12-13,29.638303756713867,30.700000762939453,30.700000762939453,28.670000076293945,28.8700008392334,44140100
2023-12-14,30.227205276489258,31.309999465942383,31.93000030517578,31.040000915527344,31.18000030517578,36945300
2023-12-15,29.879657745361328,30.950000762939453,31.350000381469727,30.889999389648438,31.110000610351562,21266000
2023-12-18,30.15441131591797,30.729999542236328,30.829999923706055,30.40999984741211,30.719999313354492,20872500
2023-12-19,30.95905303955078,31.549999237060547,31.850000381469727,30.81999969482422,30.899999618530273,33525900
2023-12-20,30.203475952148438,30.780000686645508,31.68000030517578,30.770000457763672,31.6299991607666,20212500
2023-12-21,30.762800216674805,31.350000381469727,31.559999465942383,31.18000030517578,31.299999237060547,19965900
2023-12-22,30.96886444091797,31.559999465942383,32.349998474121094,31.559999465942383,32.0,22684400
2023-12-26,31.076807022094727,31.670000076293945,31.899999618530273,31.469999313354492,31.690000534057617,10339500
2023-12-27,31.381000518798828,31.979999542236328,32.290000915527344,31.790000915527344,31.850000381469727,18337500
2023-12-28,30.586172103881836,31.170000076293945,31.969999313354492,31.149999618530273,31.829999923706055,27291700
2023-12-29,30.429168701171875,31.010000228881836,31.15999984741211,30.68000030517578,31.0,19129700
2024-01-02,29.98759651184082,30.559999465942383,31.239999771118164,30.5,31.040000915527344,21612300
2024-01-03,29.20258140563965,29.760000228881836,30.059999465942383,29.530000686645508,29.90999984741211,33470600
2024-01-04,29.21239471435547,29.770000457763672,29.959999084472656,29.440000534057617,29.850000381469727,17862300
2024-01-05,29.21239471435547,29.770000457763672,30.360000610351562,29.510000228881836,29.809999465942383,19585800
2024-01-08,29.143705368041992,29.700000762939453,29.8700008392334,29.219999313354492,29.290000915527344,14185500
2024-01-09,28.62363052368164,29.170000076293945,29.770000457763672,29.06999969482422,29.770000457763672,20971200
2024-01-10,28.564756393432617,29.110000610351562,29.34000015258789,28.90999984741211,29.139999389648438,19691900
2024-01-11,28.348876953125,28.889999389648438,29.299999237060547,28.520000457763672,29.139999389648438,22435100
2024-01-12,29.143705368041992,29.700000762939453,30.219999313354492,29.559999465942383,29.719999313354492,29232800
2024-01-16,27.85824203491211,28.389999389648438,29.219999313354492,28.329999923706055,29.209999084472656,31802300
2024-01-17,26.994726181030273,27.510000228881836,27.969999313354492,27.440000534057617,27.950000762939453,37527500
2024-01-18,27.073225021362305,27.59000015258789,27.790000915527344,27.40999984741211,27.790000915527344,18315100
2024-01-19,27.17135238647461,27.690000534057617,27.809999465942383,27.329999923706055,27.809999465942383,20568600
2024-01-22,27.083038330078125,27.600000381469727,27.729999542236328,27.229999542236328,27.329999923706055,11064300
2024-01-23,27.70123863220215,28.229999542236328,28.25,27.709999084472656,27.81999969482422,17398100
2024-01-24,27.18116569519043,27.700000762939453,29.040000915527344,27.690000534057617,28.850000381469727,27261800
2024-01-25,27.720863342285156,28.25,28.360000610351562,27.989999771118164,28.139999389648438,17608000
2024-01-26,27.544235229492188,28.06999969482422,28.459999084472656,28.030000686645508,28.239999771118164,14246500
2024-01-29,27.82880401611328,28.360000610351562,28.399999618530273,27.8700008392334,28.399999618530273,16190800
2024-01-30,27.62273597717285,28.149999618530273,28.59000015258789,27.979999542236328,28.540000915527344,15319900
2024-01-31,27.416671752929688,27.940000534057617,28.770000457763672,27.8700008392334,28.260000228881836,28238900
2024-02-01,28.486255645751953,29.030000686645508,29.139999389648438,28.25,28.290000915527344,34102000
2024-02-02,27.49517250061035,28.020000457763672,28.239999771118164,27.690000534057617,28.209999084472656,37211300
2024-02-05,26.847536087036133,27.360000610351562,27.670000076293945,27.229999542236328,27.459999084472656,22148900
2024-02-06,27.200790405273438,27.719999313354492,27.770000457763672,27.3700008392334,27.489999771118164,11292700
2024-02-07,26.945661544799805,27.459999084472656,27.75,27.3799991607666,27.649999618530273,13055900
2024-02-08,26.78865623474121,27.299999237060547,27.450000762939453,27.170000076293945,27.299999237060547,12609500
2024-02-09,26.4648380279541,26.969999313354492,27.190000534057617,26.770000457763672,27.170000076293945,20973700
2024-02-12,26.778844833374023,27.290000915527344,27.40999984741211,26.850000381469727,26.920000076293945,17511300
2024-02-13,25.405067443847656,25.889999389648438,26.6299991607666,25.68000030517578,26.6200008392334,48889000
2024-02-14,25.52281951904297,26.010000228881836,26.100000381469727,25.690000534057617,25.969999313354492,26125900
2024-02-15,26.268585205078125,26.770000457763672,27.059999465942383,26.34000015258789,26.350000381469727,26932000
2024-02-16,26.356901168823242,26.860000610351562,27.15999984741211,26.520000457763672,26.600000381469727,19619200
2024-02-20,26.48446273803711,26.989999771118164,27.239999771118164,26.8700008392334,27.18000030517578,16047500
2024-02-21,26.31764793395996,26.81999969482422,27.0,26.440000534057617,27.0,21673600
2024-02-22,25.67000961303711,26.15999984741211,26.739999771118164,26.059999465942383,26.700000762939453,27627500
2024-02-23,26.160646438598633,26.65999984741211,26.760000228881836,26.010000228881836,26.25,27368400
2024-02-26,25.758325576782227,26.25,26.360000610351562,26.020000457763672,26.360000610351562,20293200
2024-02-27,25.54244613647461,26.030000686645508,26.360000610351562,26.010000228881836,26.270000457763672,20494100
2024-02-28,25.297130584716797,25.780000686645508,25.940000534057617,25.670000076293945,25.920000076293945,20071400
2024-02-29,25.86626434326172,26.360000610351562,26.690000534057617,26.280000686645508,26.329999923706055,28381700
2024-03-01,26.818096160888672,27.329999923706055,27.450000762939453,26.299999237060547,26.709999084472656,41346800
2024-03-04,27.975994110107422,28.510000228881836,28.579999923706055,27.68000030517578,27.799999237060547,49404900
2024-03-05,28.123184204101562,28.65999984741211,29.149999618530273,28.6299991607666,28.979999542236328,33710200
2024-03-06,28.613819122314453,29.15999984741211,29.540000915527344,29.010000228881836,29.049999237060547,28673000
2024-03-07,29.055391311645508,29.610000610351562,29.719999313354492,29.34000015258789,29.5,25808800
2024-03-08,29.084829330444336,29.639999389648438,30.0,29.440000534057617,29.81999969482422,32729200
2024-03-11,29.565649032592773,30.1299991607666,30.34000015258789,29.450000762939453,29.600000381469727,28314000
2024-03-12,29.025951385498047,29.579999923706055,29.6200008392334,29.200000762939453,29.549999237060547,25334200
2024-03-13,29.722654342651367,30.290000915527344,30.489999771118164,29.729999542236328,29.780000686645508,24676600
2024-03-14,29.33014488220215,29.889999389648438,30.09000015258789,29.709999084472656,29.959999084472656,22337700
2024-03-15,29.33014488220215,29.889999389648438,30.079999923706055,29.610000610351562,29.790000915527344,22359900
2024-03-18,29.18295669555664,29.739999771118164,29.93000030517578,29.65999984741211,29.850000381469727,25774500
2024-03-19,28.51569175720215,29.059999465942383,29.530000686645508,29.020000457763672,29.510000228881836,28698900
2024-03-20,29.69321632385254,30.260000228881836,30.520000457763672,28.90999984741211,28.959999084472656,35671400
2024-03-21,29.398834228515625,29.959999084472656,30.84000015258789,29.959999084472656,30.540000915527344,34092100
2024-03-22,29.045578002929688,29.600000381469727,30.049999237060547,29.59000015258789,29.770000457763672,21654900
2024-03-25,29.271268844604492,29.829999923706055,30.389999389648438,29.81999969482422,29.829999923706055,17643300
2024-03-26,29.290895462036133,29.850000381469727,30.469999313354492,29.81999969482422,30.459999084472656,13428600
2024-03-27,30.380104064941406,30.959999084472656,30.969999313354492,30.020000457763672,30.040000915527344,26953100
2024-03-28,31.02774429321289,31.6200008392334,31.780000686645508,31.110000610351562,31.40999984741211,28716300
2024-04-01,31.430063247680664,32.029998779296875,32.43000030517578,31.709999084472656,32.310001373291016,27020600
2024-04-02,31.832380294799805,32.439998626708984,32.4900016784668,31.950000762939453,32.2400016784668,34459200
2024-04-03,32.51927185058594,33.13999938964844,33.2400016784668,32.33000183105469,32.38999938964844,30509300
2024-04-04,32.166015625,32.779998779296875,33.310001373291016,32.72999954223633,33.13999938964844,29952400
2024-04-05,33.20616149902344,33.84000015258789,33.9900016784668,32.790000915527344,33.0,41886600
2024-04-08,32.97065353393555,33.599998474121094,34.27000045776367,33.29999923706055,34.150001525878906,24472100
2024-04-09,33.539791107177734,34.18000030517578,34.59000015258789,33.91999816894531,34.22999954223633,29039000
2024-04-10,33.04916000366211,33.68000030517578,34.060001373291016,32.97999954223633,33.29999923706055,33130300
2024-04-11,33.80473709106445,34.45000076293945,34.4900016784668,33.540000915527344,34.119998931884766,22445100
2024-04-12,33.127655029296875,33.7599983215332,35.7400016784668,33.439998626708984,35.060001373291016,71512900
2024-04-15,32.9019660949707,33.529998779296875,34.13999938964844,33.0,34.060001373291016,34573800
2024-04-16,32.41133117675781,33.029998779296875,33.2599983215332,32.43000030517578,33.04999923706055,32547300
2024-04-17,32.92158889770508,33.54999923706055,33.95000076293945,33.11000061035156,33.31999969482422,27931600
2024-04-18,33.11784362792969,33.75,34.09000015258789,33.459999084472656,34.029998779296875,18486400
2024-04-19,33.43185043334961,34.06999969482422,34.310001373291016,33.70000076293945,33.70000076293945,19785100
2024-04-22,31.920696258544922,32.529998779296875,33.189998626708984,32.43000030517578,32.599998474121094,41107700
2024-04-23,32.43095397949219,33.04999923706055,33.150001525878906,32.20000076293945,32.310001373291016,24960500
2024-04-24,32.4996452331543,33.119998931884766,33.209999084472656,32.790000915527344,32.869998931884766,17527600
2024-04-25,33.68698501586914,34.33000183105469,34.5,32.95000076293945,33.150001525878906,46561600
2024-04-26,33.93230056762695,34.58000183105469,34.95000076293945,34.290000915527344,34.70000076293945,21754300
2024-04-29,34.11874008178711,34.77000045776367,34.959999084472656,34.06999969482422,34.63999938964844,17947800
2024-04-30,32.50946044921875,33.130001068115234,33.9900016784668,33.099998474121094,33.83000183105469,41599900
2024-05-01,32.695899963378906,33.31999969482422,34.20000076293945,33.099998474121094,33.400001525878906,30054800
2024-05-02,32.95103454589844,33.58000183105469,33.81999969482422,32.93000030517578,33.150001525878906,22145400
2024-05-03,32.81365203857422,33.439998626708984,33.88999938964844,33.150001525878906,33.720001220703125,23408100
2024-05-06,33.56922912597656,34.209999084472656,34.470001220703125,34.099998474121094,34.15999984741211,21579800
2024-05-07,33.52997589111328,34.16999816894531,34.27000045776367,33.91999816894531,34.099998474121094,10059700
2024-05-08,33.520164489746094,34.15999984741211,34.470001220703125,33.7400016784668,33.84000015258789,17701600
2024-05-09,34.697689056396484,35.36000061035156,35.43000030517578,34.439998626708984,34.439998626708984,30259000
2024-05-10,34.589752197265625,35.25,35.880001068115234,35.22999954223633,35.75,20642300
2024-05-13,34.295372009277344,34.95000076293945,35.45000076293945,34.66999816894531,35.11000061035156,17445500
2024-05-14,34.736942291259766,35.400001525878906,35.459999084472656,35.040000915527344,35.18000030517578,14664200
2024-05-15,35.23738479614258,35.90999984741211,36.11000061035156,35.060001373291016,35.79999923706055,24490500
2024-05-16,34.992069244384766,35.65999984741211,35.88999938964844,35.33000183105469,35.66999816894531,19420400
2024-05-17,36.179405212402344,36.869998931884766,36.88999938964844,36.0,36.209999084472656,38752300
2024-05-20,36.54248046875,37.2400016784668,37.470001220703125,36.52000045776367,36.95000076293945,24774500
2024-05-21,36.238285064697266,36.93000030517578,37.220001220703125,36.72999954223633,37.02000045776367,17236100
2024-05-22,34.786006927490234,35.45000076293945,36.560001373291016,35.290000915527344,36.45000076293945,37395600
2024-05-23,34.099117279052734,34.75,35.650001525878906,34.65999984741211,35.400001525878906,32337700
2024-05-24,34.59955978393555,35.2599983215332,35.5,35.13999938964844,35.2599983215332,12299700
2024-05-28,35.423828125,36.099998474121094,36.22999954223633,35.709999084472656,36.029998779296875,19222000
2024-05-29,34.5308723449707,35.189998626708984,35.90999984741211,35.16999816894531,35.66999816894531,19201600
2024-05-30,34.893943786621094,35.560001373291016,35.849998474121094,35.189998626708984,35.310001373291016,16118400
2024-05-31,34.63881301879883,35.29999923706055,35.95000076293945,35.0,35.79999923706055,15716500
2024-06-03,34.844879150390625,35.5099983215332,35.560001373291016,35.130001068115234,35.41999816894531,18190800
2024-06-04,33.539791107177734,34.18000030517578,34.959999084472656,33.95000076293945,34.959999084472656,32854000
2024-06-05,34.13836669921875,34.790000915527344,34.869998931884766,34.08000183105469,34.43000030517578,17602600
2024-06-06,35.33551025390625,36.0099983215332,36.029998779296875,34.779998779296875,34.959999084472656,28039600
2024-06-07,32.911781311035156,33.540000915527344,34.810001373291016,33.4900016784668,34.7400016784668,50927700
2024-06-10,33.392601013183594,34.029998779296875,34.09000015258789,33.45000076293945,33.709999084472656,17128500
2024-06-11,33.11784362792969,33.75,33.79999923706055,33.34000015258789,33.79999923706055,15358000
2024-06-12,33.363162994384766,34.0,34.79999923706055,33.86000061035156,34.5,24769000
2024-06-13,32.529083251953125,33.150001525878906,34.060001373291016,32.959999084472656,33.83000183105469,23431300
2024-06-14,32.78421401977539,33.40999984741211,33.540000915527344,32.959999084472656,33.529998779296875,17444700
2024-06-17,32.578147888183594,33.20000076293945,33.349998474121094,32.84000015258789,33.209999084472656,13690900
2024-06-18,33.068782806396484,33.70000076293945,33.84000015258789,33.06999969482422,33.18000030517578,15535100
2024-06-20,33.902862548828125,34.54999923706055,34.790000915527344,33.869998931884766,34.06999969482422,20773000
2024-06-21,33.353355407714844,33.9900016784668,34.470001220703125,33.79999923706055,34.40999984741211,24022300
2024-06-24,33.608482360839844,34.25,34.58000183105469,34.119998931884766,34.279998779296875,18740000
2024-06-25,33.20616149902344,33.84000015258789,34.099998474121094,33.810001373291016,34.06999969482422,11218300
2024-06-26,33.1865348815918,33.81999969482422,33.900001525878906,33.279998779296875,33.349998474121094,13325500
2024-06-27,33.5888557434082,34.22999954223633,34.43000030517578,34.15999984741211,34.20000076293945,11931000
2024-06-28,33.29447555541992,33.93000030517578,34.599998474121094,33.72999954223633,34.5,15818700
2024-07-01,33.255226135253906,33.88999938964844,34.41999816894531,33.810001373291016,34.09000015258789,9041000
2024-07-02,33.382789611816406,34.02000045776367,34.349998474121094,33.650001525878906,33.86000061035156,12883000
2024-07-03,34.61918640136719,35.279998779296875,35.560001373291016,34.52000045776367,34.54999923706055,21553200
2024-07-05,35.59064483642578,36.27000045776367,36.529998779296875,35.86000061035156,35.880001068115234,22021900
2024-07-08,35.423828125,36.099998474121094,36.15999984741211,35.5099983215332,35.86000061035156,16419200
2024-07-09,35.43363952636719,36.11000061035156,36.369998931884766,35.83000183105469,36.130001068115234,8215200
2024-07-10,36.35603713989258,37.04999923706055,37.16999816894531,36.529998779296875,36.540000915527344,20498400
2024-07-11,37.376556396484375,38.09000015258789,38.150001525878906,37.029998779296875,37.93000030517578,27454300
2024-07-12,37.455055236816406,38.16999816894531,38.310001373291016,37.650001525878906,37.650001525878906,16263300
2024-07-15,37.23918151855469,37.95000076293945,38.58000183105469,37.689998626708984,38.20000076293945,20303000
2024-07-16,38.54426574707031,39.279998779296875,39.31999969482422,38.099998474121094,38.27000045776367,24694000
2024-07-17,37.71999740600586,38.439998626708984,39.40999984741211,38.380001068115234,39.15999984741211,23583000
2024-07-18,37.160675048828125,37.869998931884766,38.689998626708984,37.63999938964844,38.689998626708984,17062500
2024-07-19,36.689666748046875,37.38999938964844,37.709999084472656,36.790000915527344,36.86000061035156,22858600
2024-07-22,36.7485466003418,37.45000076293945,37.58000183105469,36.970001220703125,37.310001373291016,15249200
2024-07-23,36.7485466003418,37.45000076293945,37.560001373291016,37.15999984741211,37.41999816894531,8238400
2024-07-24,36.53266143798828,37.22999954223633,38.380001068115234,37.20000076293945,37.81999969482422,20726900
2024-07-25,35.512142181396484,36.189998626708984,36.560001373291016,35.900001525878906,36.2599983215332,31714300
2024-07-26,35.79671096801758,36.47999954223633,36.7599983215332,36.310001373291016,36.52000045776367,15901400
2024-07-29,35.95371627807617,36.63999938964844,36.70000076293945,36.060001373291016,36.599998474121094,10107100
2024-07-30,36.257911682128906,36.95000076293945,37.029998779296875,36.380001068115234,36.869998931884766,12735900
2024-07-31,37.21955108642578,37.93000030517578,38.0,37.400001525878906,37.63999938964844,26227500
2024-08-01,36.57191467285156,37.27000045776367,38.209999084472656,36.790000915527344,37.95000076293945,18198600
2024-08-02,35.79671096801758,36.47999954223633,38.060001373291016,36.099998474121094,37.7599983215332,27344500
2024-08-05,34.67806625366211,35.34000015258789,35.59000015258789,33.869998931884766,34.29999923706055,28615600
2024-08-06,34.9626350402832,35.630001068115234,36.040000915527344,34.91999816894531,35.150001525878906,14294700
2024-08-07,34.05986404418945,34.709999084472656,36.25,34.58000183105469,36.099998474121094,17663300
2024-08-08,34.884132385253906,35.54999923706055,35.7599983215332,34.7400016784668,35.189998626708984,16675700
2024-08-09,35.168701171875,35.84000015258789,35.88999938964844,35.209999084472656,35.84000015258789,9773600
2024-08-12,36.20884704589844,36.900001525878906,37.11000061035156,36.060001373291016,36.150001525878906,23084600
2024-08-13,36.67985534667969,37.380001068115234,37.5,36.75,36.79999923706055,13088400
2024-08-14,36.414913177490234,37.11000061035156,37.20000076293945,36.56999969482422,37.099998474121094,11565000
2024-08-15,36.5915412902832,37.290000915527344,37.5,36.650001525878906,37.150001525878906,14414800
2024-08-16,37.769065856933594,38.4900016784668,38.4900016784668,37.65999984741211,37.880001068115234,25966100
2024-08-19,38.485389709472656,39.220001220703125,39.25,38.15999984741211,38.220001220703125,21162600
2024-08-20,38.76014709472656,39.5,39.970001220703125,39.16999816894531,39.65999984741211,21548600
2024-08-21,39.025089263916016,39.77000045776367,39.91999816894531,39.099998474121094,39.400001525878906,13915600
2024-08-22,38.05363082885742,38.779998779296875,39.220001220703125,38.540000915527344,39.220001220703125,19744100
2024-08-23,38.60314178466797,39.34000015258789,39.560001373291016,38.810001373291016,39.25,15858600
2024-08-26,38.495201110839844,39.22999954223633,39.66999816894531,39.06999969482422,39.58000183105469,9216600
2024-08-27,38.485389709472656,39.220001220703125,39.2599983215332,38.65999984741211,38.91999816894531,8482900
2024-08-28,37.641502380371094,38.36000061035156,38.72999954223633,38.040000915527344,38.72999954223633,16988600
2024-08-29,38.15176010131836,38.880001068115234,39.13999938964844,38.5099983215332,38.540000915527344,13328500
2024-08-30,37.89662551879883,38.619998931884766,38.97999954223633,38.34000015258789,38.790000915527344,13171500
2024-09-03,36.57191467285156,37.27000045776367,38.11000061035156,36.900001525878906,38.0099983215332,25260000
2024-09-04,36.218658447265625,36.90999984741211,37.36000061035156,36.720001220703125,36.88999938964844,15685100
2024-09-05,36.63079071044922,37.33000183105469,37.83000183105469,37.279998779296875,37.65999984741211,16260000
2024-09-06,35.63970947265625,36.31999969482422,37.43000030517578,36.220001220703125,37.16999816894531,19939200
2024-09-09,36.071468353271484,36.7599983215332,36.880001068115234,36.5099983215332,36.61000061035156,15264700
2024-09-10,36.522850036621094,37.220001220703125,37.22999954223633,36.45000076293945,36.7599983215332,13942800
2024-09-11,36.689666748046875,37.38999938964844,37.40999984741211,36.4900016784668,36.900001525878906,10854700
2024-09-12,38.47557830810547,39.209999084472656,39.43000030517578,38.02000045776367,38.060001373291016,35275900
2024-09-13,39.33909606933594,40.09000015258789,40.220001220703125,39.77000045776367,39.79999923706055,27456000
2024-09-16,39.14284133911133,39.88999938964844,40.22999954223633,39.58000183105469,40.0,12162500
2024-09-17,38.750335693359375,39.4900016784668,40.08000183105469,39.310001373291016,39.70000076293945,17906900
2024-09-18,38.32838821411133,39.060001373291016,40.9900016784668,39.02000045776367,39.7599983215332,41241400
2024-09-19,38.97602844238281,39.720001220703125,40.25,39.2599983215332,40.099998474121094,22284500
2024-09-20,39.75122833251953,40.5099983215332,40.68000030517578,40.060001373291016,40.400001525878906,28604400
2024-09-23,39.57460021972656,40.33000183105469,41.189998626708984,40.29999923706055,40.540000915527344,19153300
2024-09-24,40.63437271118164,41.40999984741211,41.59000015258789,40.34000015258789,40.7400016784668,27422400
2024-09-25,40.53624725341797,41.310001373291016,41.689998626708984,41.18000030517578,41.29999923706055,18581100
2024-09-26,40.86006164550781,41.63999938964844,41.95000076293945,41.220001220703125,41.619998931884766,21027600
2024-09-27,39.60403823852539,40.36000061035156,41.58000183105469,40.310001373291016,41.38999938964844,25323400
2024-09-30,39.074153900146484,39.81999969482422,40.18000030517578,39.349998474121094,40.099998474121094,24523200
2024-10-01,39.692352294921875,40.45000076293945,40.7599983215332,39.959999084472656,40.310001373291016,22975900
2024-10-02,39.61384963989258,40.369998931884766,40.790000915527344,40.04999923706055,40.5,13265800
2024-10-03,38.81902313232422,39.560001373291016,39.869998931884766,39.349998474121094,39.849998474121094,17147200
2024-10-04,38.809207916259766,39.54999923706055,40.189998626708984,39.349998474121094,39.650001525878906,15816800
2024-10-07,38.298946380615234,39.029998779296875,39.29999923706055,38.83000183105469,39.290000915527344,15133300
2024-10-08,38.259700775146484,38.9900016784668,39.0,38.380001068115234,38.68000030517578,16180400
2024-10-09,38.063446044921875,38.790000915527344,38.790000915527344,38.16999816894531,38.439998626708984,16477900
2024-10-10,39.12321472167969,39.869998931884766,39.88999938964844,38.77000045776367,38.9900016784668,22975000
2024-10-11,39.299842834472656,40.04999923706055,40.459999084472656,39.9900016784668,40.029998779296875,12060100
2024-10-14,39.40778350830078,40.15999984741211,40.310001373291016,39.68000030517578,39.93000030517578,7455300
2024-10-15,39.91804122924805,40.68000030517578,40.68000030517578,39.970001220703125,40.130001068115234,19942200
2024-10-16,40.232051849365234,41.0,41.720001220703125,40.88999938964844,41.150001525878906,20379100
2024-10-17,40.71287155151367,41.4900016784668,41.88999938964844,41.18000030517578,41.36000061035156,22965700
2024-10-18,42.34178161621094,43.150001525878906,43.310001373291016,41.81999969482422,42.0,31223500
2024-10-21,42.41046905517578,43.220001220703125,44.0099983215332,43.08000183105469,43.75,21060600
2024-10-22,43.2641716003418,44.09000015258789,44.220001220703125,43.52000045776367,43.52000045776367,21161600
2024-10-23,42.4497184753418,43.2599983215332,43.79999923706055,42.90999984741211,43.5,22959800
2024-10-24,41.340885162353516,42.130001068115234,43.5099983215332,41.400001525878906,43.470001220703125,31946100
2024-10-25,40.78156280517578,41.560001373291016,42.15999984741211,41.40999984741211,41.90999984741211,21541200
2024-10-28,40.58530807495117,41.36000061035156,41.630001068115234,41.22999954223633,41.33000183105469,14784900
2024-10-29,41.232948303222656,42.02000045776367,42.130001068115234,41.47999954223633,41.79999923706055,20281300
2024-10-30,40.73249816894531,41.5099983215332,41.959999084472656,41.029998779296875,41.95000076293945,18161400
2024-10-31,39.58441162109375,40.34000015258789,40.88999938964844,39.869998931884766,40.83000183105469,27998400
2024-11-01,39.10358810424805,39.849998474121094,40.81999969482422,39.849998474121094,40.4900016784668,14358100
2024-11-04,39.15265655517578,39.900001525878906,40.369998931884766,39.70000076293945,40.27000045776367,13299700
2024-11-05,39.35872268676758,40.11000061035156,40.529998779296875,39.869998931884766,40.369998931884766,16833300
2024-11-06,37.91625213623047,38.63999938964844,38.9900016784668,37.560001373291016,38.209999084472656,44258400
2024-11-07,38.82883834838867,39.56999969482422,39.79999923706055,38.72999954223633,39.0,26922000
2024-11-08,38.28913497924805,39.02000045776367,39.34000015258789,38.630001068115234,39.22999954223633,22864200
2024-11-11,36.042030334472656,36.72999954223633,37.72999954223633,36.189998626708984,37.41999816894531,45733600
2024-11-12,35.43363952636719,36.11000061035156,36.459999084472656,35.66999816894531,36.27000045776367,37430800
2024-11-13,34.893943786621094,35.560001373291016,36.63999938964844,35.560001373291016,36.40999984741211,24799000
2024-11-14,35.05094909667969,35.720001220703125,35.970001220703125,35.189998626708984,35.310001373291016,34765200
2024-11-15,34.844879150390625,35.5099983215332,36.18000030517578,35.400001525878906,35.93000030517578,20360400
2024-11-18,36.326595306396484,37.02000045776367,37.279998779296875,36.47999954223633,36.54999923706055,33546000
2024-11-19,37.17049026489258,37.880001068115234,37.93000030517578,37.220001220703125,37.4900016784668,22829200
2024-11-20,37.013484954833984,37.720001220703125,37.849998474121094,37.5099983215332,37.72999954223633,16236500
2024-11-21,37.42561721801758,38.13999938964844,38.20000076293945,37.59000015258789,38.119998931884766,21175800
2024-11-22,37.56299591064453,38.279998779296875,38.56999969482422,38.02000045776367,38.470001220703125,19691300
2024-11-25,36.44435119628906,37.13999938964844,37.2400016784668,36.779998779296875,36.9900016784668,31492500
2024-11-26,36.5915412902832,37.290000915527344,37.40999984741211,36.83000183105469,37.11000061035156,9924400
2024-11-27,36.7485466003418,37.45000076293945,37.970001220703125,37.31999969482422,37.75,15286800
2024-11-29,36.954612731933594,37.65999984741211,37.849998474121094,37.5,37.720001220703125,7275300
2024-12-02,36.140159606933594,36.83000183105469,37.369998931884766,36.709999084472656,37.16999816894531,16539100
2024-12-03,36.99386215209961,37.70000076293945,38.119998931884766,37.099998474121094,37.099998474121094,18593800
2024-12-04,36.89573287963867,37.599998474121094,38.0099983215332,37.54999923706055,37.779998779296875,8149100
2024-12-05,36.82704162597656,37.529998779296875,37.9900016784668,37.13999938964844,37.63999938964844,9910000
2024-12-06,36.130340576171875,36.81999969482422,37.40999984741211,36.7400016784668,37.40999984741211,13455700
2024-12-09,37.199928283691406,37.90999984741211,38.869998931884766,37.90999984741211,38.02000045776367,30314300
2024-12-10,37.26861572265625,37.97999954223633,38.52000045776367,37.90999984741211,38.400001525878906,13338500
2024-12-11,38.357826232910156,39.09000015258789,39.16999816894531,38.08000183105469,38.2400016784668,21116900
2024-12-12,36.954612731933594,37.65999984741211,38.41999816894531,37.619998931884766,38.310001373291016,22705200
2024-12-13,35.963531494140625,36.650001525878906,37.380001068115234,36.4900016784668,37.2400016784668,19521400
2024-12-16,35.73783493041992,36.41999816894531,36.900001525878906,36.290000915527344,36.86000061035156,11421200
2024-12-17,35.512142181396484,36.189998626708984,36.310001373291016,35.790000915527344,35.9900016784668,14782900
2024-12-18,33.883235931396484,34.529998779296875,36.09000015258789,34.36000061035156,35.97999954223633,32773200
2024-12-19,33.7458610534668,34.38999938964844,34.95000076293945,34.189998626708984,34.720001220703125,22161700
2024-12-20,34.079490661621094,34.72999954223633,35.119998931884766,34.439998626708984,34.5,27872000
2024-12-23,34.16189193725586,34.40999984741211,34.47999954223633,33.880001068115234,34.22999954223633,14593200
2024-12-24,34.16189193725586,34.40999984741211,34.58000183105469,34.13999938964844,34.52000045776367,5322000
2024-12-26,34.221458435058594,34.470001220703125,34.7599983215332,34.36000061035156,34.529998779296875,8720800
2024-12-27,34.012969970703125,34.2599983215332,34.380001068115234,33.83000183105469,34.08000183105469,10587100
2024-12-30,33.52650451660156,33.77000045776367,34.0099983215332,33.41999816894531,33.900001525878906,18268000
2024-12-31,33.665496826171875,33.90999984741211,34.04999923706055,33.599998474121094,33.650001525878906,8034600
2025-01-02,35.08518600463867,35.34000015258789,35.400001525878906,34.439998626708984,34.459999084472656,24527000
2025-01-03,34.74763870239258,35.0,35.29999923706055,34.970001220703125,35.22999954223633,13694400
2025-01-06,34.330665588378906,34.58000183105469,35.220001220703125,34.52000045776367,35.0,13039000
2025-01-07,34.79727554321289,35.04999923706055,35.86000061035156,34.869998931884766,35.25,16976300
2025-01-08,35.64114761352539,35.900001525878906,35.970001220703125,35.2599983215332,35.41999816894531,25009000
2025-01-10,35.71064376831055,35.970001220703125,36.900001525878906,35.7400016784668,36.65999984741211,19827300
2025-01-13,35.12489700317383,35.380001068115234,35.65999984741211,35.099998474121094,35.630001068115234,15738500
2025-01-14,36.05812072753906,36.31999969482422,36.40999984741211,35.5099983215332,35.5099983215332,16157700
2025-01-15,36.45523452758789,36.720001220703125,36.91999816894531,36.189998626708984,36.790000915527344,17436900
2025-01-16,36.355953216552734,36.619998931884766,37.16999816894531,36.58000183105469,36.970001220703125,13483600
2025-01-17,36.48501968383789,36.75,37.02000045776367,36.119998931884766,36.33000183105469,16420400
2025-01-21,37.33881759643555,37.61000061035156,37.95000076293945,37.11000061035156,37.11000061035156,26496400
2025-01-22,37.25939178466797,37.529998779296875,38.04999923706055,37.310001373291016,38.0,12555800
2025-01-23,37.229610443115234,37.5,37.52000045776367,36.84000015258789,37.119998931884766,12871700
2025-01-24,37.676368713378906,37.95000076293945,38.15999984741211,37.84000015258789,37.9900016784668,13728000
2025-01-27,37.080692291259766,37.349998474121094,37.59000015258789,36.849998474121094,37.59000015258789,15489400
2025-01-28,37.42816925048828,37.70000076293945,37.790000915527344,37.209999084472656,37.47999954223633,10986700
2025-01-29,37.62672805786133,37.900001525878906,38.25,37.45000076293945,37.65999984741211,11319800
2025-01-30,39.135765075683594,39.41999816894531,39.72999954223633,38.56999969482422,38.65999984741211,28590100
2025-01-31,38.67908477783203,38.959999084472656,39.68000030517578,38.79999923706055,39.52000045776367,19903100
2025-02-03,39.274757385253906,39.560001373291016,39.91999816894531,38.97999954223633,39.220001220703125,20541800
2025-02-04,39.74136734008789,40.029998779296875,40.18000030517578,39.66999816894531,39.869998931884766,12813100
2025-02-05,40.74408721923828,41.040000915527344,41.529998779296875,40.349998474121094,40.369998931884766,25371500
2025-02-06,40.833438873291016,41.130001068115234,41.15999984741211,40.66999816894531,41.06999969482422,12224900
2025-02-07,40.56538391113281,40.86000061035156,41.75,40.849998474121094,41.5099983215332,19136200
2025-02-10,41.65745162963867,41.959999084472656,42.209999084472656,41.79999923706055,41.95000076293945,25509400
2025-02-11,41.14120101928711,41.439998626708984,41.900001525878906,41.38999938964844,41.720001220703125,15264200
2025-02-12,41.826229095458984,42.130001068115234,42.47999954223633,41.099998474121094,41.36000061035156,21179300
2025-02-13,42.20348358154297,42.5099983215332,42.59000015258789,41.720001220703125,42.2599983215332,17219600
2025-02-14,40.78379821777344,41.08000183105469,42.65999984741211,41.0,42.599998474121094,26322400
2025-02-18,41.240482330322266,41.540000915527344,41.720001220703125,41.13999938964844,41.63999938964844,21365800
2025-02-19,41.240482330322266,41.540000915527344,41.70000076293945,41.11000061035156,41.349998474121094,12767300
2025-02-20,41.9354362487793,42.2400016784668,42.56999969482422,41.63999938964844,41.709999084472656,16326300
2025-02-21,40.50581741333008,40.79999923706055,42.029998779296875,40.75,42.02000045776367,31767300
2025-02-24,40.674591064453125,40.970001220703125,41.16999816894531,40.33000183105469,41.16999816894531,12704000
2025-02-25,40.088844299316406,40.380001068115234,40.790000915527344,39.529998779296875,40.65999984741211,20002900
2025-02-26,40.56538391113281,40.86000061035156,41.11000061035156,39.72999954223633,39.810001373291016,12880600
2025-02-27,39.17547607421875,39.459999084472656,40.459999084472656,39.41999816894531,40.20000076293945,21976300
2025-02-28,39.4336051940918,39.720001220703125,39.72999954223633,38.58000183105469,38.86000061035156,15602200
2025-03-03,39.423675537109375,39.709999084472656,40.86000061035156,39.5099983215332,40.38999938964844,16743500
2025-03-04,39.989566802978516,40.279998779296875,40.7599983215332,39.4900016784668,40.45000076293945,18770600
2025-03-05,41.39932632446289,41.70000076293945,41.720001220703125,40.189998626708984,40.20000076293945,18539800
2025-03-06,41.0617790222168,41.36000061035156,41.939998626708984,41.060001373291016,41.369998931884766,16373000
2025-03-07,41.339759826660156,41.63999938964844,42.310001373291016,40.91999816894531,41.41999816894531,17132100
2025-03-10,40.2179069519043,40.5099983215332,41.599998474121094,40.20000076293945,41.380001068115234,20333800
2025-03-11,41.5383186340332,41.84000015258789,42.040000915527344,40.849998474121094,40.900001525878906,22449300
2025-03-12,41.59788513183594,41.900001525878906,42.11000061035156,41.220001220703125,41.459999084472656,17152200
2025-03-13,42.8984375,43.209999084472656,43.540000915527344,42.06999969482422,42.18000030517578,30784900
2025-03-14,43.325340270996094,43.63999938964844,43.869998931884766,43.209999084472656,43.779998779296875,23488100
2025-03-17,44.248634338378906,44.56999969482422,44.630001068115234,43.77000045776367,43.86000061035156,18558800
2025-03-18,44.526611328125,44.849998474121094,45.650001525878906,44.689998626708984,45.439998626708984,21782900
2025-03-19,44.903873443603516,45.22999954223633,45.279998779296875,44.540000915527344,44.869998931884766,17130700
2025-03-20,44.834381103515625,45.15999984741211,45.34000015258789,44.380001068115234,44.650001525878906,10082900
2025-03-21,44.17913818359375,44.5,44.630001068115234,43.84000015258789,44.540000915527344,18163600
2025-03-24,43.93094253540039,44.25,44.7599983215332,44.189998626708984,44.560001373291016,14465100
2025-03-25,44.69538879394531,45.02000045776367,45.619998931884766,44.86000061035156,44.869998931884766,16156900
2025-03-26,44.3479118347168,44.66999816894531,45.290000915527344,44.560001373291016,45.220001220703125,10123300
2025-03-27,45.430049896240234,45.7599983215332,45.900001525878906,44.91999816894531,45.220001220703125,16699400
2025-03-28,45.241424560546875,45.56999969482422,46.939998626708984,45.439998626708984,46.099998474121094,21557400
2025-03-31,45.63854217529297,45.970001220703125,46.099998474121094,44.5,46.0,22217500
2025-04-01,45.469764709472656,45.79999923706055,46.2599983215332,45.34000015258789,45.93000030517578,17174800
2025-04-02,45.430049896240234,45.7599983215332,46.0099983215332,45.119998931884766,45.77000045776367,15903800
2025-04-03,45.390342712402344,45.720001220703125,46.709999084472656,43.529998779296875,43.86000061035156,30543000
2025-04-04,41.37947082519531,41.68000030517578,44.56999969482422,41.459999084472656,44.47999954223633,59893500
2025-04-07,41.15113067626953,41.45000076293945,43.70000076293945,40.2599983215332,40.709999084472656,33751700
2025-04-08,41.20077133178711,41.5,43.529998779296875,41.18000030517578,43.27000045776367,22508400
2025-04-09,44.66560745239258,44.9900016784668,45.33000183105469,42.77000045776367,43.27000045776367,47895600
2025-04-10,46.82988357543945,47.16999816894531,47.65999984741211,45.15999984741211,45.27000045776367,36181600
2025-04-11,49.341644287109375,49.70000076293945,50.150001525878906,48.86000061035156,48.869998931884766,40991500
2025-04-14,49.65933609008789,50.02000045776367,50.20000076293945,48.41999816894531,48.95000076293945,20729500
2025-04-15,50.16565704345703,50.529998779296875,50.7400016784668,49.900001525878906,50.470001220703125,14842000
2025-04-16,51.535709381103516,51.90999984741211,52.810001373291016,51.290000915527344,52.310001373291016,36630500
2025-04-17,50.5528450012207,50.91999816894531,51.599998474121094,50.369998931884766,51.5099983215332,25661200
2025-04-21,51.287513732910156,51.65999984741211,53.25,50.95000076293945,52.65999984741211,36299300
2025-04-22,49.867820739746094,50.22999954223633,51.95000076293945,50.02000045776367,51.900001525878906,38019600
2025-04-23,48.378639221191406,48.72999954223633,49.18000030517578,47.77000045776367,47.93000030517578,38934600
2025-04-24,49.40121078491211,49.7599983215332,49.81999969482422,48.79999923706055,49.61000061035156,22803300
2025-04-25,48.45806121826172,48.810001373291016,48.900001525878906,48.08000183105469,48.220001220703125,19299600
2025-04-28,49.07359313964844,49.43000030517578,49.43000030517578,48.310001373291016,48.540000915527344,15128300
2025-04-29,48.13043975830078,48.47999954223633,49.209999084472656,48.400001525878906,48.779998779296875,13110200
2025-04-30,48.6566162109375,49.0099983215332,49.029998779296875,47.9900016784668,48.0,15832300
2025-05-01,46.85967254638672,47.20000076293945,47.63999938964844,46.88999938964844,47.54999923706055,27130000
2025-05-02,46.740535736083984,47.08000183105469,48.11000061035156,46.72999954223633,47.849998474121094,14244100
2025-05-05,48.36871337890625,48.720001220703125,48.900001525878906,48.04999923706055,48.869998931884766,20923200
2025-05-06,50.42378616333008,50.790000915527344,50.83000183105469,49.369998931884766,49.90999984741211,31155000
2025-05-07,49.460777282714844,49.81999969482422,50.279998779296875,49.290000915527344,49.540000915527344,22412000
2025-05-08,48.527557373046875,48.880001068115234,50.04999923706055,48.720001220703125,49.849998474121094,20400400
2025-05-09,50.006813049316406,50.369998931884766,50.470001220703125,49.11000061035156,49.619998931884766,20695300
2025-05-12,46.283851623535156,46.619998931884766,48.08000183105469,46.349998474121094,48.060001373291016,42761600
2025-05-13,46.204429626464844,46.540000915527344,46.75,46.15999984741211,46.720001220703125,22356300
2025-05-14,45.22156524658203,45.54999923706055,45.65999984741211,45.099998474121094,45.5099983215332,26797000
2025-05-15,46.15479278564453,46.4900016784668,46.599998474121094,45.61000061035156,46.04999923706055,23456700
2025-05-16,45.99594497680664,46.33000183105469,46.349998474121094,45.25,45.40999984741211,17272000
2025-05-19,46.998661041259766,47.34000015258789,47.400001525878906,46.650001525878906,47.099998474121094,19577600
2025-05-20,48.45806121826172,48.810001373291016,48.81999969482422,47.2599983215332,47.43000030517578,26942300
2025-05-21,49.083518981933594,49.439998626708984,49.70000076293945,48.970001220703125,49.08000183105469,23175400
2025-05-22,48.82539367675781,49.18000030517578,49.56999969482422,48.70000076293945,49.279998779296875,16934800
2025-05-23,50.16565704345703,50.529998779296875,50.790000915527344,49.75,50.349998474121094,24171600
2025-05-27,49.41114044189453,49.77000045776367,50.310001373291016,49.34000015258789,49.40999984741211,20431100
2025-05-28,49.98695755004883,50.349998474121094,50.36000061035156,49.779998779296875,49.91999816894531,13211000
2025-05-29,49.91746139526367,50.279998779296875,50.84000015258789,49.939998626708984,50.59000015258789,11852300
2025-05-30,50.28479766845703,50.650001525878906,50.720001220703125,49.720001220703125,49.849998474121094,16795500
2025-06-02,53.38229751586914,53.77000045776367,53.83000183105469,51.65999984741211,51.720001220703125,39386800
2025-06-03,52.70720291137695,53.09000015258789,53.09000015258789,52.369998931884766,52.86000061035156,24482500
2025-06-04,52.82633590698242,53.209999084472656,53.5,52.869998931884766,53.2599983215332,18924400
2025-06-05,52.76676940917969,53.150001525878906,54.619998931884766,52.810001373291016,53.75,28630300
2025-06-06,51.247798919677734,51.619998931884766,53.09000015258789,51.470001220703125,53.09000015258789,31562000
2025-06-09,51.75412368774414,52.130001068115234,52.31999969482422,51.40999984741211,51.66999816894531,15247300
2025-06-10,51.05916976928711,51.43000030517578,52.599998474121094,51.119998931884766,52.43000030517578,17301700
2025-06-11,51.56549072265625,51.939998626708984,51.939998626708984,51.290000915527344,51.5099983215332,13531000
2025-06-12,53.14402770996094,53.529998779296875,53.7599983215332,52.720001220703125,52.79999923706055,25699500
2025-06-13,54.06732177734375,54.459999084472656,54.70000076293945,53.849998474121094,54.34000015258789,22541400
2025-06-16,53.163883209228516,53.54999923706055,54.150001525878906,53.5,53.70000076293945,18475000
2025-06-17,53.12417221069336,53.5099983215332,54.0099983215332,53.060001373291016,53.790000915527344,13406500
2025-06-18,52.61785125732422,53.0,53.70000076293945,52.900001525878906,53.349998474121094,14897000
2025-06-20,51.91297149658203,52.290000915527344,53.43000030517578,52.2599983215332,52.689998626708984,18722300
2025-06-23,52.72705841064453,53.11000061035156,53.7400016784668,52.27000045776367,52.52000045776367,21458300
2025-06-24,51.48606872558594,51.86000061035156,52.130001068115234,50.70000076293945,51.540000915527344,22159900
2025-06-25,51.54563522338867,51.91999816894531,52.15999984741211,51.45000076293945,51.59000015258789,12728900
2025-06-26,52.2405891418457,52.619998931884766,52.619998931884766,51.7599983215332,51.7599983215332,14874300
2025-06-27,50.36421585083008,50.72999954223633,51.119998931884766,50.31999969482422,50.91999816894531,32657400
2025-06-30,51.684627532958984,52.060001373291016,52.06999969482422,50.75,50.93000030517578,19782700
2025-07-01,51.664772033691406,52.040000915527344,53.04999923706055,51.959999084472656,53.0099983215332,19063300
2025-07-02,52.28030014038086,52.65999984741211,52.7599983215332,51.84000015258789,52.33000183105469,13096100
2025-07-03,52.528499603271484,52.90999984741211,52.91999816894531,52.150001525878906,52.189998626708984,11610900
2025-07-07,52.78662109375,53.16999816894531,53.209999084472656,51.31999969482422,51.93000030517578,22030200
2025-07-08,50.42378616333008,50.790000915527344,52.95000076293945,50.349998474121094,52.939998626708984,37415300
2025-07-09,51.128665924072266,51.5,51.65999984741211,50.560001373291016,50.849998474121094,19712100
2025-07-10,51.52578353881836,51.900001525878906,51.900001525878906,50.97999954223633,51.68000030517578,13666200
2025-07-11,52.042030334472656,52.41999816894531,52.59000015258789,51.90999984741211,52.31999969482422,19044800
2025-07-14,52.071815490722656,52.45000076293945,53.29999923706055,52.380001068115234,52.41999816894531,13297300
2025-07-15,51.247798919677734,51.619998931884766,52.599998474121094,50.779998779296875,52.459999084472656,20154900
2025-07-16,51.44635772705078,51.81999969482422,52.369998931884766,50.970001220703125,51.709999084472656,16545300
2025-07-17,50.870540618896484,51.2400016784668,51.41999816894531,50.45000076293945,51.060001373291016,17442300
2025-07-18,50.76133346557617,51.130001068115234,51.790000915527344,51.119998931884766,51.689998626708984,12887800
2025-07-21,52.6377067565918,53.02000045776367,53.349998474121094,51.93000030517578,51.939998626708984,22674100
2025-07-22,54.08717727661133,54.47999954223633,54.779998779296875,53.220001220703125,53.63999938964844,23906900
2025-07-23,53.4517936706543,53.84000015258789,54.56999969482422,53.619998931884766,54.16999816894531,22084600
2025-07-24,52.945472717285156,53.33000183105469,53.79999923706055,52.529998779296875,53.04999923706055,12142200
2025-07-25,53.570926666259766,53.959999084472656,53.97999954223633,52.849998474121094,52.91999816894531,25492200
2025-07-28,52.21080780029297,52.59000015258789,53.34000015258789,52.13999938964844,53.150001525878906,20458100
2025-07-29,52.86604690551758,53.25,53.36000061035156,52.52000045776367,52.7599983215332,13473500
2025-07-30,51.406646728515625,51.779998779296875,52.95000076293945,51.52000045776367,52.54999923706055,21662100
2025-07-31,51.26765441894531,51.63999938964844,52.31999969482422,51.369998931884766,52.02000045776367,16429400
2025-08-01,52.071815490722656,52.45000076293945,53.060001373291016,51.939998626708984,52.7400016784668,20409400
2025-08-04,54.543861389160156,54.939998626708984,55.04999923706055,53.15999984741211,53.16999816894531,27343200
2025-08-05,56.05290222167969,56.459999084472656,56.65999984741211,54.56999969482422,54.61000061035156,32074400
2025-08-06,56.9761962890625,57.38999938964844,57.38999938964844,56.47999954223633,56.4900016784668,16684000
2025-08-07,57.5222282409668,57.939998626708984,58.47999954223633,57.61000061035156,57.90999984741211,22573200
2025-08-08,57.6413688659668,58.060001373291016,58.810001373291016,57.84000015258789,58.43000030517578,18210700
2025-08-11,57.27403259277344,57.689998626708984,58.0,56.34000015258789,56.59000015258789,17523500
2025-08-12,57.790283203125,58.209999084472656,58.22999954223633,57.369998931884766,57.83000183105469,11586200
2025-08-13,57.65129470825195,58.06999969482422,58.77000045776367,57.869998931884766,58.65999984741211,10707200
2025-08-14,57.28396224975586,57.70000076293945,58.529998779296875,57.41999816894531,57.650001525878906,11226900
2025-08-15,57.859779357910156,58.279998779296875,58.560001373291016,57.34000015258789,57.79999923706055,13540600
2025-08-18,57.68107604980469,58.099998474121094,58.41999816894531,57.70000076293945,58.20000076293945,8505900
2025-08-19,56.191890716552734,56.599998474121094,58.040000915527344,56.59000015258789,57.84000015258789,15274300
2025-08-20,57.89949035644531,58.31999969482422,58.33000183105469,57.189998626708984,57.25,15489900
2025-08-21,58.86249923706055,59.290000915527344,59.689998626708984,58.11000061035156,58.16999816894531,17900200
2025-08-22,59.74607849121094,60.18000030517578,60.68000030517578,58.380001068115234,58.790000915527344,19540500
2025-08-25,59.82550048828125,60.2599983215332,60.790000915527344,60.16999816894531,60.38999938964844,8388400
2025-08-26,61.15583801269531,61.599998474121094,61.599998474121094,60.439998626708984,60.560001373291016,17598200
2025-08-27,61.036705017089844,61.47999954223633,61.47999954223633,60.470001220703125,61.04999923706055,10691600
2025-08-28,60.88779067993164,61.33000183105469,61.619998931884766,60.70000076293945,61.400001525878906,15854800
2025-08-29,62.71451950073242,63.16999816894531,63.22999954223633,61.209999084472656,61.209999084472656,19954400
2025-09-02,64.33277130126953,64.80000305175781,65.06999969482422,63.20000076293945,64.38999938964844,41939600
2025-09-03,64.7298812866211,65.19999694824219,65.83000183105469,64.70999908447266,65.4800033569336,25768700
2025-09-04,64.10442352294922,64.56999969482422,64.94000244140625,63.88999938964844,64.36000061035156,24753700
2025-09-05,65.86166381835938,66.33999633789062,66.87000274658203,65.16000366210938,66.01000213623047,31720200
2025-09-08,66.75517272949219,67.23999786376953,67.41000366210938,66.48999786376953,67.2300033569336,24932700
2025-09-09,66.36798858642578,66.8499984741211,67.94000244140625,66.66999816894531,67.6500015258789,24430000
2025-09-10,68.00608825683594,68.5,68.58999633789062,67.45999908447266,67.47000122070312,18297300
2025-09-11,69.25700378417969,69.76000213623047,69.76000213623047,68.08000183105469,68.23999786376953,18762100
2025-09-12,69.24707794189453,69.75,70.11000061035156,69.23999786376953,69.95999908447266,13891100
2025-09-15,69.97181701660156,70.4800033569336,70.76000213623047,69.1500015258789,69.30000305175781,16298200
2025-09-16,68.5223388671875,69.0199966430664,70.63999938964844,68.62999725341797,70.56999969482422,22742300
2025-09-17,68.1649398803711,68.66000366210938,69.93000030517578,67.7699966430664,68.23999786376953,28270300
2025-09-18,68.29399871826172,68.79000091552734,68.80000305175781,67.26000213623047,68.1500015258789,21638900
2025-09-19,71.8382568359375,72.36000061035156,72.52999877929688,68.88999938964844,68.91999816894531,36429000
2025-09-22,73.79405212402344,74.33000183105469,74.37000274658203,72.83999633789062,73.7699966430664,30822600
2025-09-23,73.69477844238281,74.2300033569336,75.27999877929688,73.87999725341797,74.87999725341797,23168400
2025-09-24,71.79854583740234,72.31999969482422,74.44999694824219,72.2699966430664,73.95999908447266,27972000
2025-09-25,72.60269927978516,73.12999725341797,73.19999694824219,72.01000213623047,72.30999755859375,23268600
2025-09-26,74.14153289794922,74.68000030517578,74.93000030517578,73.23999786376953,73.68000030517578,21411900
2025-09-29,75.17403411865234,75.72000122070312,76.87000274658203,75.36000061035156,76.58000183105469,24062700
2025-09-30,75.84912872314453,76.4000015258789,77.18000030517578,74.73999786376953,74.97000122070312,21221700
2025-10-01,76.57386016845703,77.12999725341797,77.95999908447266,76.58999633789062,77.11000061035156,22633000
2025-10-02,76.54407501220703,77.0999984741211,78.31999969482422,74.0999984741211,78.29000091552734,41791200
2025-10-03,76.52422332763672,77.08000183105469,77.76000213623047,76.52999877929688,77.31999969482422,15113300
2025-10-06,78.0431900024414,78.61000061035156,79.48999786376953,77.79000091552734,78.05999755859375,26286300
2025-10-07,76.4150161743164,76.97000122070312,78.69000244140625,76.69000244140625,78.66000366210938,21615600
2025-10-08,78.57929992675781,79.1500015258789,79.1500015258789,77.58999633789062,78.68000030517578,25676100
2025-10-09,75.06482696533203,75.61000061035156,79.33000183105469,74.58000183105469,79.19000244140625,40970500
2025-10-10,75.23359680175781,75.77999877929688,76.62000274658203,75.08000183105469,75.86000061035156,24817200
2025-10-13,78.79771423339844,79.37000274658203,79.45999908447266,77.95999908447266,78.08000183105469,26089500
2025-10-14,77.88434600830078,78.44999694824219,79.4000015258789,77.61000061035156,78.02999877929688,20129200
2025-10-15,80.882568359375,81.47000122070312,81.73999786376953,79.23999786376953,79.51000213623047,31551700
2025-10-16,83.83116149902344,84.44000244140625,85.08999633789062,81.72000122070312,82.45999908447266,39781800
2025-10-17,78.1623306274414,78.7300033569336,82.41999816894531,77.18000030517578,82.16999816894531,70598800
2025-10-20,79.78057861328125,80.36000061035156,81.0199966430664,79.01000213623047,80.18000030517578,29436000
2025-10-21,72.2651596069336,72.79000091552734,74.98999786376953,72.12999725341797,74.58000183105469,71270200
2025-10-22,72.42400360107422,72.94999694824219,73.31999969482422,70.27999877929688,70.4800033569336,47998500
2025-10-23,73.25794982910156,73.79000091552734,74.68000030517578,73.58999633789062,74.5199966430664,25689000
2025-10-24,72.27508544921875,72.80000305175781,74.01000213623047,72.1500015258789,72.5,24477100
2025-10-27,69.40592956542969,69.91000366210938,71.37999725341797,68.12999725341797,70.1500015258789,50661700
2025-10-28,70.50791931152344,71.0199966430664,71.23999786376953,68.41999816894531,68.63999938964844,28611800
2025-10-29,70.55755615234375,71.06999969482422,73.0,70.69999694824219,72.9000015258789,33614500
2025-10-30,72.3743667602539,72.9000015258789,73.05999755859375,70.51000213623047,70.91999816894531,25166200
2025-10-31,71.54042053222656,72.05999755859375,72.91999816894531,71.1500015258789,72.91000366210938,20882300
2025-11-03,70.78590393066406,71.30000305175781,72.44000244140625,70.7300033569336,71.72000122070312,15630000
2025-11-04,67.78767395019531,68.27999877929688,69.62999725341797,68.19999694824219,69.33999633789062,28765500
2025-11-05,70.16043853759766,70.66999816894531,70.88999938964844,69.4800033569336,69.91000366210938,24340100
2025-11-06,70.24979400634766,70.76000213623047,72.70999908447266,70.69999694824219,71.2699966430664,22007600
2025-11-07,72.02689361572266,72.55000305175781,72.55000305175781,70.4800033569336,71.4800033569336,20421900
2025-11-10,75.43215942382812,75.9800033569336,76.47000122070312,74.62000274658203,75.23999786376953,30851200
2025-11-11,76.15689086914062,76.70999908447266,76.81999969482422,74.94999694824219,76.54000091552734,17170100
2025-11-12,78.67858123779297,79.25,79.97000122070312,76.30000305175781,76.75,33319500
2025-11-13,76.49444580078125,77.05000305175781,79.73999786376953,76.41999816894531,79.48999786376953,30345900
2025-11-14,75.6108627319336,76.16000366210938,76.91000366210938,73.25,73.54000091552734,28841200
2025-11-17,74.40957641601562,74.94999694824219,76.97000122070312,74.19999694824219,75.6500015258789,25837000
2025-11-18,75.08467864990234,75.62999725341797,76.47000122070312,74.37999725341797,75.61000061035156,24323800
2025-11-19,75.83919525146484,76.38999938964844,78.18000030517578,75.5199966430664,76.94999694824219,21959400
2025-11-20,72.44386291503906,72.97000122070312,77.73999786376953,72.94000244140625,76.73999786376953,34685000
2025-11-21,73.11895751953125,73.6500015258789,74.66000366210938,72.44999694824219,73.0199966430664,25694900
2025-11-24,77.39788055419922,77.95999908447266,78.0,74.06999969482422,74.1500015258789,24487400
2025-11-25,77.2390365600586,77.80000305175781,78.54000091552734,76.86000061035156,77.30999755859375,14938400
2025-11-26,80.96199798583984,81.55000305175781,81.83000183105469,78.55000305175781,78.6500015258789,27375300
2025-11-28,82.6298828125,83.2300033569336,83.27999877929688,81.7699966430664,82.26000213623047,15906800
2025-12-01,82.22283935546875,82.81999969482422,84.02999877929688,82.12000274658203,83.94999694824219,20533900
2025-12-02,81.02156066894531,81.61000061035156,82.95999908447266,79.30000305175781,82.47000122070312,25468400
2025-12-03,80.47552490234375,81.05999755859375,82.91999816894531,80.94000244140625,82.12999725341797,17556100
2025-12-04,80.80314636230469,81.38999938964844,81.48999786376953,80.02999877929688,80.33999633789062,12264600
2025-12-05,80.44573974609375,81.02999877929688,83.76000213623047,80.72000122070312,82.0,17559200
2025-12-08,78.5892333984375,79.16000366210938,81.25,79.06999969482422,81.0199966430664,18977000
2025-12-09,81.34918212890625,81.94000244140625,82.06999969482422,79.29000091552734,79.30000305175781,19287000
2025-12-10,82.71923065185547,83.31999969482422,83.94000244140625,80.52999877929688,81.55000305175781,22917900
2025-12-11,85.6380386352539,86.26000213623047,87.44999694824219,83.12000274658203,83.19999694824219,29997000
2025-12-12,85.04236602783203,85.66000366210938,88.5,84.23999786376953,88.5,26735900
2025-12-15,84.23819732666016,84.8499984741211,86.75,83.72000122070312,86.51000213623047,21774900
2025-12-16,84.21834564208984,84.83000183105469,86.30000305175781,83.75,85.16000366210938,14848800
2025-12-17,85.21113586425781,85.83000183105469,86.62000274658203,84.62000274658203,86.11000061035156,17984700
2025-12-18,85.05228424072266,85.66999816894531,87.19999694824219,84.83999633789062,85.33000183105469,18771500
2025-12-19,87.1570053100586,87.79000091552734,88.69000244140625,85.55999755859375,85.58000183105469,24699800
2025-12-22,90.18000030517578,90.18000030517578,91.05000305175781,89.06999969482422,89.66000366210938,24707400
2025-12-23,90.2699966430664,90.2699966430664,90.4800033569336,88.69000244140625,90.3499984741211,18969200
2025-12-24,89.69999694824219,89.69999694824219,90.2699966430664,88.2699966430664,89.80000305175781,14136200
2025-12-26,91.29000091552734,91.29000091552734,91.66999816894531,89.61000061035156,90.93000030517578,24708900
2025-12-29,85.8499984741211,85.8499984741211,87.47000122070312,84.88999938964844,86.93000030517578,39910100
2025-12-30,86.83999633789062,86.83999633789062,88.4000015258789,86.55999755859375,88.05000305175781,19494800
2025-12-31,85.7699966430664,85.7699966430664,87.7300033569336,85.66000366210938,86.44999694824219,13174500
2026-01-02,85.7300033569336,85.7300033569336,87.20999908447266,83.2300033569336,87.12000274658203,24032300
2026-01-05,88.44999694824219,88.44999694824219,90.66000366210938,87.27999877929688,87.77999877929688,25195000
2026-01-06,92.13999938964844,92.13999938964844,92.20999908447266,89.06999969482422,89.2699966430664,23581700
2026-01-07,91.05999755859375,91.05999755859375,91.12999725341797,88.08999633789062,89.45999908447266,18414900
2026-01-08,91.54000091552734,91.54000091552734,91.55999755859375,88.79000091552734,89.11000061035156,17535800
2026-01-09,92.55999755859375,92.55999755859375,93.16999816894531,91.2300033569336,91.80999755859375,18108500
2026-01-12,95.72000122070312,95.72000122070312,96.9800033569336,95.06999969482422,95.19000244140625,27296500
2026-01-13,96.47000122070312,96.47000122070312,97.97000122070312,96.23999786376953,97.02999877929688,19578600
2026-01-14,96.86000061035156,96.86000061035156,98.41999816894531,95.37000274658203,98.41000366210938,22672600
2026-01-15,97.11000061035156,97.11000061035156,97.83000183105469,95.31999969482422,96.08999633789062,13979500
2026-01-16,97.23999786376953,97.23999786376953,97.33999633789062,94.44000244140625,96.27999877929688,19587300
2026-01-20,102.77999877929688,102.77999877929688,103.0199966430664,100.9000015258789,101.52999877929688,33061000
2026-01-21,101.29000091552734,101.29000091552734,105.33000183105469,100.55999755859375,104.9000015258789,34861200
2026-01-22,105.16999816894531,105.16999816894531,105.83999633789062,101.05000305175781,101.13999938964844,30396700
2026-01-23,107.0199966430664,107.0199966430664,107.62000274658203,104.8499984741211,105.52999877929688,19623000
2026-01-26,107.4800033569336,107.4800033569336,112.54000091552734,107.44999694824219,110.69000244140625,38883300
2026-01-27,109.29000091552734,109.29000091552734,109.37999725341797,103.87999725341797,107.91999816894531,30779100
2026-01-28,112.16000366210938,112.16000366210938,112.23999786376953,109.01000213623047,110.37999725341797,31375500
2026-01-29,107.9800033569336,107.9800033569336,113.5,104.6500015258789,113.29000091552734,66962400
2026-01-30,94.19999694824219,94.19999694824219,101.87999725341797,93.12000274658203,98.91000366210938,102904800
2026-02-02,94.19000244140625,94.19000244140625,96.87000274658203,92.0,93.97000122070312,35455600
2026-02-03,98.22000122070312,98.22000122070312,99.98999786376953,95.66000366210938,99.79000091552734,43633800
2026-02-04,98.69999694824219,98.69999694824219,101.12000274658203,94.94000244140625,101.01000213623047,30256800
2026-02-05,92.44000244140625,92.44000244140625,97.19999694824219,92.27999877929688,94.54000091552734,39586600
2026-02-06,97.38999938964844,97.38999938964844,97.93000030517578,94.9800033569336,95.12999725341797,24807700
2026-02-09,102.88999938964844,102.88999938964844,103.08999633789062,98.51000213623047,98.55000305175781,27057100
2026-02-10,103.01000213623047,103.01000213623047,103.80000305175781,101.8499984741211,102.2699966430664,15407600
2026-02-11,105.97000122070312,105.97000122070312,106.47000122070312,102.48999786376953,105.48999786376953,22624300
2026-02-12,98.27999877929688,98.27999877929688,105.79000091552734,98.12999725341797,104.81999969482422,43435500
2026-02-13,103.94000244140625,103.94000244140625,104.13999938964844,99.52999877929688,100.91999816894531,31928300
2026-02-17,100.25,100.25,101.19000244140625,97.41000366210938,99.86000061035156,26743000
2026-02-18,102.55999755859375,102.55999755859375,103.69000244140625,101.29000091552734,101.81999969482422,18924100
2026-02-19,104.23999786376953,104.23999786376953,104.30000305175781,101.11000061035156,102.01000213623047,18466500
2026-02-20,106.26000213623047,106.26000213623047,106.38999938964844,102.02999877929688,104.33000183105469,23441000
2026-02-23,110.29000091552734,110.29000091552734,110.54000091552734,107.62000274658203,107.77999877929688,26609300
2026-02-24,110.69999694824219,110.69999694824219,111.5,106.47000122070312,107.0,15635700
2026-02-25,111.16000366210938,111.16000366210938,113.16000366210938,110.87000274658203,112.18000030517578,14632600
2026-02-26,113.88999938964844,113.88999938964844,114.0999984741211,109.12999725341797,110.4000015258789,18622900
2026-02-27,115.83999633789062,115.83999633789062,115.98999786376953,114.31999969482422,115.19000244140625,18646800
2026-03-02,115.33999633789062,115.33999633789062,117.18000030517578,111.36000061035156,116.45999908447266,27137300
2026-03-03,105.23999786376953,105.23999786376953,107.98999786376953,102.54000091552734,107.48999786376953,66618000
2026-03-04,105.87999725341797,105.87999725341797,108.26000213623047,104.30999755859375,108.16000366210938,20502900
2026-03-05,101.81999969482422,101.81999969482422,104.19999694824219,99.52999877929688,104.19999694824219,34024100
2026-03-06,101.37999725341797,101.37999725341797,102.5,98.27999877929688,99.25,25723000
2026-03-09,102.44000244140625,102.44000244140625,102.56999969482422,95.95999908447266,98.63999938964844,24687000
2026-03-10,103.37000274658203,103.37000274658203,105.73999786376953,103.0999984741211,104.05999755859375,21592200
2026-03-11,101.36000061035156,101.36000061035156,102.16000366210938,99.13999938964844,102.05000305175781,19278300
2026-03-12,99.30000305175781,99.30000305175781,101.11000061035156,98.41000366210938,101.04000091552734,20604300
2026-03-13,93.26000213623047,93.26000213623047,98.41000366210938,92.88999938964844,98.41000366210938,35725200
2026-03-16,94.37999725341797,94.37999725341797,95.86000061035156,92.3499984741211,93.3499984741211,21719600
2026-03-17,93.95999908447266,93.95999908447266,96.12999725341797,93.30999755859375,94.7699966430664,14897800
2026-03-18,88.11000061035156,88.11000061035156,90.3499984741211,87.7300033569336,89.98999786376953,41331300
2026-03-19,82.9000015258789,82.9000015258789,83.38999938964844,79.95999908447266,80.86000061035156,63111300
2026-03-20,80.12000274658203,80.12000274658203,83.38999938964844,78.73999786376953,83.31999969482422,40023300
2026-03-23,83.37999725341797,83.37999725341797,84.97000122070312,81.12000274658203,81.36000061035156,62217700
2026-03-24,83.5,83.5,84.12000274658203,80.77999877929688,81.91000366210938,23529700
2026-03-25,86.31999969482422,86.31999969482422,88.06999969482422,85.5,87.5199966430664,33509100
2026-03-26,82.38999938964844,82.38999938964844,86.52999877929688,82.2699966430664,83.47000122070312,41416000
2026-03-27,85.79000091552734,85.79000091552734,86.91999816894531,82.38999938964844,82.79000091552734,35300800
2026-03-30,85.79000091552734,85.79000091552734,88.41000366210938,84.7300033569336,87.38999938964844,24114400
2026-03-31,91.7699966430664,91.7699966430664,91.77999877929688,87.87999725341797,88.05000305175781,36516300
2026-04-01,96.01000213623047,96.01000213623047,97.70999908447266,93.4800033569336,94.70999908447266,42051300
2026-04-02,94.58999633789062,94.58999633789062,95.8499984741211,89.98999786376953,90.16000366210938,22726700
2026-04-06,93.81999969482422,93.81999969482422,95.27999877929688,93.41000366210938,94.26000213623047,11572800
2026-04-07,94.97000122070312,94.97000122070312,95.2300033569336,91.44000244140625,93.69000244140625,13596700
2026-04-08,98.18000030517578,98.18000030517578,101.37000274658203,96.62999725341797,100.87999725341797,26188600
2026-04-09,98.3499984741211,98.3499984741211,99.93000030517578,97.0,98.3499984741211,14310500
2026-04-10,99.38999938964844,99.38999938964844,100.22000122070312,98.79000091552734,98.9800033569336,17803500
2026-04-13,98.77999877929688,98.77999877929688,99.2300033569336,97.3499984741211,98.01000213623047,12446100
2026-04-14,100.75,100.75,101.56999969482422,99.41999816894531,100.05000305175781,15841100
2026-04-15,97.7699966430664,97.7699966430664,100.43000030517578,97.68000030517578,99.91999816894531,16644600
2026-04-16,97.66000366210938,97.66000366210938,99.0999984741211,97.3499984741211,98.20999908447266,13842000
2026-04-17,100.33999633789062,100.33999633789062,102.38999938964844,99.38999938964844,99.75,21381400
2026-04-20,99.12999725341797,99.12999725341797,99.55000305175781,98.0999984741211,99.45999908447266,11898000
2026-04-21,92.98999786376953,92.98999786376953,98.4800033569336,92.69000244140625,97.88999938964844,31531500
2026-04-22,94.4800033569336,94.4800033569336,95.76000213623047,94.04000091552734,95.04000091552734,14371300
2026-04-23,92.19000244140625,92.19000244140625,94.0,90.19999694824219,93.33000183105469,27735600
2026-04-24,94.33999633789062,94.33999633789062,94.51000213623047,92.22000122070312,93.1500015258789,16967400
2026-04-27,92.58999633789062,92.58999633789062,93.47000122070312,92.12000274658203,93.41999816894531,12010100
2026-04-28,88.54000091552734,88.54000091552734,90.62999725341797,88.11000061035156,90.13999938964844,25303500
2026-04-29,86.22000122070312,86.22000122070312,87.6500015258789,85.93000030517578,87.11000061035156,20765700
2026-04-30,88.29000091552734,88.29000091552734,89.44000244140625,87.41999816894531,88.9000015258789,23142400
2026-05-01,87.11000061035156,87.11000061035156,89.06999969482422,87.0,87.70999908447266,12337300
2026-05-04,85.6500015258789,85.6500015258789,87.3499984741211,85.45999908447266,86.13999938964844,15612800
2026-05-05,85.80999755859375,85.80999755859375,87.69999694824219,85.72000122070312,87.27999877929688,11557600
2026-05-06,92.44000244140625,92.44000244140625,93.08000183105469,90.44000244140625,90.51000213623047,35115100
2026-05-07,91.72000122070312,91.72000122070312,96.11000061035156,91.62999725341797,94.80000305175781,26825800
2026-05-08,94.58999633789062,94.58999633789062,95.30000305175781,92.75,93.12999725341797,19426900
2026-05-11,97.5999984741211,97.5999984741211,98.73999786376953,95.29000091552734,95.33999633789062,24402800
2026-05-12,97.13999938964844,97.13999938964844,97.55999755859375,92.8499984741211,95.5999984741211,22283200
2026-05-13,96.2300033569336,96.2300033569336,97.19999694824219,94.63999938964844,96.08999633789062,12254800
2026-05-14,93.94999694824219,93.94999694824219,95.91000366210938,93.54000091552734,95.9000015258789,14371600
2026-05-15,87.3499984741211,87.3499984741211,89.55000305175781,86.83000183105469,89.5,38654700
2026-05-18,87.13999938964844,87.13999938964844,89.52999877929688,86.38999938964844,88.6500015258789,16998000
2026-05-19,83.77999877929688,83.77999877929688,85.5999984741211,83.3499984741211,85.55000305175781,21922200
2026-05-20,86.36000061035156,86.36000061035156,86.94000244140625,83.66999816894531,84.58000183105469,20430700
2026-05-21,85.98999786376953,85.98999786376953,87.66000366210938,84.11000061035156,84.45999908447266,17092600
2026-05-22,85.0199966430664,85.0199966430664,86.13999938964844,83.94999694824219,85.61000061035156,14638800
2026-05-26,88.5,88.5,88.56999969482422,86.93000030517578,87.04000091552734,21638800
2026-05-27,85.44000244140625,85.44000244140625,87.3499984741211,85.33999633789062,85.83999633789062,19392200
2026-05-28,87.18000030517578,87.18000030517578,88.0,83.31999969482422,84.52999877929688,20959900
2026-05-29,89.48999786376953,89.48999786376953,90.36000061035156,86.6500015258789,87.37999725341797,22277000
2026-06-01,86.68000030517578,86.68000030517578,87.55000305175781,84.37999725341797,86.44999694824219,26022900
2026-06-02,88.05000305175781,88.05000305175781,88.29000091552734,85.98999786376953,87.93000030517578,19269000
2026-06-03,85.0,85.0,86.93000030517578,84.94000244140625,86.51000213623047,18139600
2026-06-04,86.4000015258789,86.4000015258789,87.47000122070312,85.62999725341797,86.36000061035156,13420200
2026-06-05,78.83999633789062,78.83999633789062,83.8499984741211,78.77999877929688,83.80000305175781,44792000
2026-06-08,78.66999816894531,78.66999816894531,80.30000305175781,78.45999908447266,79.36000061035156,18567600
2026-06-09,77.58999633789062,77.58999633789062,80.2300033569336,75.02999877929688,79.5,24897100
2026-06-10,73.80999755859375,73.80999755859375,76.80000305175781,73.62999725341797,74.79000091552734,26414500
2026-06-11,77.72000122070312,77.72000122070312,78.18000030517578,73.7699966430664,73.98999786376953,34820800
2026-06-12,80.02999877929688,80.02999877929688,80.6500015258789,77.76000213623047,78.54000091552734,25560200
2026-06-15,85.2699966430664,85.2699966430664,86.87999725341797,84.70999908447266,85.41999816894531,34324500
2026-06-16,87.23999786376953,87.23999786376953,87.58999633789062,85.66000366210938,86.1500015258789,21635600
2026-06-17,84.36000061035156,84.36000061035156,89.98999786376953,84.29000091552734,87.19999694824219,49821500
2026-06-18,82.51000213623047,82.51000213623047,86.56999969482422,81.47000122070312,84.91000366210938,37180400
2026-06-22,81.44000244140625,81.44000244140625,81.66999816894531,80.13999938964844,80.41999816894531,17354800
2026-06-23,77.66000366210938,77.66000366210938,79.22000122070312,77.25,77.77999877929688,26808400
2026-06-24,74.58999633789062,74.58999633789062,76.4000015258789,73.69999694824219,74.19000244140625,30515800
2026-06-25,75.66999816894531,75.66999816894531,76.93000030517578,74.52999877929688,76.48999786376953,30958700
2026-06-26,77.0,77.0,78.48999786376953,76.19000244140625,76.66000366210938,22781600
2026-06-29,75.68000030517578,75.68000030517578,76.19999694824219,74.58999633789062,76.12999725341797,18075700
2026-06-30,75.44999694824219,75.44999694824219,75.93000030517578,73.88999938964844,75.38999938964844,16874800
2026-07-01,75.06999969482422,75.06999969482422,78.16000366210938,74.9800033569336,75.43000030517578,22382800
2026-07-02,78.43000030517578,78.43000030517578,79.19999694824219,76.77999877929688,77.70999908447266,29963500
2026-07-06,78.73999786376953,78.73999786376953,80.18000030517578,77.5,79.5199966430664,13977300
2026-07-07,75.76000213623047,75.76000213623047,78.79000091552734,75.12999725341797,78.3499984741211,20562000
2026-07-08,73.52999877929688,73.52999877929688,74.80999755859375,71.88999938964844,74.08999633789062,25642300
2026-07-09,75.77999877929688,75.77999877929688,76.05000305175781,74.31999969482422,75.1500015258789,16240900
2026-07-10,75.52999877929688,75.52999877929688,76.04000091552734,74.51000213623047,75.08999633789062,8140100
2026-07-13,73.37000274658203,73.37000274658203,74.63999938964844,72.83999633789062,74.0999984741211,20236200
