Price,Adj Close,Close,High,Low,Open,Volume
Ticker,GDXJ,GDXJ,GDXJ,GDXJ,GDXJ,GDXJ
Date,,,,,,
2009-11-11,71.86772918701172,101.76000213623047,108.0,100.19999694824219,104.0,339000
2009-11-12,70.17274475097656,99.36000061035156,102.36000061035156,98.87999725341797,102.19999694824219,919000
2009-11-13,71.8394775390625,101.72000122070312,102.0,98.5999984741211,100.0,456900
2009-11-16,74.86221313476562,106.0,107.23999786376953,104.0,104.0,830400
2009-11-17,76.07695770263672,107.72000122070312,107.72000122070312,104.19999694824219,105.4800033569336,744200
2009-11-18,76.41596221923828,108.19999694824219,110.63999938964844,107.0,109.08000183105469,915800
2009-11-19,76.04871368408203,107.68000030517578,108.08000183105469,103.08000183105469,107.31999969482422,868925
2009-11-20,75.59671020507812,107.04000091552734,107.27999877929688,104.5999984741211,105.91999816894531,560475
2009-11-23,77.9697036743164,110.4000015258789,113.27999877929688,109.44000244140625,111.5999984741211,775175
2009-11-24,76.89620971679688,108.87999725341797,111.91999816894531,107.5999984741211,110.87999725341797,688500
2009-11-25,79.94718933105469,113.19999694824219,113.55999755859375,110.5999984741211,111.55999755859375,670625
2009-11-27,76.52896118164062,108.36000061035156,110.68000030517578,103.5199966430664,105.80000305175781,753375
2009-11-30,76.89620971679688,108.87999725341797,109.87999725341797,107.0,107.95999908447266,616950
2009-12-01,80.8511962890625,114.4800033569336,115.63999938964844,112.0,112.55999755859375,757800
2009-12-02,82.85692596435547,117.31999969482422,118.76000213623047,116.04000091552734,116.55999755859375,674600
2009-12-03,80.54045104980469,114.04000091552734,116.63999938964844,113.4000015258789,116.4000015258789,766500
2009-12-04,76.67019653320312,108.55999755859375,111.91999816894531,105.68000030517578,111.5199966430664,1146300
2009-12-07,75.28596496582031,106.5999984741211,109.04000091552734,104.04000091552734,105.0,666675
2009-12-08,71.9807357788086,101.91999816894531,105.12000274658203,101.36000061035156,104.5999984741211,781100
2009-12-09,73.67572784423828,104.31999969482422,105.95999908447266,101.63999938964844,102.87999725341797,777325
2009-12-10,73.84520721435547,104.55999755859375,106.0,103.44000244140625,105.5199966430664,374100
2009-12-11,72.12198638916016,102.12000274658203,105.44000244140625,101.31999969482422,105.04000091552734,394325
2009-12-14,74.2972183227539,105.19999694824219,105.23999786376953,101.76000213623047,103.04000091552734,361150
2009-12-15,73.13898468017578,103.55999755859375,105.27999877929688,103.08000183105469,104.4000015258789,535775
2009-12-16,74.32546997070312,105.23999786376953,106.23999786376953,104.4000015258789,104.91999816894531,386375
2009-12-17,70.14448547363281,99.31999969482422,102.91999816894531,99.23999786376953,102.44000244140625,513650
2009-12-18,70.82247161865234,100.27999877929688,101.19999694824219,98.4000015258789,100.12000274658203,379275
2009-12-21,69.66423034667969,98.63999938964844,101.55999755859375,97.91999816894531,101.4800033569336,396300
2009-12-22,70.1162338256836,99.27999877929688,99.80000305175781,97.44000244140625,99.36000061035156,334075
2009-12-23,73.28021240234375,103.76000213623047,104.27999877929688,100.0,100.36000061035156,457975
2009-12-24,73.81697082519531,104.5199966430664,105.72000122070312,104.0,105.72000122070312,161450
2009-12-28,73.73222351074219,104.4000015258789,106.31999969482422,103.76000213623047,106.31999969482422,159500
2009-12-29,73.3084716796875,103.80000305175781,105.4800033569336,103.72000122070312,105.08000183105469,163350
2009-12-30,72.15023040771484,102.16000366210938,102.95999908447266,101.4000015258789,102.5999984741211,151850
2009-12-31,72.71522521972656,102.95999908447266,104.04000091552734,102.63999938964844,103.16000366210938,153375
2010-01-04,75.65320587158203,107.12000274658203,107.72000122070312,106.19999694824219,106.83999633789062,368525
2010-01-05,76.47246551513672,108.27999877929688,109.27999877929688,106.91999816894531,108.0,501825
2010-01-06,78.61945343017578,111.31999969482422,112.12000274658203,109.4000015258789,110.04000091552734,379900
2010-01-07,78.42169952392578,111.04000091552734,111.80000305175781,109.36000061035156,111.08000183105469,354800
2010-01-08,79.69295501708984,112.83999633789062,113.0,109.87999725341797,111.87999725341797,226600
2010-01-11,80.45569610595703,113.91999816894531,117.0,113.68000030517578,116.87999725341797,510425
2010-01-12,76.81146240234375,108.76000213623047,113.12000274658203,108.72000122070312,112.63999938964844,484200
2010-01-13,78.19570922851562,110.72000122070312,111.12000274658203,107.83999633789062,110.31999969482422,419250
2010-01-14,78.02619934082031,110.4800033569336,111.19999694824219,109.23999786376953,111.0,274900
2010-01-15,77.00920867919922,109.04000091552734,109.76000213623047,107.55999755859375,109.76000213623047,271475
2010-01-19,76.8397216796875,108.80000305175781,109.4800033569336,108.04000091552734,108.83999633789062,351000
2010-01-20,72.79998016357422,103.08000183105469,106.08000183105469,102.55999755859375,105.4800033569336,529725
2010-01-21,68.59074401855469,97.12000274658203,102.63999938964844,97.12000274658203,102.63999938964844,723675
2010-01-22,68.0822525024414,96.4000015258789,98.4000015258789,94.12000274658203,96.4800033569336,774525
2010-01-25,67.65848541259766,95.80000305175781,98.0,95.80000305175781,97.04000091552734,337550
2010-01-26,67.31948852539062,95.31999969482422,97.4000015258789,92.91999816894531,94.12000274658203,448300
2010-01-27,65.68099212646484,93.0,95.72000122070312,91.95999908447266,95.27999877929688,571225
2010-01-28,64.77701568603516,91.72000122070312,94.83999633789062,90.04000091552734,94.36000061035156,550125
2010-01-29,62.630008697509766,88.68000030517578,92.44000244140625,88.19999694824219,91.5999984741211,474850
2010-02-01,67.2347412109375,95.19999694824219,95.19999694824219,89.5199966430664,89.80000305175781,611725
2010-02-02,67.54549407958984,95.63999938964844,96.83999633789062,94.95999908447266,96.5999984741211,495800
2010-02-03,66.75448608398438,94.5199966430664,97.0,94.4800033569336,95.83999633789062,378425
2010-02-04,61.98027801513672,87.76000213623047,92.63999938964844,87.5199966430664,92.19999694824219,781650
2010-02-05,64.77701568603516,91.72000122070312,91.72000122070312,84.72000122070312,87.68000030517578,908350
2010-02-08,62.77125930786133,88.87999725341797,93.19999694824219,88.87999725341797,91.63999938964844,505450
2010-02-09,66.13299560546875,93.63999938964844,94.4800033569336,91.4800033569336,91.5199966430664,577675
2010-02-10,65.93524932861328,93.36000061035156,94.12000274658203,91.19999694824219,93.5199966430664,449500
2010-02-11,69.46649169921875,98.36000061035156,98.36000061035156,93.27999877929688,94.4000015258789,585000
2010-02-12,68.67549896240234,97.23999786376953,97.5999984741211,94.5999984741211,96.36000061035156,489850
2010-02-16,71.30274200439453,100.95999908447266,101.5999984741211,99.63999938964844,100.0,653100
2010-02-17,70.79422760009766,100.23999786376953,101.87999725341797,99.4000015258789,101.5999984741211,557750
2010-02-18,70.7094955444336,100.12000274658203,101.16000366210938,99.31999969482422,100.12000274658203,388725
2010-02-19,69.833740234375,98.87999725341797,100.23999786376953,97.4800033569336,98.4800033569336,455675
2010-02-22,68.98623657226562,97.68000030517578,99.91999816894531,97.68000030517578,99.83999633789062,225825
2010-02-23,65.8504867553711,93.23999786376953,97.36000061035156,93.08000183105469,96.95999908447266,389275
2010-02-24,65.8787612915039,93.27999877929688,94.91999816894531,92.76000213623047,93.27999877929688,329425
2010-02-25,67.3477554321289,95.36000061035156,95.36000061035156,90.23999786376953,91.76000213623047,559775
2010-02-26,68.30823516845703,96.72000122070312,96.72000122070312,94.4800033569336,95.87999725341797,352075
2010-03-01,69.74899291992188,98.76000213623047,98.76000213623047,96.08000183105469,97.16000366210938,270925
2010-03-02,71.13323211669922,100.72000122070312,102.27999877929688,99.5999984741211,99.5999984741211,519600
2010-03-03,72.40447998046875,102.5199966430664,103.76000213623047,101.76000213623047,102.4000015258789,597325
2010-03-04,71.66999816894531,101.4800033569336,102.95999908447266,100.08000183105469,102.4000015258789,295950
2010-03-05,72.99773406982422,103.36000061035156,103.91999816894531,102.4000015258789,102.72000122070312,262500
2010-03-08,72.71522521972656,102.95999908447266,104.36000061035156,101.87999725341797,103.80000305175781,262350
2010-03-09,72.03723907470703,102.0,103.27999877929688,101.19999694824219,101.44000244140625,270850
2010-03-10,71.72647094726562,101.55999755859375,103.87999725341797,100.55999755859375,103.16000366210938,357300
2010-03-11,72.82821655273438,103.12000274658203,103.19999694824219,100.19999694824219,101.12000274658203,226000
2010-03-12,72.79998016357422,103.08000183105469,104.31999969482422,102.04000091552734,103.72000122070312,271575
2010-03-15,72.60222625732422,102.80000305175781,103.23999786376953,101.5999984741211,103.19999694824219,198425
2010-03-16,75.45545959472656,106.83999633789062,106.87999725341797,104.23999786376953,104.36000061035156,623225
2010-03-17,75.511962890625,106.91999816894531,107.95999908447266,106.5999984741211,107.31999969482422,363475
2010-03-18,74.86221313476562,106.0,107.68000030517578,104.72000122070312,107.0,324325
2010-03-19,73.70397186279297,104.36000061035156,106.0,102.72000122070312,104.36000061035156,386525
2010-03-22,73.2519760131836,103.72000122070312,103.95999908447266,101.4800033569336,101.87999725341797,294725
2010-03-23,74.6927261352539,105.76000213623047,105.87999725341797,102.76000213623047,103.5999984741211,367575
2010-03-24,71.13323211669922,100.72000122070312,103.36000061035156,100.0,103.36000061035156,559750
2010-03-25,70.39872741699219,99.68000030517578,102.68000030517578,98.95999908447266,101.72000122070312,529800
2010-03-26,72.03723907470703,102.0,102.08000183105469,99.4800033569336,100.23999786376953,397150
2010-03-29,73.1672134399414,103.5999984741211,104.36000061035156,102.63999938964844,103.4800033569336,233025
2010-03-30,72.3197250366211,102.4000015258789,104.12000274658203,101.95999908447266,104.08000183105469,136175
2010-03-31,72.65872955322266,102.87999725341797,103.91999816894531,102.4800033569336,103.44000244140625,191100
2010-04-01,75.08821105957031,106.31999969482422,106.36000061035156,104.44000244140625,105.0,402750
2010-04-05,77.15045166015625,109.23999786376953,109.31999969482422,107.19999694824219,107.55999755859375,374550
2010-04-06,77.34820556640625,109.5199966430664,110.36000061035156,108.95999908447266,109.44000244140625,397125
2010-04-07,78.5346908569336,111.19999694824219,112.19999694824219,109.80000305175781,109.80000305175781,795925
2010-04-08,78.78895568847656,111.55999755859375,111.72000122070312,110.12000274658203,111.19999694824219,340150
2010-04-09,79.94718933105469,113.19999694824219,114.0,111.95999908447266,112.44000244140625,548875
2010-04-12,78.9584732055664,111.80000305175781,114.08000183105469,111.44000244140625,113.12000274658203,462300
2010-04-13,78.30870819091797,110.87999725341797,111.5999984741211,108.95999908447266,111.5999984741211,328550
2010-04-14,79.83419036865234,113.04000091552734,113.5199966430664,111.55999755859375,112.5199966430664,311775
2010-04-15,79.32569885253906,112.31999969482422,113.68000030517578,111.91999816894531,112.80000305175781,215825
2010-04-16,76.95269775390625,108.95999908447266,111.31999969482422,106.80000305175781,110.72000122070312,684725
2010-04-19,76.5007095336914,108.31999969482422,108.5199966430664,106.5999984741211,107.87999725341797,398550
2010-04-20,77.5741958618164,109.83999633789062,111.16000366210938,109.5999984741211,110.19999694824219,259250
2010-04-21,78.28045654296875,110.83999633789062,111.12000274658203,109.44000244140625,110.5999984741211,341200
2010-04-22,78.50646209716797,111.16000366210938,111.16000366210938,108.5199966430664,109.23999786376953,249650
2010-04-23,80.62518310546875,114.16000366210938,114.16000366210938,109.68000030517578,110.83999633789062,432375
2010-04-26,79.80595397949219,113.0,114.5999984741211,112.80000305175781,113.83999633789062,347500
2010-04-27,79.35394287109375,112.36000061035156,114.27999877929688,110.5999984741211,111.63999938964844,600150
2010-04-28,81.1336898803711,114.87999725341797,115.44000244140625,111.76000213623047,113.12000274658203,805050
2010-04-29,81.92469024658203,116.0,116.80000305175781,114.5199966430664,115.12000274658203,442700
2010-04-30,82.43318939208984,116.72000122070312,118.5199966430664,116.5999984741211,116.91999816894531,726175
2010-05-03,81.7269515991211,115.72000122070312,118.5999984741211,115.0,117.80000305175781,450025
2010-05-04,77.9132080078125,110.31999969482422,115.31999969482422,107.91999816894531,114.95999908447266,1069850
2010-05-05,77.99796295166016,110.44000244140625,112.16000366210938,105.0,107.80000305175781,536950
2010-05-06,78.25220489501953,110.80000305175781,113.16000366210938,104.4000015258789,110.27999877929688,1029175
2010-05-07,76.7549819946289,108.68000030517578,111.83999633789062,107.63999938964844,111.08000183105469,702700
2010-05-10,79.86246490478516,113.08000183105469,113.5199966430664,110.4000015258789,111.12000274658203,382375
2010-05-11,85.42768096923828,120.95999908447266,121.12000274658203,114.55999755859375,115.08000183105469,989625
2010-05-12,86.4446792602539,122.4000015258789,125.12000274658203,122.08000183105469,123.44000244140625,972775
2010-05-13,84.41068267822266,119.5199966430664,122.95999908447266,118.4000015258789,122.44000244140625,485325
2010-05-14,83.5349349975586,118.27999877929688,121.31999969482422,114.08000183105469,121.08000183105469,824025
2010-05-17,81.1336898803711,114.87999725341797,118.72000122070312,112.80000305175781,118.31999969482422,577050
2010-05-18,79.46694946289062,112.5199966430664,115.4800033569336,111.87999725341797,113.44000244140625,449775
2010-05-19,75.45545959472656,106.83999633789062,111.12000274658203,103.4000015258789,110.72000122070312,1100900
2010-05-20,70.62472534179688,100.0,104.36000061035156,100.0,103.5199966430664,960050
2010-05-21,72.60222625732422,102.80000305175781,104.5199966430664,97.0,98.36000061035156,774575
2010-05-24,73.92996978759766,104.68000030517578,106.55999755859375,104.12000274658203,104.63999938964844,435000
2010-05-25,75.25770568847656,106.55999755859375,106.5999984741211,100.80000305175781,102.23999786376953,637225
2010-05-26,75.31421661376953,106.63999938964844,110.23999786376953,106.08000183105469,109.31999969482422,374000
2010-05-27,78.05445098876953,110.5199966430664,110.80000305175781,108.36000061035156,108.5999984741211,272975
2010-05-28,76.69845581054688,108.5999984741211,110.4000015258789,108.16000366210938,110.36000061035156,270150
2010-06-01,75.8509750366211,107.4000015258789,111.68000030517578,107.27999877929688,109.44000244140625,375200
2010-06-02,77.88495635986328,110.27999877929688,110.31999969482422,106.36000061035156,106.91999816894531,297400
2010-06-03,76.33120727539062,108.08000183105469,110.76000213623047,106.4800033569336,110.76000213623047,369075
2010-06-04,74.46672058105469,105.44000244140625,107.95999908447266,105.0,107.31999969482422,283275
2010-06-07,76.4442138671875,108.23999786376953,109.55999755859375,104.5199966430664,105.19999694824219,425375
2010-06-08,78.59119415283203,111.27999877929688,112.63999938964844,109.68000030517578,109.68000030517578,653425
2010-06-09,77.15045166015625,109.23999786376953,112.19999694824219,108.68000030517578,111.04000091552734,348675
2010-06-10,78.22396850585938,110.76000213623047,111.31999969482422,109.68000030517578,110.0,230525
2010-06-11,79.24095916748047,112.19999694824219,112.23999786376953,110.16000366210938,110.16000366210938,277825
2010-06-14,77.68720245361328,110.0,113.83999633789062,109.95999908447266,112.83999633789062,347025
2010-06-15,80.45569610595703,113.91999816894531,113.95999908447266,111.16000366210938,111.27999877929688,302950
2010-06-16,80.79468536376953,114.4000015258789,114.68000030517578,112.19999694824219,112.95999908447266,263525
2010-06-17,82.60269927978516,116.95999908447266,117.80000305175781,115.76000213623047,116.19999694824219,457700
2010-06-18,85.73843383789062,121.4000015258789,121.44000244140625,118.44000244140625,119.27999877929688,511500
2010-06-21,81.21845245361328,115.0,122.5999984741211,114.27999877929688,122.04000091552734,572275
2010-06-22,80.45569610595703,113.91999816894531,117.36000061035156,113.55999755859375,115.5999984741211,401000
2010-06-23,80.79468536376953,114.4000015258789,115.36000061035156,111.31999969482422,113.12000274658203,316475
2010-06-24,80.79468536376953,114.4000015258789,116.36000061035156,113.08000183105469,114.23999786376953,307275
2010-06-25,83.67617797851562,118.4800033569336,119.0,115.72000122070312,116.5199966430664,341075
2010-06-28,82.4614486694336,116.76000213623047,120.27999877929688,116.23999786376953,118.4000015258789,363925
2010-06-29,78.81719970703125,111.5999984741211,114.23999786376953,110.5999984741211,114.23999786376953,609150
2010-06-30,77.00920867919922,109.04000091552734,112.87999725341797,108.87999725341797,111.83999633789062,446525
2010-07-01,73.11073303222656,103.5199966430664,110.23999786376953,101.76000213623047,109.16000366210938,560550
2010-07-02,74.04296112060547,104.83999633789062,107.68000030517578,104.31999969482422,105.44000244140625,409450
2010-07-06,72.51748657226562,102.68000030517578,105.80000305175781,101.5999984741211,105.72000122070312,416600
2010-07-07,74.04296112060547,104.83999633789062,104.83999633789062,101.44000244140625,101.87999725341797,311625
2010-07-08,73.36498260498047,103.87999725341797,105.63999938964844,102.5199966430664,105.27999877929688,249475
2010-07-09,75.76622009277344,107.27999877929688,107.5999984741211,104.76000213623047,105.04000091552734,222850
2010-07-12,74.5797119140625,105.5999984741211,107.80000305175781,104.91999816894531,106.83999633789062,161000
2010-07-13,75.39897155761719,106.76000213623047,108.83999633789062,106.4800033569336,108.55999755859375,275200
2010-07-14,75.45545959472656,106.83999633789062,108.4000015258789,105.68000030517578,106.44000244140625,209800
2010-07-15,75.73796081542969,107.23999786376953,107.72000122070312,104.87999725341797,107.5999984741211,174300
2010-07-16,73.47798156738281,104.04000091552734,105.08000183105469,103.31999969482422,105.0,254725
2010-07-19,71.69822692871094,101.5199966430664,103.27999877929688,100.4000015258789,103.04000091552734,327975
2010-07-20,73.84520721435547,104.55999755859375,104.68000030517578,100.91999816894531,101.27999877929688,236575
2010-07-21,72.77173614501953,103.04000091552734,106.0,102.44000244140625,105.5999984741211,278325
2010-07-22,74.0994644165039,104.91999816894531,106.12000274658203,103.87999725341797,104.0,225725
2010-07-23,74.52320861816406,105.5199966430664,106.36000061035156,104.36000061035156,105.87999725341797,294900
2010-07-26,74.35372924804688,105.27999877929688,106.55999755859375,105.08000183105469,106.5199966430664,114850
2010-07-27,72.6304702758789,102.83999633789062,105.16000366210938,101.87999725341797,105.16000366210938,365975
2010-07-28,72.82821655273438,103.12000274658203,103.95999908447266,102.08000183105469,102.5199966430664,161700
2010-07-29,73.98648071289062,104.76000213623047,105.12000274658203,103.55999755859375,104.5199966430664,207175
2010-07-30,75.34246826171875,106.68000030517578,106.91999816894531,104.19999694824219,104.68000030517578,218350
2010-08-02,75.00346374511719,106.19999694824219,108.91999816894531,105.55999755859375,108.19999694824219,291525
2010-08-03,77.06570434570312,109.12000274658203,109.31999969482422,107.27999877929688,107.4000015258789,393350
2010-08-04,79.32569885253906,112.31999969482422,112.76000213623047,110.87999725341797,111.04000091552734,295500
2010-08-05,79.5799560546875,112.68000030517578,113.19999694824219,111.72000122070312,112.63999938964844,182000
2010-08-06,79.94718933105469,113.19999694824219,114.0,112.36000061035156,112.95999908447266,245725
2010-08-09,80.56869506835938,114.08000183105469,114.12000274658203,112.23999786376953,113.4800033569336,203050
2010-08-10,79.74945068359375,112.91999816894531,113.55999755859375,110.0,112.23999786376953,420075
2010-08-11,77.15045166015625,109.23999786376953,111.80000305175781,108.91999816894531,111.5999984741211,258075
2010-08-12,79.89069366455078,113.12000274658203,113.19999694824219,110.0,110.63999938964844,275350
2010-08-13,80.28620910644531,113.68000030517578,114.08000183105469,112.87999725341797,113.12000274658203,200450
2010-08-16,81.55744934082031,115.4800033569336,115.72000122070312,114.19999694824219,114.36000061035156,263900
2010-08-17,82.6591796875,117.04000091552734,117.63999938964844,115.87999725341797,115.91999816894531,200425
2010-08-18,84.18467712402344,119.19999694824219,119.27999877929688,115.19999694824219,116.76000213623047,283425
2010-08-19,83.5066909790039,118.23999786376953,119.91999816894531,117.19999694824219,119.19999694824219,321325
2010-08-20,83.11117553710938,117.68000030517578,117.68000030517578,114.80000305175781,116.95999908447266,235275
2010-08-23,82.03768920898438,116.16000366210938,118.19999694824219,115.76000213623047,118.0,164625
2010-08-24,80.79468536376953,114.4000015258789,115.5199966430664,112.23999786376953,113.27999877929688,325475
2010-08-25,83.67617797851562,118.4800033569336,118.5999984741211,114.80000305175781,115.5999984741211,242975
2010-08-26,84.15643310546875,119.16000366210938,120.4000015258789,118.5199966430664,118.68000030517578,273925
2010-08-27,85.59716796875,121.19999694824219,121.36000061035156,117.76000213623047,119.95999908447266,258900
2010-08-30,84.58018493652344,119.76000213623047,122.0,119.76000213623047,121.55999755859375,131875
2010-08-31,85.71017456054688,121.36000061035156,123.0,120.83999633789062,121.12000274658203,281325
2010-09-01,86.58592224121094,122.5999984741211,123.95999908447266,121.72000122070312,123.80000305175781,296675
2010-09-02,87.91368103027344,124.4800033569336,124.5999984741211,122.5199966430664,123.72000122070312,236900
2010-09-03,90.37139892578125,127.95999908447266,128.44000244140625,124.95999908447266,125.55999755859375,483925
2010-09-07,91.4166488647461,129.44000244140625,130.63999938964844,129.0399932861328,129.0399932861328,372200
2010-09-08,91.86865234375,130.0800018310547,132.1999969482422,130.0,130.75999450683594,466475
2010-09-09,89.52391815185547,126.76000213623047,131.1999969482422,126.04000091552734,130.39999389648438,394000
2010-09-10,90.87989044189453,128.67999267578125,128.8800048828125,126.04000091552734,126.4000015258789,231600
2010-09-13,91.24714660644531,129.1999969482422,129.9199981689453,127.87999725341797,129.52000427246094,250450
2010-09-14,94.66539001464844,134.0399932861328,135.83999633789062,131.0,132.0800018310547,676825
2010-09-15,94.04388427734375,133.16000366210938,134.9199981689453,132.72000122070312,134.0,392850
2010-09-16,95.71064758300781,135.52000427246094,135.52000427246094,134.0399932861328,134.60000610351562,387000
2010-09-17,95.2021484375,134.8000030517578,136.0,133.60000610351562,136.0,333825
2010-09-20,96.75587463378906,137.0,138.16000366210938,135.47999572753906,135.60000610351562,367925
2010-09-21,96.58638000488281,136.75999450683594,137.0800018310547,132.47999572753906,136.16000366210938,643775
2010-09-22,96.78413391113281,137.0399932861328,139.27999877929688,135.9199981689453,138.55999755859375,671400
2010-09-23,95.9366455078125,135.83999633789062,138.0,135.36000061035156,136.44000244140625,266675
2010-09-24,95.37163543701172,135.0399932861328,138.36000061035156,134.9199981689453,138.0,436050
2010-09-27,94.63714599609375,134.0,137.0800018310547,133.72000122070312,136.8000030517578,445950
2010-09-28,96.44513702392578,136.55999755859375,136.75999450683594,130.36000061035156,133.55999755859375,692150
2010-09-29,96.24739074707031,136.27999877929688,137.63999938964844,135.27999877929688,137.1999969482422,402475
2010-09-30,94.35466003417969,133.60000610351562,137.67999267578125,131.55999755859375,137.67999267578125,552550
2010-10-01,96.58638000488281,136.75999450683594,137.0399932861328,134.9199981689453,134.9600067138672,594275
2010-10-04,94.18515014648438,133.36000061035156,135.8800048828125,132.83999633789062,135.44000244140625,321100
2010-10-05,97.91412353515625,138.63999938964844,139.0800018310547,136.27999877929688,136.47999572753906,570725
2010-10-06,100.03288269042969,141.63999938964844,142.1199951171875,139.24000549316406,139.39999389648438,703125
2010-10-07,97.03837585449219,137.39999389648438,143.1999969482422,136.32000732421875,142.9600067138672,858325
2010-10-08,99.1288833618164,140.36000061035156,140.60000610351562,136.55999755859375,137.24000549316406,516925
2010-10-11,99.97637176513672,141.55999755859375,141.83999633789062,139.0,139.75999450683594,376925
2010-10-12,99.41136169433594,140.75999450683594,140.9600067138672,137.83999633789062,140.0,580400
2010-10-13,102.6883544921875,145.39999389648438,146.1199951171875,142.47999572753906,142.9600067138672,514900
2010-10-14,102.66011810302734,145.36000061035156,147.0800018310547,144.60000610351562,145.9199981689453,520875
2010-10-15,100.71086883544922,142.60000610351562,144.8000030517578,140.8800048828125,144.36000061035156,478700
2010-10-18,100.65435028076172,142.52000427246094,145.75999450683594,139.1999969482422,140.67999267578125,299250
2010-10-19,94.32640838623047,133.55999755859375,137.24000549316406,132.44000244140625,137.24000549316406,994700
2010-10-20,97.68814849853516,138.32000732421875,138.63999938964844,134.8000030517578,134.83999633789062,495200
2010-10-21,94.49588775634766,133.8000030517578,139.0399932861328,132.60000610351562,138.1199951171875,628950
2010-10-22,95.88013458251953,135.75999450683594,135.9600067138672,132.47999572753906,133.83999633789062,382200
2010-10-25,98.8746337890625,140.0,140.75999450683594,138.1999969482422,139.63999938964844,596900
2010-10-26,99.6656265258789,141.1199951171875,141.75999450683594,138.0800018310547,138.32000732421875,371400
2010-10-27,97.71637725830078,138.36000061035156,139.52000427246094,135.55999755859375,139.47999572753906,468450
2010-10-28,100.4283676147461,142.1999969482422,142.27999877929688,138.63999938964844,140.8800048828125,524100
2010-10-29,102.2081069946289,144.72000122070312,144.8800048828125,141.9199981689453,142.32000732421875,442550
2010-11-01,102.49060821533203,145.1199951171875,147.16000366210938,144.0800018310547,145.63999938964844,447850
2010-11-02,103.84661865234375,147.0399932861328,148.0,146.0,146.9600067138672,379250
2010-11-03,104.60935974121094,148.1199951171875,148.8800048828125,143.72000122070312,147.9199981689453,827475
2010-11-04,112.80182647705078,159.72000122070312,160.0,153.1999969482422,154.63999938964844,1335350
2010-11-05,114.44031524658203,162.0399932861328,164.24000549316406,158.44000244140625,159.1999969482422,1111225
2010-11-08,118.14103698730469,167.27999877929688,167.75999450683594,160.63999938964844,161.75999450683594,917525
2010-11-09,111.78482818603516,158.27999877929688,173.24000549316406,155.39999389648438,170.47999572753906,1715925
2010-11-10,114.58157348632812,162.24000549316406,162.60000610351562,154.60000610351562,160.1199951171875,1012575
2010-11-11,115.11832427978516,163.0,163.32000732421875,159.1999969482422,163.27999877929688,562175
2010-11-12,110.68307495117188,156.72000122070312,161.27999877929688,154.55999755859375,159.8000030517578,832975
2010-11-15,108.7621078491211,154.0,158.0,153.8000030517578,157.67999267578125,494300
2010-11-16,104.18561553955078,147.52000427246094,152.0,145.32000732421875,151.9600067138672,1489375
2010-11-17,106.86935424804688,151.32000732421875,153.1999969482422,147.72000122070312,148.0,677650
2010-11-18,109.66607666015625,155.27999877929688,157.32000732421875,154.8000030517578,155.75999450683594,731225
2010-11-19,110.5700912475586,156.55999755859375,156.67999267578125,152.0,154.36000061035156,475225
2010-11-22,112.5758285522461,159.39999389648438,159.55999755859375,155.32000732421875,155.75999450683594,497825
2010-11-23,111.58708190917969,158.0,159.0,156.39999389648438,158.27999877929688,557925
2010-11-24,111.98258209228516,158.55999755859375,159.60000610351562,157.27999877929688,159.1199951171875,308200
2010-11-26,109.8921127319336,155.60000610351562,156.27999877929688,154.0,154.44000244140625,178425
2010-11-29,111.24808502197266,157.52000427246094,157.83999633789062,152.44000244140625,155.0800018310547,404625
2010-11-30,114.27080535888672,161.8000030517578,163.27999877929688,157.60000610351562,158.27999877929688,723575
2010-12-01,116.58731842041016,165.0800018310547,165.72000122070312,162.39999389648438,164.32000732421875,620125
2010-12-02,118.28231048583984,167.47999572753906,169.44000244140625,166.0399932861328,166.0399932861328,579775
2010-12-03,121.36155700683594,171.83999633789062,172.0,168.44000244140625,169.0,697025
2010-12-06,124.13004302978516,175.75999450683594,175.8800048828125,172.1199951171875,172.1199951171875,755875
2010-12-07,119.72303771972656,169.52000427246094,179.44000244140625,169.27999877929688,179.24000549316406,1073050
2010-12-08,117.26530456542969,166.0399932861328,168.8000030517578,162.72000122070312,168.36000061035156,895750
2010-12-09,116.84156036376953,165.44000244140625,169.72000122070312,165.1999969482422,168.47999572753906,1253300
2010-12-10,117.40658569335938,166.24000549316406,166.44000244140625,161.55999755859375,164.72000122070312,861850
2010-12-13,118.79076385498047,168.1999969482422,170.8800048828125,167.75999450683594,170.0800018310547,782025
2010-12-14,119.24280548095703,168.83999633789062,171.1199951171875,167.0,169.39999389648438,642000
2010-12-15,116.07881927490234,164.36000061035156,168.24000549316406,163.9199981689453,168.0399932861328,560350
2010-12-16,115.03355407714844,162.8800048828125,164.24000549316406,160.8000030517578,164.0,778975
2010-12-17,118.11279296875,167.24000549316406,167.72000122070312,162.0,162.0,794800
2010-12-20,118.08455657958984,167.1999969482422,168.0800018310547,163.75999450683594,167.8800048828125,486425
2010-12-21,119.04505157470703,168.55999755859375,168.55999755859375,165.47999572753906,167.0800018310547,515475
2010-12-22,115.00530242919922,162.83999633789062,168.67999267578125,162.52000427246094,168.47999572753906,587600
2010-12-23,116.3111801147461,152.83999633789062,155.1199951171875,150.0800018310547,150.60000610351562,926175
2010-12-27,115.48932647705078,151.75999450683594,153.36000061035156,151.1999969482422,153.36000061035156,367575
2010-12-28,121.69904327392578,159.9199981689453,159.9600067138672,154.47999572753906,155.63999938964844,551325
2010-12-29,120.84675598144531,158.8000030517578,160.9600067138672,158.44000244140625,160.52000427246094,416025
2010-12-30,119.59870147705078,157.16000366210938,160.0399932861328,156.60000610351562,159.44000244140625,322775
2010-12-31,121.42510223388672,159.55999755859375,161.0399932861328,158.0800018310547,158.8000030517578,427125
2011-01-03,121.66863250732422,159.8800048828125,163.1999969482422,159.32000732421875,161.0399932861328,591050
2011-01-04,115.64151000976562,151.9600067138672,159.0800018310547,148.83999633789062,157.47999572753906,1332575
2011-01-05,114.66744232177734,150.67999267578125,151.44000244140625,147.0,150.24000549316406,900125
2011-01-06,109.94923400878906,144.47999572753906,150.72000122070312,144.47999572753906,150.67999267578125,829350
2011-01-07,110.13186645507812,144.72000122070312,147.1999969482422,143.0800018310547,144.72000122070312,711525
2011-01-10,111.71472930908203,146.8000030517578,147.27999877929688,142.83999633789062,144.9199981689453,587800
2011-01-11,115.2153549194336,151.39999389648438,151.83999633789062,148.47999572753906,149.16000366210938,798375
2011-01-12,115.45887756347656,151.72000122070312,153.0,150.0800018310547,152.36000061035156,596125
2011-01-13,110.95376586914062,145.8000030517578,152.52000427246094,145.0800018310547,151.8800048828125,681525
2011-01-14,108.51856231689453,142.60000610351562,144.72000122070312,141.44000244140625,143.75999450683594,847525
2011-01-18,110.22318267822266,144.83999633789062,146.1999969482422,143.47999572753906,143.75999450683594,491375
2011-01-19,108.85338592529297,143.0399932861328,146.8000030517578,142.27999877929688,146.63999938964844,450225
2011-01-20,105.23104095458984,138.27999877929688,139.47999572753906,134.75999450683594,139.27999877929688,1221875
2011-01-21,103.22200775146484,135.63999938964844,139.0,135.27999877929688,138.72000122070312,660075
2011-01-24,101.97396850585938,134.0,137.55999755859375,132.9199981689453,135.27999877929688,601050
2011-01-25,101.3956069946289,133.24000549316406,133.27999877929688,130.0399932861328,132.63999938964844,1256150
2011-01-26,106.14421844482422,139.47999572753906,139.9199981689453,132.47999572753906,133.0,1015625
2011-01-27,103.25244140625,135.67999267578125,139.8800048828125,134.8800048828125,139.55999755859375,883300
2011-01-28,105.4136734008789,138.52000427246094,140.83999633789062,134.39999389648438,134.52000427246094,1337375
2011-01-31,103.80035400390625,136.39999389648438,139.0399932861328,136.32000732421875,138.72000122070312,539750
2011-02-01,108.42723083496094,142.47999572753906,142.72000122070312,138.0800018310547,138.9600067138672,911800
2011-02-02,107.84886932373047,141.72000122070312,142.39999389648438,139.72000122070312,142.36000061035156,531150
2011-02-03,114.14996337890625,150.0,150.44000244140625,141.39999389648438,144.24000549316406,1097225
2011-02-04,114.21086120605469,150.0800018310547,152.1199951171875,148.67999267578125,151.27999877929688,727900
2011-02-07,114.24125671386719,150.1199951171875,152.32000732421875,149.55999755859375,150.67999267578125,385650
2011-02-08,116.49385070800781,153.0800018310547,154.0,151.32000732421875,152.24000549316406,811700
2011-02-09,113.11500549316406,148.63999938964844,153.8000030517578,147.9600067138672,153.39999389648438,914575
2011-02-10,112.11048126220703,147.32000732421875,148.27999877929688,143.44000244140625,146.60000610351562,689075
2011-02-11,111.2581558227539,146.1999969482422,149.55999755859375,146.0399932861328,147.27999877929688,523475
2011-02-14,113.60203552246094,149.27999877929688,149.67999267578125,147.60000610351562,147.60000610351562,384675
2011-02-15,115.48932647705078,151.75999450683594,152.55999755859375,151.0800018310547,151.60000610351562,449925
2011-02-16,117.16351318359375,153.9600067138672,154.24000549316406,150.39999389648438,152.32000732421875,708775
2011-02-17,117.74187469482422,154.72000122070312,155.36000061035156,153.63999938964844,154.75999450683594,710500
2011-02-18,118.68550872802734,155.9600067138672,157.63999938964844,154.8800048828125,154.8800048828125,745525
2011-02-22,115.88504028320312,152.27999877929688,158.8000030517578,151.83999633789062,158.8000030517578,955425
2011-02-23,116.4329605102539,153.0,154.52000427246094,151.1199951171875,152.0399932861328,868200
2011-02-24,112.01914978027344,147.1999969482422,153.39999389648438,146.9199981689453,152.60000610351562,931050
2011-02-25,115.24580383300781,151.44000244140625,151.47999572753906,148.39999389648438,148.39999389648438,456775
2011-02-28,117.1939697265625,154.0,154.9600067138672,151.67999267578125,152.1999969482422,395000
2011-03-01,120.48147583007812,158.32000732421875,158.67999267578125,155.1199951171875,155.8800048828125,835600
2011-03-02,120.8163070678711,158.75999450683594,159.72000122070312,157.60000610351562,159.52000427246094,623050
2011-03-03,119.20299530029297,156.63999938964844,157.47999572753906,154.39999389648438,156.9600067138672,960975
2011-03-04,121.6077651977539,159.8000030517578,160.24000549316406,157.16000366210938,157.16000366210938,452300
2011-03-07,120.72498321533203,158.63999938964844,163.16000366210938,156.75999450683594,162.24000549316406,533825
2011-03-08,119.05077362060547,156.44000244140625,157.32000732421875,153.39999389648438,157.16000366210938,361325
2011-03-09,117.22440338134766,154.0399932861328,158.0,153.63999938964844,157.9199981689453,451050
2011-03-10,111.2581558227539,146.1999969482422,151.27999877929688,145.44000244140625,151.27999877929688,1041600
2011-03-11,114.66744232177734,150.67999267578125,151.32000732421875,143.27999877929688,143.9600067138672,622175
2011-03-14,112.93234252929688,148.39999389648438,150.24000549316406,146.1199951171875,148.44000244140625,456525
2011-03-15,108.45765686035156,142.52000427246094,144.24000549316406,136.27999877929688,137.44000244140625,1225625
2011-03-16,106.63127136230469,140.1199951171875,145.55999755859375,138.55999755859375,143.47999572753906,707675
2011-03-17,108.54898071289062,142.63999938964844,143.9199981689453,141.16000366210938,141.9199981689453,604550
2011-03-18,112.32355499267578,147.60000610351562,148.8800048828125,145.0800018310547,146.1999969482422,909525
2011-03-21,116.34163665771484,152.8800048828125,152.9199981689453,150.1999969482422,151.39999389648438,519725
2011-03-22,115.88504028320312,152.27999877929688,152.9199981689453,150.36000061035156,151.55999755859375,405275
2011-03-23,119.84221649169922,157.47999572753906,158.44000244140625,152.39999389648438,153.27999877929688,671925
2011-03-24,118.95948028564453,156.32000732421875,160.8000030517578,155.67999267578125,158.75999450683594,1008375
2011-03-25,117.5592269897461,154.47999572753906,158.0399932861328,153.8000030517578,157.16000366210938,777600
2011-03-28,115.67195892333984,152.0,154.47999572753906,152.0,152.16000366210938,453475
2011-03-29,116.15901184082031,152.63999938964844,154.75999450683594,150.75999450683594,152.1999969482422,373775
2011-03-30,118.89860534667969,156.24000549316406,156.52000427246094,153.27999877929688,155.32000732421875,497225
2011-03-31,119.38563537597656,156.8800048828125,158.60000610351562,156.63999938964844,158.1999969482422,417175
2011-04-01,118.7159652709961,156.0,157.0399932861328,154.39999389648438,156.39999389648438,409525
2011-04-04,119.9335708618164,157.60000610351562,158.55999755859375,156.9600067138672,158.0,339925
2011-04-05,126.81300354003906,166.63999938964844,166.83999633789062,156.9600067138672,156.9600067138672,1095550
2011-04-06,126.5694580078125,166.32000732421875,169.9600067138672,165.83999633789062,168.47999572753906,940075
2011-04-07,126.84341430664062,166.67999267578125,169.44000244140625,164.8000030517578,165.9600067138672,701850
2011-04-08,128.91336059570312,169.39999389648438,171.8800048828125,168.16000366210938,169.36000061035156,926400
2011-04-11,123.98207092285156,162.9199981689453,170.0,161.0399932861328,169.72000122070312,743275
2011-04-12,120.05531311035156,157.75999450683594,162.8800048828125,156.44000244140625,162.1999969482422,812675
2011-04-13,121.27291870117188,159.36000061035156,161.55999755859375,157.8800048828125,159.8000030517578,613375
2011-04-14,124.803955078125,164.0,164.63999938964844,158.9199981689453,160.1199951171875,659375
2011-04-15,123.52547454833984,162.32000732421875,164.8000030517578,161.83999633789062,164.36000061035156,688500
2011-04-18,121.82083129882812,160.0800018310547,162.60000610351562,156.24000549316406,161.0800018310547,858775
2011-04-19,123.7994384765625,162.67999267578125,162.9199981689453,159.47999572753906,160.55999755859375,403550
2011-04-20,126.41727447509766,166.1199951171875,168.47999572753906,165.1999969482422,165.44000244140625,784050
2011-04-21,127.3913345336914,167.39999389648438,168.32000732421875,165.83999633789062,167.39999389648438,389375
2011-04-25,123.46459197998047,162.24000549316406,169.16000366210938,161.9600067138672,169.0800018310547,778225
2011-04-26,122.21653747558594,160.60000610351562,161.83999633789062,158.72000122070312,161.1199951171875,548625
2011-04-27,126.7216796875,166.52000427246094,166.72000122070312,158.1199951171875,161.67999267578125,801450
2011-04-28,126.50862121582031,166.24000549316406,169.60000610351562,165.0,166.83999633789062,850000
2011-04-29,126.78254699707031,166.60000610351562,168.27999877929688,164.32000732421875,166.36000061035156,681125
2011-05-02,120.968505859375,158.9600067138672,165.52000427246094,158.24000549316406,162.32000732421875,874025
2011-05-03,115.42845916748047,151.67999267578125,158.0,150.24000549316406,158.0,1382000
2011-05-04,115.48932647705078,151.75999450683594,153.36000061035156,148.0800018310547,152.44000244140625,1046725
2011-05-05,108.94469451904297,143.16000366210938,151.67999267578125,141.55999755859375,148.32000732421875,1285550
2011-05-06,112.20179748535156,147.44000244140625,150.52000427246094,146.1199951171875,146.60000610351562,805225
2011-05-09,114.75875091552734,150.8000030517578,151.0800018310547,146.9600067138672,149.67999267578125,606625
2011-05-10,114.3021469116211,150.1999969482422,152.32000732421875,149.55999755859375,150.9199981689453,595000
2011-05-11,109.03604125976562,143.27999877929688,149.83999633789062,141.67999267578125,148.8800048828125,1112575
2011-05-12,107.63579559326172,141.44000244140625,144.27999877929688,137.52000427246094,139.52000427246094,1168125
2011-05-13,105.59630584716797,138.75999450683594,143.55999755859375,137.39999389648438,142.16000366210938,677675
2011-05-16,105.62673950195312,138.8000030517578,142.39999389648438,137.32000732421875,138.0399932861328,607750
2011-05-17,104.9266357421875,137.8800048828125,139.0,134.0,136.9600067138672,887550
2011-05-18,107.72711181640625,141.55999755859375,142.44000244140625,138.8000030517578,139.39999389648438,629650
2011-05-19,107.97063446044922,141.8800048828125,143.36000061035156,139.83999633789062,142.0399932861328,394675
2011-05-20,110.04055786132812,144.60000610351562,145.27999877929688,139.0,141.39999389648438,1166450
2011-05-23,106.75303649902344,140.27999877929688,144.75999450683594,139.9600067138672,142.0399932861328,901975
2011-05-24,111.01463317871094,145.8800048828125,146.36000061035156,142.24000549316406,142.52000427246094,725000
2011-05-25,111.5321044921875,146.55999755859375,148.44000244140625,144.75999450683594,146.36000061035156,446275
2011-05-26,111.56256103515625,146.60000610351562,147.36000061035156,144.1199951171875,146.16000366210938,472000
2011-05-27,113.96733093261719,149.75999450683594,150.1999969482422,148.0399932861328,148.0399932861328,347675
2011-05-31,115.48932647705078,151.75999450683594,152.24000549316406,149.0399932861328,151.55999755859375,413400
2011-06-01,113.17589569091797,148.72000122070312,153.32000732421875,148.1999969482422,150.8800048828125,460750
2011-06-02,111.13640594482422,146.0399932861328,149.72000122070312,143.67999267578125,148.0399932861328,566675
2011-06-03,109.85791778564453,144.36000061035156,146.72000122070312,143.83999633789062,145.47999572753906,467150
2011-06-06,107.36182403564453,141.0800018310547,145.9199981689453,140.39999389648438,145.0800018310547,493225
2011-06-07,107.81842041015625,141.67999267578125,143.44000244140625,141.0800018310547,142.27999877929688,456200
2011-06-08,104.7439956665039,137.63999938964844,141.0800018310547,135.16000366210938,140.0,844975
2011-06-09,107.24008178710938,140.9199981689453,141.47999572753906,136.16000366210938,137.32000732421875,437825
2011-06-10,106.14421844482422,139.47999572753906,139.9600067138672,135.8800048828125,138.36000061035156,1076550
2011-06-13,101.57823944091797,133.47999572753906,138.1999969482422,133.0800018310547,138.1999969482422,884725
2011-06-14,104.31784057617188,137.0800018310547,138.0800018310547,134.52000427246094,135.0399932861328,463825
2011-06-15,102.6436538696289,134.8800048828125,138.27999877929688,133.1199951171875,135.75999450683594,659250
2011-06-16,99.2343521118164,130.39999389648438,134.75999450683594,128.60000610351562,133.72000122070312,854650
2011-06-17,99.35612487792969,130.55999755859375,134.0800018310547,129.8000030517578,131.1999969482422,739775
2011-06-20,99.35612487792969,130.55999755859375,131.24000549316406,129.27999877929688,130.16000366210938,553825
2011-06-21,103.46553039550781,135.9600067138672,136.63999938964844,131.47999572753906,131.8800048828125,647650
2011-06-22,105.50498962402344,138.63999938964844,141.44000244140625,136.55999755859375,136.55999755859375,787150
2011-06-23,103.7699203491211,136.36000061035156,136.39999389648438,131.9600067138672,134.27999877929688,680250
2011-06-24,100.4215316772461,131.9600067138672,136.0,131.63999938964844,135.8800048828125,633150
2011-06-27,98.2602767944336,129.1199951171875,131.1999969482422,128.24000549316406,130.8800048828125,618875
2011-06-28,100.23888397216797,131.72000122070312,131.9199981689453,128.8800048828125,130.1199951171875,443800
2011-06-29,103.4046401977539,135.8800048828125,136.36000061035156,132.60000610351562,132.60000610351562,703400
2011-06-30,104.95707702636719,137.9199981689453,138.0,135.52000427246094,136.72000122070312,576050
2011-07-01,103.22200775146484,135.63999938964844,136.0,133.60000610351562,135.44000244140625,519100
2011-07-05,107.30094909667969,141.0,141.9199981689453,137.75999450683594,138.27999877929688,741125
2011-07-06,109.91879272460938,144.44000244140625,145.16000366210938,142.47999572753906,143.0,782400
2011-07-07,110.49714660644531,145.1999969482422,147.32000732421875,144.8000030517578,146.16000366210938,586775
2011-07-08,110.8624267578125,145.67999267578125,146.8800048828125,144.44000244140625,145.27999877929688,445650
2011-07-11,108.06195831298828,142.0,145.63999938964844,140.55999755859375,145.1199951171875,681600
2011-07-12,110.46671295166016,145.16000366210938,146.16000366210938,140.0800018310547,140.83999633789062,1136700
2011-07-13,115.58063507080078,151.8800048828125,153.1999969482422,147.9600067138672,148.47999572753906,1497950
2011-07-14,114.48481750488281,150.44000244140625,154.8800048828125,149.1999969482422,154.32000732421875,1288350
2011-07-15,115.7937240600586,152.16000366210938,152.63999938964844,149.72000122070312,150.63999938964844,555350
2011-07-18,118.92904663085938,156.27999877929688,156.47999572753906,153.83999633789062,154.47999572753906,918525
2011-07-19,114.91094970703125,151.0,157.0,151.0,156.9199981689453,740175
2011-07-20,117.01132202148438,153.75999450683594,154.32000732421875,149.39999389648438,150.9199981689453,560400
2011-07-21,115.7937240600586,152.16000366210938,155.32000732421875,150.75999450683594,154.67999267578125,596200
2011-07-22,117.74187469482422,154.72000122070312,155.8800048828125,153.39999389648438,153.83999633789062,440675
2011-07-25,117.25484466552734,154.0800018310547,158.0,153.44000244140625,157.0,564650
2011-07-26,117.07218170166016,153.83999633789062,154.67999267578125,152.60000610351562,153.8000030517578,364700
2011-07-27,112.01914978027344,147.1999969482422,155.9199981689453,146.72000122070312,154.63999938964844,862150
2011-07-28,110.83199310302734,145.63999938964844,146.72000122070312,143.36000061035156,146.44000244140625,854500
2011-07-29,109.73613739013672,144.1999969482422,145.32000732421875,142.39999389648438,144.75999450683594,904825
2011-08-01,110.67977905273438,145.44000244140625,146.8800048828125,143.83999633789062,144.8000030517578,589150
2011-08-02,113.29763793945312,148.8800048828125,150.36000061035156,146.44000244140625,147.1199951171875,911125
2011-08-03,113.20630645751953,148.75999450683594,152.83999633789062,148.1999969482422,151.1199951171875,751225
2011-08-04,105.20059204101562,138.24000549316406,149.72000122070312,134.83999633789062,149.63999938964844,1680975
2011-08-05,99.63007354736328,130.9199981689453,138.44000244140625,126.4800033569336,137.24000549316406,1799700
2011-08-08,100.11711883544922,131.55999755859375,135.16000366210938,129.0,131.8800048828125,2146125
2011-08-09,103.28287506103516,135.72000122070312,136.39999389648438,128.83999633789062,132.1199951171875,1663975
2011-08-10,107.72711181640625,141.55999755859375,143.24000549316406,134.0,135.16000366210938,1501600
2011-08-11,109.06649017333984,143.32000732421875,144.39999389648438,139.16000366210938,140.0399932861328,1251725
2011-08-12,106.53996276855469,140.0,142.24000549316406,138.1199951171875,141.67999267578125,679575
2011-08-15,109.6752700805664,144.1199951171875,144.32000732421875,139.16000366210938,139.72000122070312,533750
2011-08-16,109.27954864501953,143.60000610351562,145.47999572753906,142.72000122070312,144.1199951171875,653500
2011-08-17,109.27954864501953,143.60000610351562,146.8800048828125,142.52000427246094,145.0,494750
2011-08-18,105.6876449584961,138.8800048828125,143.1999969482422,137.39999389648438,142.36000061035156,709450
2011-08-19,107.14876556396484,140.8000030517578,144.39999389648438,140.47999572753906,141.24000549316406,522275
2011-08-22,111.59298706054688,146.63999938964844,148.24000549316406,142.9600067138672,144.39999389648438,1169475
2011-08-23,108.6707534790039,142.8000030517578,147.0800018310547,141.36000061035156,145.0800018310547,898000
2011-08-24,104.25695037841797,137.0,142.0800018310547,135.0399932861328,142.0399932861328,897925
2011-08-25,105.7485122680664,138.9600067138672,142.1199951171875,135.39999389648438,136.0399932861328,1224475
2011-08-26,109.30999755859375,143.63999938964844,143.83999633789062,137.32000732421875,140.0800018310547,572500
2011-08-29,109.73613739013672,144.1999969482422,145.67999267578125,141.44000244140625,145.1999969482422,728525
2011-08-30,113.72381591796875,149.44000244140625,150.83999633789062,145.55999755859375,145.83999633789062,710400
2011-08-31,113.57162475585938,149.24000549316406,150.8000030517578,147.55999755859375,150.1999969482422,673350
2011-09-01,113.51071166992188,149.16000366210938,150.1999969482422,146.75999450683594,148.32000732421875,448175
2011-09-02,116.52427673339844,153.1199951171875,154.36000061035156,150.52000427246094,150.52000427246094,1052875
2011-09-06,115.24580383300781,151.44000244140625,155.9600067138672,149.32000732421875,154.0800018310547,973275
2011-09-07,116.03722381591797,152.47999572753906,152.72000122070312,146.9600067138672,147.55999755859375,689875
2011-09-08,119.26386260986328,156.72000122070312,156.9199981689453,154.67999267578125,155.16000366210938,965175
2011-09-09,116.49385070800781,153.0800018310547,156.47999572753906,151.1199951171875,154.0399932861328,1220425
2011-09-12,112.35399627685547,147.63999938964844,151.0399932861328,144.0399932861328,149.55999755859375,1234775
2011-09-13,112.20179748535156,147.44000244140625,149.16000366210938,146.1199951171875,148.9600067138672,685100
2011-09-14,109.30999755859375,143.63999938964844,147.0399932861328,143.1999969482422,147.0399932861328,762850
2011-09-15,108.64030456542969,142.75999450683594,143.39999389648438,138.39999389648438,143.24000549316406,826875
2011-09-16,111.44081115722656,146.44000244140625,146.8800048828125,142.44000244140625,143.72000122070312,793425
2011-09-19,108.27503204345703,142.27999877929688,146.32000732421875,140.0,146.32000732421875,957650
2011-09-20,110.52759552001953,145.24000549316406,148.27999877929688,141.36000061035156,142.60000610351562,950175
2011-09-21,106.84434509277344,140.39999389648438,147.0,140.0399932861328,145.39999389648438,756900
2011-09-22,96.46432495117188,126.76000213623047,131.9600067138672,124.16000366210938,131.75999450683594,1616650
2011-09-23,90.37632751464844,118.76000213623047,124.36000061035156,114.80000305175781,120.80000305175781,1192500
2011-09-26,89.67619323730469,117.83999633789062,118.31999969482422,112.76000213623047,117.16000366210938,1689350
2011-09-27,91.53303527832031,120.27999877929688,125.68000030517578,119.87999725341797,124.31999969482422,1112125
2011-09-28,86.08428192138672,113.12000274658203,121.31999969482422,112.76000213623047,120.76000213623047,982875
2011-09-29,85.41459655761719,112.23999786376953,117.4000015258789,110.5199966430664,115.91999816894531,909925
2011-09-30,85.68856811523438,112.5999984741211,115.27999877929688,109.76000213623047,111.0,723875
2011-10-03,83.86217498779297,110.19999694824219,115.72000122070312,110.0,114.91999816894531,864800
2011-10-04,81.67049407958984,107.31999969482422,108.80000305175781,100.87999725341797,108.4000015258789,1408300
2011-10-05,85.90162658691406,112.87999725341797,113.4000015258789,105.63999938964844,107.27999877929688,910225
2011-10-06,89.91973114013672,118.16000366210938,118.4800033569336,113.0,113.0,813700
2011-10-07,88.42816925048828,116.19999694824219,120.83999633789062,113.4800033569336,118.91999816894531,670600
2011-10-10,94.05956268310547,123.5999984741211,123.63999938964844,118.80000305175781,119.31999969482422,673000
2011-10-11,93.3290023803711,122.63999938964844,122.80000305175781,119.36000061035156,120.08000183105469,465600
2011-10-12,94.36396026611328,124.0,126.36000061035156,123.83999633789062,124.44000244140625,569225
2011-10-13,92.8724136352539,122.04000091552734,123.4000015258789,118.72000122070312,123.19999694824219,499175
2011-10-14,94.4857406616211,124.16000366210938,126.12000274658203,122.5199966430664,124.23999786376953,602425
2011-10-17,90.3154525756836,118.68000030517578,124.4800033569336,118.4000015258789,124.08000183105469,508450
2011-10-18,92.75064849853516,121.87999725341797,122.80000305175781,113.4000015258789,117.12000274658203,765325
2011-10-19,86.32781982421875,113.44000244140625,122.0,113.04000091552734,122.0,663175
2011-10-20,85.81033325195312,112.76000213623047,115.16000366210938,110.63999938964844,113.4800033569336,822250
2011-10-21,87.24099731445312,114.63999938964844,117.19999694824219,113.76000213623047,115.68000030517578,479325
2011-10-24,92.44624328613281,121.4800033569336,121.68000030517578,116.55999755859375,116.55999755859375,733100
2011-10-25,94.60749053955078,124.31999969482422,125.83999633789062,117.72000122070312,120.91999816894531,1279125
2011-10-26,96.2512435913086,126.4800033569336,127.4000015258789,123.31999969482422,125.44000244140625,855475
2011-10-27,98.74732208251953,129.75999450683594,130.63999938964844,127.16000366210938,129.0800018310547,874000
2011-10-28,98.656005859375,129.63999938964844,131.24000549316406,127.4800033569336,127.80000305175781,579125
2011-10-31,94.75968170166016,124.5199966430664,127.44000244140625,123.87999725341797,126.12000274658203,603075
2011-11-01,93.6638412475586,123.08000183105469,124.5199966430664,116.4000015258789,118.80000305175781,1048025
2011-11-02,95.58155822753906,125.5999984741211,127.63999938964844,123.36000061035156,125.80000305175781,734125
2011-11-03,98.9299545288086,130.0,130.36000061035156,124.63999938964844,128.32000732421875,782125
2011-11-04,97.98632049560547,128.75999450683594,129.44000244140625,125.55999755859375,128.44000244140625,463700
2011-11-07,101.30426788330078,133.1199951171875,133.39999389648438,129.36000061035156,129.8000030517578,905000
2011-11-08,100.36064147949219,131.8800048828125,133.8800048828125,131.1199951171875,132.8000030517578,802700
2011-11-09,95.70332336425781,125.76000213623047,132.1999969482422,125.23999786376953,129.83999633789062,945175
2011-11-10,96.2208023071289,126.44000244140625,128.0,122.12000274658203,127.68000030517578,814800
2011-11-11,98.44292449951172,129.36000061035156,130.44000244140625,126.95999908447266,127.5199966430664,426325
2011-11-14,97.10356140136719,127.5999984741211,129.1999969482422,126.19999694824219,128.83999633789062,415675
2011-11-15,96.49476623535156,126.80000305175781,128.47999572753906,125.12000274658203,126.91999816894531,568350
2011-11-16,94.6683578491211,124.4000015258789,127.63999938964844,123.80000305175781,125.80000305175781,804675
2011-11-17,89.91973114013672,118.16000366210938,124.55999755859375,117.12000274658203,123.4000015258789,1042200
2011-11-18,89.00652313232422,116.95999908447266,119.4800033569336,115.5199966430664,119.08000183105469,721400
2011-11-21,84.62315368652344,111.19999694824219,114.16000366210938,109.16000366210938,114.12000274658203,1051100
2011-11-22,86.02339935302734,113.04000091552734,115.0,111.87999725341797,112.83999633789062,782000
2011-11-23,82.97940826416016,109.04000091552734,111.95999908447266,107.0,111.95999908447266,754225
2011-11-25,82.09664154052734,107.87999725341797,110.4000015258789,107.44000244140625,107.83999633789062,281625
2011-11-28,85.38417053222656,112.19999694824219,114.80000305175781,111.44000244140625,113.55999755859375,530125
2011-11-29,85.41459655761719,112.23999786376953,115.19999694824219,111.5199966430664,112.27999877929688,521575
2011-11-30,91.44172668457031,120.16000366210938,120.5199966430664,117.0,117.31999969482422,739400
2011-12-01,91.50259399414062,120.23999786376953,122.27999877929688,119.16000366210938,119.91999816894531,609425
2011-12-02,90.25457000732422,118.5999984741211,123.04000091552734,118.27999877929688,122.44000244140625,546950
2011-12-05,90.3154525756836,118.68000030517578,121.72000122070312,117.5999984741211,119.4000015258789,485300
2011-12-06,91.53303527832031,120.27999877929688,120.83999633789062,116.08000183105469,118.0,459425
2011-12-07,90.95468139648438,119.5199966430664,120.80000305175781,118.08000183105469,120.5199966430664,429625
2011-12-08,86.75397491455078,114.0,117.83999633789062,113.5199966430664,117.44000244140625,742800
2011-12-09,88.24552154541016,115.95999908447266,116.36000061035156,114.08000183105469,114.87999725341797,376550
2011-12-12,84.28833770751953,110.76000213623047,112.08000183105469,109.76000213623047,112.08000183105469,886300
2011-12-13,80.05715942382812,105.19999694824219,112.4800033569336,105.0,110.76000213623047,942875
2011-12-14,76.8305435180664,100.95999908447266,104.12000274658203,99.19999694824219,103.19999694824219,1571275
2011-12-15,75.0041275024414,98.55999755859375,103.19999694824219,98.19999694824219,102.5999984741211,1583050
2011-12-16,77.98724365234375,102.4800033569336,103.76000213623047,100.91999816894531,101.27999877929688,1175150
2011-12-19,75.6129379272461,99.36000061035156,103.0,99.36000061035156,102.63999938964844,957025
2011-12-20,81.30520629882812,106.83999633789062,107.55999755859375,102.0,102.04000091552734,1030675
2011-12-21,80.78773498535156,106.16000366210938,107.5199966430664,105.04000091552734,106.27999877929688,611250
2011-12-22,77.40888977050781,101.72000122070312,104.80000305175781,101.27999877929688,104.76000213623047,580450
2011-12-23,78.92174530029297,97.23999786376953,98.80000305175781,96.5999984741211,97.0,911550
2011-12-27,78.01274108886719,96.12000274658203,97.95999908447266,95.4800033569336,96.68000030517578,477375
2011-12-28,74.70133209228516,92.04000091552734,96.68000030517578,91.80000305175781,96.68000030517578,735975
2011-12-29,77.55821990966797,95.55999755859375,96.08000183105469,90.31999969482422,91.12000274658203,933475
2011-12-30,80.18788146972656,98.80000305175781,99.68000030517578,96.83999633789062,97.19999694824219,818725
2012-01-03,84.66799926757812,104.31999969482422,105.0,101.68000030517578,102.08000183105469,860975
2012-01-04,84.66799926757812,104.31999969482422,105.44000244140625,103.12000274658203,103.12000274658203,623875
2012-01-05,84.11610412597656,103.63999938964844,104.4800033569336,100.19999694824219,103.08000183105469,593125
2012-01-06,83.17462921142578,102.4800033569336,104.91999816894531,102.4000015258789,104.44000244140625,370425
2012-01-09,84.2459487915039,103.80000305175781,104.72000122070312,102.68000030517578,103.5199966430664,702300
2012-01-10,86.161376953125,106.16000366210938,107.16000366210938,106.04000091552734,106.87999725341797,777525
2012-01-11,86.3561782836914,106.4000015258789,106.91999816894531,105.0,106.4800033569336,612500
2012-01-12,86.90806579589844,107.08000183105469,108.31999969482422,105.91999816894531,106.80000305175781,481800
2012-01-13,85.6094741821289,105.4800033569336,105.83999633789062,103.36000061035156,104.91999816894531,344250
2012-01-17,85.57701873779297,105.44000244140625,108.55999755859375,105.0,107.68000030517578,545350
2012-01-18,87.78462219238281,108.16000366210938,108.19999694824219,105.31999969482422,105.55999755859375,457025
2012-01-19,86.68081665039062,106.80000305175781,108.76000213623047,105.80000305175781,108.0,452875
2012-01-20,88.17418670654297,108.63999938964844,108.68000030517578,105.91999816894531,106.27999877929688,582300
2012-01-23,88.9208755493164,109.55999755859375,112.04000091552734,109.04000091552734,109.68000030517578,797375
2012-01-24,87.36256408691406,107.63999938964844,108.5999984741211,107.0,108.4000015258789,447000
2012-01-25,94.01782989501953,115.83999633789062,116.08000183105469,106.5999984741211,106.80000305175781,1239750
2012-01-26,95.28396606445312,117.4000015258789,119.95999908447266,116.4800033569336,117.5999984741211,1211900
2012-01-27,96.8747329711914,119.36000061035156,120.12000274658203,116.83999633789062,117.16000366210938,829625
2012-01-30,96.0955810546875,118.4000015258789,118.83999633789062,116.5999984741211,117.5999984741211,675300
2012-01-31,96.2579116821289,118.5999984741211,121.16000366210938,117.16000366210938,120.27999877929688,782900
2012-02-01,96.744873046875,119.19999694824219,120.5199966430664,118.76000213623047,120.4000015258789,574625
2012-02-02,98.01100158691406,120.76000213623047,122.19999694824219,119.31999969482422,119.95999908447266,743800
2012-02-03,96.1280517578125,118.44000244140625,120.12000274658203,118.0,119.12000274658203,795400
2012-02-06,94.79700469970703,116.80000305175781,118.23999786376953,115.80000305175781,117.44000244140625,698500
2012-02-07,94.79700469970703,116.80000305175781,118.44000244140625,114.5999984741211,116.16000366210938,607050
2012-02-08,93.20622253417969,114.83999633789062,118.27999877929688,114.44000244140625,116.95999908447266,603725
2012-02-09,92.49198913574219,113.95999908447266,117.44000244140625,113.63999938964844,116.55999755859375,651775
2012-02-10,90.7713623046875,111.83999633789062,112.55999755859375,110.31999969482422,111.31999969482422,695675
2012-02-13,90.96614837646484,112.08000183105469,113.36000061035156,111.63999938964844,113.31999969482422,503700
2012-02-14,89.76496124267578,110.5999984741211,112.12000274658203,109.5999984741211,111.87999725341797,437050
2012-02-15,89.63509368896484,110.44000244140625,112.87999725341797,110.04000091552734,112.4000015258789,636900
2012-02-16,91.55052947998047,112.80000305175781,112.87999725341797,108.63999938964844,109.08000183105469,770675
2012-02-17,90.38179016113281,111.36000061035156,113.95999908447266,110.5199966430664,113.5199966430664,406825
2012-02-21,93.66073608398438,115.4000015258789,115.68000030517578,113.31999969482422,113.44000244140625,657400
2012-02-22,95.67353820800781,117.87999725341797,118.44000244140625,114.36000061035156,115.0,818800
2012-02-23,95.9981918334961,118.27999877929688,119.55999755859375,117.12000274658203,118.5999984741211,821700
2012-02-24,95.478759765625,117.63999938964844,118.76000213623047,116.23999786376953,118.4800033569336,646975
2012-02-27,94.147705078125,116.0,118.0,115.72000122070312,116.95999908447266,603625
2012-02-28,95.5436782836914,117.72000122070312,118.31999969482422,116.5199966430664,117.44000244140625,621600
2012-02-29,90.64148712158203,111.68000030517578,119.0,110.63999938964844,118.27999877929688,1343600
2012-03-01,91.90763854980469,113.23999786376953,114.23999786376953,111.76000213623047,112.80000305175781,687900
2012-03-02,89.95975494384766,110.83999633789062,112.83999633789062,110.63999938964844,112.4800033569336,510975
2012-03-05,86.45355224609375,106.5199966430664,110.36000061035156,106.23999786376953,110.23999786376953,855075
2012-03-06,83.95377349853516,103.44000244140625,103.63999938964844,100.5999984741211,103.4000015258789,1433500
2012-03-07,85.4146957397461,105.23999786376953,106.08000183105469,102.91999816894531,103.5999984741211,495375
2012-03-08,87.58982849121094,107.91999816894531,108.44000244140625,105.83999633789062,106.4000015258789,421875
2012-03-09,86.68081665039062,106.80000305175781,109.36000061035156,106.0,106.63999938964844,560000
2012-03-12,86.12891387939453,106.12000274658203,107.19999694824219,104.91999816894531,106.36000061035156,445700
2012-03-13,85.83673858642578,105.76000213623047,107.76000213623047,105.4000015258789,106.16000366210938,715900
2012-03-14,81.5838623046875,100.5199966430664,103.5999984741211,100.12000274658203,103.44000244140625,940500
2012-03-15,82.75257110595703,101.95999908447266,102.76000213623047,100.63999938964844,100.72000122070312,652225
2012-03-16,82.0708236694336,101.12000274658203,102.36000061035156,100.91999816894531,101.4000015258789,544625
2012-03-19,80.77222442626953,99.5199966430664,101.80000305175781,99.4000015258789,100.76000213623047,649200
2012-03-20,80.54498291015625,99.23999786376953,99.36000061035156,96.5999984741211,98.36000061035156,788900
2012-03-21,79.73335266113281,98.23999786376953,100.4000015258789,98.19999694824219,99.55999755859375,630925
2012-03-22,77.91532135009766,96.0,97.0,95.5999984741211,96.36000061035156,698700
2012-03-23,80.02555084228516,98.5999984741211,99.27999877929688,96.5199966430664,97.08000183105469,834525
2012-03-26,83.46681213378906,102.83999633789062,102.83999633789062,100.80000305175781,100.95999908447266,1229125
2012-03-27,80.80470275878906,99.55999755859375,103.16000366210938,99.4000015258789,103.08000183105469,859875
2012-03-28,77.88288116455078,95.95999908447266,99.16000366210938,95.04000091552734,98.4800033569336,846300
2012-03-29,78.4023208618164,96.5999984741211,96.91999816894531,93.5199966430664,95.72000122070312,652225
2012-03-30,79.70088958740234,98.19999694824219,99.04000091552734,96.4000015258789,99.04000091552734,778975
2012-04-02,81.03195190429688,99.83999633789062,100.55999755859375,97.68000030517578,98.08000183105469,641275
2012-04-03,77.36344146728516,95.31999969482422,100.04000091552734,94.0,100.04000091552734,979425
2012-04-04,74.11695861816406,91.31999969482422,93.0,89.55999755859375,92.91999816894531,1548725
2012-04-05,72.94822692871094,89.87999725341797,92.63999938964844,89.72000122070312,92.0,876550
2012-04-09,72.2340087890625,89.0,91.83999633789062,88.95999908447266,91.04000091552734,838025
2012-04-10,74.47408294677734,91.76000213623047,91.91999816894531,88.04000091552734,89.19999694824219,1340850
2012-04-11,73.59752655029297,90.68000030517578,92.91999816894531,90.55999755859375,91.80000305175781,603350
2012-04-12,77.00633239746094,94.87999725341797,95.4000015258789,91.04000091552734,91.12000274658203,1137675
2012-04-13,74.83118438720703,92.19999694824219,94.72000122070312,91.83999633789062,93.87999725341797,750375
2012-04-16,73.40274810791016,90.44000244140625,93.63999938964844,90.04000091552734,92.12000274658203,737550
2012-04-17,74.44161224365234,91.72000122070312,92.76000213623047,90.72000122070312,91.31999969482422,729000
2012-04-18,73.59752655029297,90.68000030517578,92.12000274658203,89.76000213623047,90.76000213623047,739800
2012-04-19,72.91575622558594,89.83999633789062,92.5199966430664,89.5199966430664,91.68000030517578,603675
2012-04-20,72.72097778320312,89.5999984741211,91.63999938964844,89.4800033569336,90.27999877929688,479300
2012-04-23,70.83802795410156,87.27999877929688,88.19999694824219,86.08000183105469,88.04000091552734,705875
2012-04-24,70.3835220336914,86.72000122070312,88.80000305175781,86.44000244140625,87.95999908447266,571250
2012-04-25,72.81838989257812,89.72000122070312,89.87999725341797,86.12000274658203,88.16000366210938,1112775
2012-04-26,74.08448791503906,91.27999877929688,91.68000030517578,89.5199966430664,89.80000305175781,646825
2012-04-27,75.4155502319336,92.91999816894531,94.0,92.44000244140625,92.4800033569336,775925
2012-04-30,75.64281463623047,93.19999694824219,93.55999755859375,91.63999938964844,92.16000366210938,628700
2012-05-01,75.87007141113281,93.4800033569336,95.72000122070312,92.5999984741211,92.5999984741211,1110075
2012-05-02,74.96104431152344,92.36000061035156,93.08000183105469,91.4800033569336,92.4000015258789,537800
2012-05-03,72.39633178710938,89.19999694824219,91.76000213623047,87.27999877929688,90.87999725341797,938100
2012-05-04,71.32499694824219,87.87999725341797,90.19999694824219,87.72000122070312,89.76000213623047,699825
2012-05-07,69.31218719482422,85.4000015258789,88.31999969482422,84.63999938964844,88.19999694824219,1029000
2012-05-08,66.22804260253906,81.5999984741211,83.5999984741211,79.87999725341797,83.4800033569336,1734725
2012-05-09,66.61762237548828,82.08000183105469,84.87999725341797,78.4800033569336,79.55999755859375,2182650
2012-05-10,67.39675903320312,83.04000091552734,85.36000061035156,82.55999755859375,83.5199966430664,811300
2012-05-11,65.7735366821289,81.04000091552734,83.31999969482422,80.80000305175781,81.76000213623047,736800
2012-05-14,62.981563568115234,77.5999984741211,80.76000213623047,77.08000183105469,78.4000015258789,1476150
2012-05-15,58.53389358520508,72.12000274658203,78.31999969482422,71.5199966430664,77.08000183105469,2246250
2012-05-16,58.04691696166992,71.5199966430664,73.63999938964844,69.4800033569336,72.0,2579575
2012-05-17,60.351905822753906,74.36000061035156,76.83999633789062,72.23999786376953,73.23999786376953,2156675
2012-05-18,60.51423645019531,74.55999755859375,78.16000366210938,74.0,76.72000122070312,1579125
2012-05-21,62.981563568115234,77.5999984741211,77.80000305175781,74.4800033569336,74.4800033569336,835375
2012-05-22,60.189598083496094,74.16000366210938,77.31999969482422,73.68000030517578,77.12000274658203,1306650
2012-05-23,62.949092864990234,77.55999755859375,77.76000213623047,70.95999908447266,73.4000015258789,1759575
2012-05-24,63.306217193603516,78.0,79.12000274658203,76.44000244140625,78.36000061035156,1170175
2012-05-25,65.02685546875,80.12000274658203,80.36000061035156,77.80000305175781,78.31999969482422,1157600
2012-05-29,64.60481262207031,79.5999984741211,82.31999969482422,78.72000122070312,81.4800033569336,1305800
2012-05-30,63.565940856933594,78.31999969482422,79.4800033569336,76.0,78.31999969482422,1324250
2012-05-31,62.72185134887695,77.27999877929688,79.63999938964844,75.87999725341797,78.4800033569336,960850
2012-06-01,67.0721206665039,82.63999938964844,82.95999908447266,78.83999633789062,78.87999725341797,2447050
2012-06-04,67.4292221069336,83.08000183105469,83.31999969482422,81.04000091552734,83.23999786376953,1155525
2012-06-05,69.27972412109375,85.36000061035156,85.5999984741211,83.27999877929688,83.27999877929688,1312275
2012-06-06,70.18873596191406,86.4800033569336,88.72000122070312,84.80000305175781,87.55999755859375,1601125
2012-06-07,67.68894958496094,83.4000015258789,87.4000015258789,82.19999694824219,87.23999786376953,1444075
2012-06-08,67.88373565673828,83.63999938964844,84.12000274658203,81.4000015258789,82.19999694824219,576050
2012-06-11,66.16310119628906,81.5199966430664,84.72000122070312,81.4000015258789,84.44000244140625,786850
2012-06-12,68.50056457519531,84.4000015258789,84.44000244140625,82.08000183105469,82.4000015258789,1122375
2012-06-13,67.4941635131836,83.16000366210938,85.91999816894531,83.04000091552734,84.91999816894531,933350
2012-06-14,67.23444366455078,82.83999633789062,84.19999694824219,82.12000274658203,83.63999938964844,560850
2012-06-15,66.65007781982422,82.12000274658203,83.0,81.76000213623047,82.31999969482422,803550
2012-06-18,68.59796905517578,84.5199966430664,85.36000061035156,81.31999969482422,81.31999969482422,745000
2012-06-19,68.69535064697266,84.63999938964844,85.95999908447266,84.19999694824219,85.68000030517578,648450
2012-06-20,68.01359558105469,83.80000305175781,85.95999908447266,81.55999755859375,82.95999908447266,1219550
2012-06-21,62.75430679321289,77.31999969482422,81.87999725341797,77.19999694824219,81.44000244140625,1738100
2012-06-22,63.176353454589844,77.83999633789062,78.68000030517578,76.36000061035156,77.0,763350
2012-06-25,62.591983795166016,77.12000274658203,78.16000366210938,76.4000015258789,76.5199966430664,776525
2012-06-26,61.6829833984375,76.0,77.36000061035156,75.0,77.36000061035156,727625
2012-06-27,61.455726623535156,75.72000122070312,77.08000183105469,74.95999908447266,76.68000030517578,519150
2012-06-28,59.05332946777344,72.76000213623047,75.36000061035156,72.0,74.95999908447266,916375
2012-06-29,62.36471939086914,76.83999633789062,77.19999694824219,76.04000091552734,76.83999633789062,720875
2012-07-02,62.10502624511719,76.5199966430664,77.27999877929688,76.08000183105469,76.63999938964844,295350
2012-07-03,65.25408935546875,80.4000015258789,80.5199966430664,78.04000091552734,78.55999755859375,641725
2012-07-05,64.60481262207031,79.5999984741211,80.83999633789062,79.19999694824219,79.44000244140625,835100
2012-07-06,62.65690612792969,77.19999694824219,77.83999633789062,76.4000015258789,77.04000091552734,858575
2012-07-09,62.39719772338867,76.87999725341797,77.31999969482422,76.04000091552734,76.68000030517578,424600
2012-07-10,59.864959716796875,73.76000213623047,77.95999908447266,73.4000015258789,77.76000213623047,697800
2012-07-11,59.800010681152344,73.68000030517578,74.5199966430664,72.4800033569336,73.95999908447266,796300
2012-07-12,58.69622039794922,72.31999969482422,73.08000183105469,70.5999984741211,71.95999908447266,810375
2012-07-13,60.09221267700195,74.04000091552734,74.83999633789062,73.55999755859375,73.91999816894531,452325
2012-07-16,61.033687591552734,75.19999694824219,75.91999816894531,73.83999633789062,74.23999786376953,623875
2012-07-17,60.54671859741211,74.5999984741211,75.5999984741211,73.31999969482422,75.4800033569336,461800
2012-07-18,60.28699493408203,74.27999877929688,75.19999694824219,73.68000030517578,74.12000274658203,275625
2012-07-19,61.06614303588867,75.23999786376953,76.36000061035156,75.08000183105469,75.4800033569336,438675
2012-07-20,60.44932174682617,74.4800033569336,75.4800033569336,74.27999877929688,75.23999786376953,348175
2012-07-23,58.20925521850586,71.72000122070312,73.0,71.27999877929688,72.87999725341797,597925
2012-07-24,58.501434326171875,72.08000183105469,72.87999725341797,71.31999969482422,72.68000030517578,428250
2012-07-25,60.83889389038086,74.95999908447266,75.63999938964844,73.0,74.36000061035156,690850
2012-07-26,63.306217193603516,78.0,78.0,74.0,74.0,845800
2012-07-27,63.793182373046875,78.5999984741211,79.31999969482422,77.55999755859375,79.12000274658203,782750
2012-07-30,63.760711669921875,78.55999755859375,79.16000366210938,77.63999938964844,78.19999694824219,416675
2012-07-31,62.39719772338867,76.87999725341797,78.83999633789062,76.87999725341797,78.4800033569336,488125
2012-08-01,61.975162506103516,76.36000061035156,77.68000030517578,75.19999694824219,76.27999877929688,533725
2012-08-02,61.747894287109375,76.08000183105469,77.95999908447266,75.72000122070312,76.16000366210938,466675
2012-08-03,63.20881652832031,77.87999725341797,78.68000030517578,76.72000122070312,77.44000244140625,558525
2012-08-06,64.7995834350586,79.83999633789062,81.0,78.36000061035156,78.36000061035156,628150
2012-08-07,64.86450958251953,79.91999816894531,80.68000030517578,79.63999938964844,80.19999694824219,544125
2012-08-08,64.41001892089844,79.36000061035156,81.0,79.27999877929688,79.87999725341797,569600
2012-08-09,66.03324890136719,81.36000061035156,81.55999755859375,79.23999786376953,79.5999984741211,520525
2012-08-10,66.16310119628906,81.5199966430664,81.80000305175781,80.5999984741211,81.0,401575
2012-08-13,65.31901550292969,80.4800033569336,82.27999877929688,80.0,82.04000091552734,624050
2012-08-14,64.41001892089844,79.36000061035156,80.5999984741211,79.19999694824219,80.16000366210938,454800
2012-08-15,64.63727569580078,79.63999938964844,79.80000305175781,78.91999816894531,79.12000274658203,418300
2012-08-16,66.74746704101562,82.23999786376953,82.27999877929688,79.83999633789062,80.4000015258789,751500
2012-08-17,66.81240844726562,82.31999969482422,82.72000122070312,81.08000183105469,82.44000244140625,743375
2012-08-20,67.36431121826172,83.0,83.16000366210938,81.5199966430664,82.0,655825
2012-08-21,69.66930389404297,85.83999633789062,87.0,84.91999816894531,85.04000091552734,1170025
2012-08-22,70.96788787841797,87.44000244140625,87.5999984741211,84.91999816894531,85.68000030517578,1285850
2012-08-23,71.48731994628906,88.08000183105469,89.4800033569336,87.87999725341797,88.87999725341797,1523550
2012-08-24,71.48731994628906,88.08000183105469,88.83999633789062,87.12000274658203,87.36000061035156,1044750
2012-08-27,70.3835220336914,86.72000122070312,88.4000015258789,86.55999755859375,88.31999969482422,948150
2012-08-28,69.31218719482422,85.4000015258789,87.36000061035156,85.23999786376953,87.36000061035156,733050
2012-08-29,68.27332305908203,84.12000274658203,85.80000305175781,84.12000274658203,85.5199966430664,543375
2012-08-30,66.74746704101562,82.23999786376953,84.27999877929688,81.4000015258789,84.27999877929688,697200
2012-08-31,70.3835220336914,86.72000122070312,86.91999816894531,81.68000030517578,82.68000030517578,1293850
2012-09-04,71.6171646118164,88.23999786376953,88.5199966430664,86.44000244140625,87.36000061035156,1138475
2012-09-05,71.51979064941406,88.12000274658203,88.23999786376953,86.55999755859375,88.19999694824219,731675
2012-09-06,73.95463562011719,91.12000274658203,91.31999969482422,89.55999755859375,89.63999938964844,1509500
2012-09-07,76.19469451904297,93.87999725341797,94.80000305175781,93.36000061035156,94.16000366210938,1453875
2012-09-10,74.60392761230469,91.91999816894531,94.12000274658203,91.68000030517578,93.76000213623047,871475
2012-09-11,75.54539489746094,93.08000183105469,94.0,92.87999725341797,93.31999969482422,785900
2012-09-12,74.96104431152344,92.36000061035156,94.27999877929688,89.87999725341797,94.23999786376953,1516700
2012-09-13,78.07764434814453,96.19999694824219,96.76000213623047,90.04000091552734,92.19999694824219,2386425
2012-09-14,80.12293243408203,98.72000122070312,100.08000183105469,98.04000091552734,98.55999755859375,1925475
2012-09-17,79.08406829833984,97.44000244140625,99.63999938964844,97.23999786376953,99.4800033569336,901750
2012-09-18,80.18788146972656,98.80000305175781,99.76000213623047,97.44000244140625,97.63999938964844,1281800
2012-09-19,81.87603759765625,100.87999725341797,101.55999755859375,98.04000091552734,99.63999938964844,1538150
2012-09-20,81.03195190429688,99.83999633789062,100.0,98.08000183105469,99.80000305175781,1037775
2012-09-21,82.65519714355469,101.83999633789062,102.68000030517578,100.80000305175781,101.87999725341797,1258050
2012-09-24,79.08406829833984,97.44000244140625,100.08000183105469,97.31999969482422,99.19999694824219,1210600
2012-09-25,77.88288116455078,95.95999908447266,99.76000213623047,95.72000122070312,99.04000091552734,845125
2012-09-26,77.00633239746094,94.87999725341797,95.80000305175781,92.27999877929688,93.80000305175781,1555675
2012-09-27,81.09687805175781,99.91999816894531,100.0,96.4800033569336,96.63999938964844,1117425
2012-09-28,80.2528076171875,98.87999725341797,100.19999694824219,98.4800033569336,99.68000030517578,775800
2012-10-01,80.51250457763672,99.19999694824219,100.76000213623047,98.4800033569336,100.5199966430664,867900
2012-10-02,79.70088958740234,98.19999694824219,99.76000213623047,97.63999938964844,99.63999938964844,646250
2012-10-03,79.11653137207031,97.4800033569336,98.4000015258789,96.91999816894531,98.27999877929688,681925
2012-10-04,81.64878845214844,100.5999984741211,100.80000305175781,98.44000244140625,98.68000030517578,923850
2012-10-05,80.57744598388672,99.27999877929688,101.4800033569336,98.5199966430664,100.23999786376953,865775
2012-10-08,79.11653137207031,97.4800033569336,98.4800033569336,97.0,97.68000030517578,618775
2012-10-09,77.5257568359375,95.5199966430664,98.80000305175781,95.44000244140625,97.83999633789062,884650
2012-10-10,78.33738708496094,96.5199966430664,97.5999984741211,95.19999694824219,95.72000122070312,663225
2012-10-11,79.3762435913086,97.80000305175781,99.95999908447266,97.4000015258789,99.95999908447266,412775
2012-10-12,77.94780731201172,96.04000091552734,98.4000015258789,95.80000305175781,97.27999877929688,500200
2012-10-15,76.74661254882812,94.55999755859375,95.55999755859375,92.80000305175781,95.55999755859375,908550
2012-10-16,78.23998260498047,96.4000015258789,96.72000122070312,94.4800033569336,94.4800033569336,472650
2012-10-17,78.79188537597656,97.08000183105469,98.0,96.27999877929688,96.63999938964844,527175
2012-10-18,77.72056579589844,95.76000213623047,96.83999633789062,95.55999755859375,95.80000305175781,518950
2012-10-19,76.74661254882812,94.55999755859375,95.68000030517578,93.23999786376953,95.36000061035156,996225
2012-10-22,77.94780731201172,96.04000091552734,96.19999694824219,94.23999786376953,94.31999969482422,527850
2012-10-23,75.87007141113281,93.4800033569336,94.31999969482422,92.95999908447266,93.83999633789062,736525
2012-10-24,75.15583801269531,92.5999984741211,94.44000244140625,92.5199966430664,94.4000015258789,413675
2012-10-25,76.55183410644531,94.31999969482422,95.08000183105469,93.5999984741211,94.87999725341797,581425
2012-10-26,76.06484985351562,93.72000122070312,94.83999633789062,93.16000366210938,94.4000015258789,353600
2012-10-31,78.36983489990234,96.55999755859375,96.55999755859375,94.72000122070312,95.4000015258789,798075
2012-11-01,78.01274108886719,96.12000274658203,96.76000213623047,95.83999633789062,95.95999908447266,476550
2012-11-02,75.31816101074219,92.80000305175781,95.19999694824219,92.80000305175781,95.19999694824219,783175
2012-11-05,74.96104431152344,92.36000061035156,93.76000213623047,92.27999877929688,93.76000213623047,570975
2012-11-06,76.51935577392578,94.27999877929688,95.23999786376953,92.4000015258789,93.27999877929688,658275
2012-11-07,77.07125091552734,94.95999908447266,95.68000030517578,92.31999969482422,95.68000030517578,1114900
2012-11-08,77.72056579589844,95.76000213623047,96.4000015258789,94.08000183105469,95.19999694824219,913175
2012-11-09,77.72056579589844,95.76000213623047,96.83999633789062,95.68000030517578,96.12000274658203,684025
2012-11-12,77.20111846923828,95.12000274658203,96.4000015258789,94.91999816894531,96.16000366210938,420400
2012-11-13,75.4155502319336,92.91999816894531,94.08000183105469,92.68000030517578,93.91999816894531,459025
2012-11-14,71.68212127685547,88.31999969482422,93.44000244140625,87.87999725341797,93.12000274658203,1494575
2012-11-15,68.72782135009766,84.68000030517578,87.87999725341797,84.12000274658203,87.80000305175781,1628400
2012-11-16,69.83161926269531,86.04000091552734,86.4800033569336,83.83999633789062,84.55999755859375,867300
2012-11-19,72.07168579101562,88.80000305175781,89.36000061035156,87.83999633789062,88.5999984741211,669775
2012-11-20,71.48731994628906,88.08000183105469,89.08000183105469,87.36000061035156,89.0,591500
2012-11-21,71.74703979492188,88.4000015258789,89.0,87.44000244140625,88.31999969482422,341650
2012-11-23,73.14302825927734,90.12000274658203,90.23999786376953,87.4000015258789,88.63999938964844,436500
2012-11-26,72.46126556396484,89.27999877929688,89.91999816894531,88.4800033569336,89.0,452000
2012-11-27,71.0003433227539,87.4800033569336,89.23999786376953,87.36000061035156,88.83999633789062,557525
2012-11-28,70.70817565917969,87.12000274658203,87.16000366210938,84.76000213623047,84.91999816894531,714525
2012-11-29,71.09774780273438,87.5999984741211,88.19999694824219,86.55999755859375,87.31999969482422,438450
2012-11-30,69.99393463134766,86.23999786376953,87.5199966430664,85.5999984741211,87.5199966430664,391100
2012-12-03,69.0199966430664,85.04000091552734,86.87999725341797,84.95999908447266,86.4000015258789,344625
2012-12-04,68.89013671875,84.87999725341797,85.31999969482422,83.5199966430664,84.12000274658203,589750
2012-12-05,67.39675903320312,83.04000091552734,85.19999694824219,82.63999938964844,84.63999938964844,833750
2012-12-06,67.46170043945312,83.12000274658203,84.76000213623047,82.4000015258789,82.63999938964844,693325
2012-12-07,68.1109848022461,83.91999816894531,84.27999877929688,83.19999694824219,84.04000091552734,445075
2012-12-10,68.92259216308594,84.91999816894531,85.16000366210938,84.4000015258789,84.68000030517578,409525
2012-12-11,68.98754119873047,85.0,85.27999877929688,84.63999938964844,84.83999633789062,426250
2012-12-12,70.31859588623047,86.63999938964844,87.63999938964844,85.44000244140625,85.4800033569336,1002125
2012-12-13,68.72782135009766,84.68000030517578,85.5199966430664,83.95999908447266,84.12000274658203,578375
2012-12-14,69.14986419677734,85.19999694824219,85.5199966430664,84.23999786376953,85.12000274658203,431050
2012-12-17,68.92259216308594,84.91999816894531,85.44000244140625,84.4000015258789,84.95999908447266,624550
2012-12-18,67.00718688964844,82.55999755859375,85.19999694824219,82.23999786376953,84.87999725341797,1045525
2012-12-19,66.42282104492188,81.83999633789062,83.0,81.5999984741211,82.5999984741211,584775
2012-12-20,65.6112060546875,80.83999633789062,81.36000061035156,79.4000015258789,80.83999633789062,1483600
2012-12-21,65.87092590332031,81.16000366210938,81.55999755859375,79.91999816894531,80.04000091552734,1283425
2012-12-24,64.96074676513672,77.08000183105469,78.5999984741211,76.04000091552734,78.4000015258789,728500
2012-12-26,64.99443817138672,77.12000274658203,78.0,76.83999633789062,77.72000122070312,434475
2012-12-27,65.39897155761719,77.5999984741211,77.91999816894531,76.44000244140625,76.63999938964844,602400
2012-12-28,64.9270248413086,77.04000091552734,77.91999816894531,76.76000213623047,77.23999786376953,525550
2012-12-31,66.71369934082031,79.16000366210938,79.5999984741211,77.4800033569336,77.5999984741211,686275
2013-01-02,69.24200439453125,82.16000366210938,83.0,81.55999755859375,81.63999938964844,712675
2013-01-03,67.05079650878906,79.55999755859375,82.5999984741211,79.08000183105469,82.5999984741211,718150
2013-01-04,67.79244232177734,80.44000244140625,80.68000030517578,78.0,78.4000015258789,1124000
2013-01-07,67.2867660522461,79.83999633789062,80.16000366210938,79.31999969482422,79.91999816894531,828625
2013-01-08,67.4890365600586,80.08000183105469,80.55999755859375,79.31999969482422,79.83999633789062,591525
2013-01-09,67.05079650878906,79.55999755859375,80.36000061035156,79.36000061035156,80.19999694824219,557225
2013-01-10,68.9723129272461,81.83999633789062,82.0,80.55999755859375,80.87999725341797,909675
2013-01-11,68.0958480834961,80.80000305175781,81.72000122070312,80.19999694824219,81.23999786376953,647525
2013-01-14,68.29811096191406,81.04000091552734,82.36000061035156,80.83999633789062,81.87999725341797,532650
2013-01-15,68.9723129272461,81.83999633789062,82.36000061035156,80.91999816894531,81.63999938964844,410950
2013-01-16,69.07344818115234,81.95999908447266,82.23999786376953,81.23999786376953,81.44000244140625,301475
2013-01-17,69.47797393798828,82.44000244140625,82.83999633789062,81.04000091552734,81.5999984741211,652450
2013-01-18,69.07344818115234,81.95999908447266,82.4000015258789,81.23999786376953,82.4000015258789,1057700
2013-01-22,69.03973388671875,81.91999816894531,82.36000061035156,80.87999725341797,81.72000122070312,825600
2013-01-23,67.62387084960938,80.23999786376953,82.68000030517578,79.87999725341797,81.87999725341797,950725
2013-01-24,65.16299438476562,77.31999969482422,79.55999755859375,76.63999938964844,79.55999755859375,1654525
2013-01-25,63.10663604736328,74.87999725341797,77.0,74.80000305175781,76.5999984741211,1336250
2013-01-28,62.466148376464844,74.12000274658203,75.4000015258789,74.04000091552734,74.95999908447266,595025
2013-01-29,63.91569900512695,75.83999633789062,75.91999816894531,74.63999938964844,74.72000122070312,790300
2013-01-30,64.455078125,76.4800033569336,77.44000244140625,76.19999694824219,76.76000213623047,831125
2013-01-31,63.71342849731445,75.5999984741211,76.23999786376953,75.23999786376953,75.83999633789062,547000
2013-02-01,64.55619049072266,76.5999984741211,77.19999694824219,75.87999725341797,76.68000030517578,484350
2013-02-04,63.544891357421875,75.4000015258789,76.68000030517578,75.23999786376953,75.76000213623047,705900
2013-02-05,62.938087463378906,74.68000030517578,76.19999694824219,74.27999877929688,75.4000015258789,964375
2013-02-06,62.567256927490234,74.23999786376953,74.91999816894531,73.83999633789062,74.5999984741211,717275
2013-02-07,62.53355026245117,74.19999694824219,75.16000366210938,73.5999984741211,73.80000305175781,545450
2013-02-08,62.39872360229492,74.04000091552734,74.63999938964844,73.87999725341797,74.0,457475
2013-02-11,60.814300537109375,72.16000366210938,73.16000366210938,72.04000091552734,73.16000366210938,909900
2013-02-12,60.61203384399414,71.91999816894531,72.5999984741211,71.4000015258789,72.0,935150
2013-02-13,60.038944244384766,71.23999786376953,72.4800033569336,70.95999908447266,72.44000244140625,671825
2013-02-14,59.66814422607422,70.80000305175781,71.63999938964844,70.55999755859375,71.44000244140625,678575
2013-02-15,58.05001449584961,68.87999725341797,70.08000183105469,68.27999877929688,69.80000305175781,1446900
2013-02-19,56.061073303222656,66.5199966430664,68.4000015258789,66.08000183105469,68.4000015258789,1789400
2013-02-20,53.33049774169922,63.279998779296875,65.4800033569336,62.959999084472656,65.4800033569336,2432800
2013-02-21,53.76874923706055,63.79999923706055,64.44000244140625,62.720001220703125,63.439998626708984,1801900
2013-02-22,54.64521408081055,64.83999633789062,64.87999725341797,63.599998474121094,64.0,837825
2013-02-25,55.95995330810547,66.4000015258789,66.76000213623047,65.5199966430664,65.5199966430664,993550
2013-02-26,56.09478759765625,66.55999755859375,67.23999786376953,65.12000274658203,66.4000015258789,1056800
2013-02-27,55.01604080200195,65.27999877929688,66.76000213623047,65.12000274658203,66.16000366210938,575425
2013-02-28,53.36420822143555,63.31999969482422,65.12000274658203,63.15999984741211,64.95999908447266,805850
2013-03-01,52.62257385253906,62.439998626708984,63.7599983215332,62.20000076293945,63.31999969482422,963675
2013-03-04,50.76848220825195,60.2400016784668,62.52000045776367,59.79999923706055,62.52000045776367,1374625
2013-03-05,51.274139404296875,60.84000015258789,61.91999816894531,60.79999923706055,61.36000061035156,844325
2013-03-06,53.73503112792969,63.7599983215332,63.959999084472656,60.119998931884766,61.0,2436225
2013-03-07,53.80244827270508,63.84000015258789,64.5999984741211,63.2400016784668,64.0,1610175
2013-03-08,54.27440643310547,64.4000015258789,65.72000122070312,62.79999923706055,63.040000915527344,1421750
2013-03-11,54.914913177490234,65.16000366210938,65.31999969482422,64.44000244140625,64.5999984741211,1049750
2013-03-12,56.93756103515625,67.55999755859375,67.55999755859375,65.80000305175781,65.83999633789062,1170675
2013-03-13,55.3531494140625,65.68000030517578,67.87999725341797,65.16000366210938,67.72000122070312,998075
2013-03-14,55.89252471923828,66.31999969482422,66.80000305175781,65.04000091552734,65.19999694824219,868150
2013-03-15,56.802703857421875,67.4000015258789,67.87999725341797,66.31999969482422,66.31999969482422,1367275
2013-03-18,57.13983154296875,67.80000305175781,68.80000305175781,67.4000015258789,68.5199966430664,956925
2013-03-19,56.8701286315918,67.4800033569336,68.36000061035156,67.23999786376953,68.0,546250
2013-03-20,56.73529052734375,67.31999969482422,67.63999938964844,66.87999725341797,67.16000366210938,508600
2013-03-21,57.712913513183594,68.4800033569336,68.72000122070312,67.4000015258789,67.72000122070312,816850
2013-03-22,57.30837631225586,68.0,68.83999633789062,67.72000122070312,68.19999694824219,563900
2013-03-25,56.499324798583984,67.04000091552734,67.87999725341797,62.08000183105469,67.12000274658203,940225
2013-03-26,56.33074951171875,66.83999633789062,66.91999816894531,66.16000366210938,66.5999984741211,420825
2013-03-27,56.97127151489258,67.5999984741211,67.68000030517578,66.27999877929688,66.31999969482422,615125
2013-03-28,56.4318962097168,66.95999908447266,67.31999969482422,66.23999786376953,67.04000091552734,514825
2013-04-01,55.252017974853516,65.55999755859375,66.95999908447266,64.76000213623047,66.5199966430664,619375
2013-04-02,52.8248405456543,62.68000030517578,64.83999633789062,62.599998474121094,64.44000244140625,994225
2013-04-03,49.45376205444336,58.68000030517578,62.7599983215332,57.7599983215332,62.20000076293945,2277825
2013-04-04,50.734764099121094,60.20000076293945,60.20000076293945,56.959999084472656,58.31999969482422,1317550
2013-04-05,51.914649963378906,61.599998474121094,62.599998474121094,60.68000030517578,61.31999969482422,999525
2013-04-08,51.24042892456055,60.79999923706055,61.959999084472656,60.63999938964844,61.36000061035156,431100
2013-04-09,53.027103424072266,62.91999816894531,63.52000045776367,60.79999923706055,60.79999923706055,783200
2013-04-10,51.07187271118164,60.599998474121094,62.68000030517578,60.47999954223633,62.08000183105469,869375
2013-04-11,50.66733932495117,60.119998931884766,61.119998931884766,59.79999923706055,60.20000076293945,820050
2013-04-12,47.16143035888672,55.959999084472656,58.7599983215332,55.0,58.439998626708984,2503025
2013-04-15,41.26203155517578,48.959999084472656,52.279998779296875,48.31999969482422,52.15999984741211,3349950
2013-04-16,40.891212463378906,48.52000045776367,51.560001373291016,48.15999984741211,51.119998931884766,1935200
2013-04-17,38.700008392333984,45.91999816894531,48.959999084472656,45.279998779296875,48.400001525878906,2165125
2013-04-18,39.643917083740234,47.040000915527344,47.15999984741211,45.119998931884766,46.0,1936000
2013-04-19,40.4866828918457,48.040000915527344,48.15999984741211,46.84000015258789,48.0,961750
2013-04-22,40.891212463378906,48.52000045776367,49.15999984741211,47.47999954223633,48.84000015258789,964325
2013-04-23,39.74504852294922,47.15999984741211,47.79999923706055,46.52000045776367,47.52000045776367,947425
2013-04-24,42.57675552368164,50.52000045776367,50.7599983215332,47.720001220703125,47.720001220703125,1503600
2013-04-25,43.318389892578125,51.400001525878906,52.68000030517578,50.560001373291016,51.720001220703125,1942175
2013-04-26,42.13850784301758,50.0,52.040000915527344,49.560001373291016,51.84000015258789,1243700
2013-04-29,42.6104621887207,50.560001373291016,51.0,50.20000076293945,50.880001068115234,715025
2013-04-30,43.217262268066406,51.279998779296875,51.279998779296875,49.119998931884766,50.20000076293945,931150
2013-05-01,41.80139923095703,49.599998474121094,50.040000915527344,47.720001220703125,49.599998474121094,1672975
2013-05-02,41.7676887512207,49.560001373291016,50.119998931884766,48.720001220703125,49.63999938964844,596875
2013-05-03,41.12718200683594,48.79999923706055,50.63999938964844,48.720001220703125,49.400001525878906,1065025
2013-05-06,41.29574203491211,49.0,49.2400016784668,48.599998474121094,48.91999816894531,494100
2013-05-07,39.441650390625,46.79999923706055,48.20000076293945,46.720001220703125,47.91999816894531,973450
2013-05-08,41.5654296875,49.31999969482422,49.400001525878906,47.47999954223633,47.720001220703125,1033500
2013-05-09,40.85749816894531,48.47999954223633,50.720001220703125,48.0,48.119998931884766,1052925
2013-05-10,41.09347915649414,48.7599983215332,49.040000915527344,46.47999954223633,47.119998931884766,972825
2013-05-13,40.14957046508789,47.63999938964844,48.119998931884766,47.119998931884766,47.7599983215332,568375
2013-05-14,39.94731521606445,47.400001525878906,48.040000915527344,46.84000015258789,46.84000015258789,459925
2013-05-15,36.845916748046875,43.720001220703125,46.560001373291016,43.560001373291016,46.400001525878906,1400025
2013-05-16,37.1156005859375,44.040000915527344,44.63999938964844,42.720001220703125,43.08000183105469,926350
2013-05-17,35.261505126953125,41.84000015258789,43.959999084472656,41.68000030517578,43.31999969482422,1343100
2013-05-20,37.99208450317383,45.08000183105469,45.79999923706055,41.599998474121094,41.959999084472656,1613475
2013-05-21,36.542518615722656,43.36000061035156,44.2400016784668,42.599998474121094,43.79999923706055,1283750
2013-05-22,37.149314880371094,44.08000183105469,46.20000076293945,43.599998474121094,44.47999954223633,1719950
2013-05-23,38.02579116821289,45.119998931884766,45.400001525878906,43.720001220703125,45.279998779296875,909000
2013-05-24,37.55384063720703,44.560001373291016,45.279998779296875,43.91999816894531,44.84000015258789,771875
2013-05-28,37.08189010620117,44.0,45.47999954223633,43.599998474121094,44.2400016784668,759575
2013-05-29,39.07082748413086,46.36000061035156,46.439998626708984,44.279998779296875,44.439998626708984,960650
2013-05-30,41.63285827636719,49.400001525878906,49.560001373291016,47.31999969482422,47.52000045776367,1789125
2013-05-31,40.5203971862793,48.08000183105469,48.959999084472656,47.0,48.84000015258789,1576550
2013-06-03,42.340782165527344,50.2400016784668,50.7599983215332,48.52000045776367,48.7599983215332,1318300
2013-06-04,41.396873474121094,49.119998931884766,50.20000076293945,48.79999923706055,49.400001525878906,637125
2013-06-05,41.19461441040039,48.880001068115234,50.040000915527344,48.47999954223633,49.31999969482422,753300
2013-06-06,42.13850784301758,50.0,50.36000061035156,48.52000045776367,48.959999084472656,779775
2013-06-07,39.71133804321289,47.119998931884766,49.15999984741211,46.79999923706055,48.79999923706055,943550
2013-06-10,39.91360092163086,47.36000061035156,47.84000015258789,46.439998626708984,47.439998626708984,532525
2013-06-11,38.430320739746094,45.599998474121094,46.91999816894531,45.47999954223633,46.2400016784668,660800
2013-06-12,38.19434356689453,45.31999969482422,46.84000015258789,45.20000076293945,46.0,955550
2013-06-13,38.396610260009766,45.560001373291016,45.84000015258789,44.599998474121094,45.20000076293945,462275
2013-06-14,38.02579116821289,45.119998931884766,46.119998931884766,44.959999084472656,46.119998931884766,364800
2013-06-17,37.41900634765625,44.400001525878906,45.439998626708984,44.0,45.040000915527344,503300
2013-06-18,36.03684997558594,42.7599983215332,44.119998931884766,42.599998474121094,43.880001068115234,972550
2013-06-19,34.82326889038086,41.31999969482422,43.52000045776367,41.08000183105469,42.880001068115234,731675
2013-06-20,31.418474197387695,37.279998779296875,39.0,37.040000915527344,38.7599983215332,1718400
2013-06-21,32.0252685546875,38.0,38.52000045776367,37.119998931884766,38.119998931884766,1068725
2013-06-24,29.665510177612305,35.20000076293945,37.400001525878906,34.79999923706055,37.2400016784668,1753400
2013-06-25,29.80035972595215,35.36000061035156,35.959999084472656,34.880001068115234,35.119998931884766,948575
2013-06-26,27.845129013061523,33.040000915527344,34.279998779296875,32.84000015258789,34.08000183105469,1475500
2013-06-27,28.48563575744629,33.79999923706055,34.36000061035156,33.36000061035156,33.63999938964844,2042325
2013-06-28,30.879108428955078,36.63999938964844,37.2400016784668,33.47999954223633,33.560001373291016,594050
2013-07-01,31.42690086364746,37.290000915527344,37.900001525878906,36.52000045776367,36.959999084472656,1517300
2013-07-02,30.204883575439453,35.84000015258789,37.849998474121094,35.34000015258789,37.0099983215332,1773100
2013-07-03,30.499858856201172,36.189998626708984,36.77000045776367,35.79999923706055,36.040000915527344,1159400
2013-07-05,28.873310089111328,34.2599983215332,35.0,33.939998626708984,34.9900016784668,1233200
2013-07-08,28.923873901367188,34.31999969482422,35.20000076293945,34.310001373291016,34.720001220703125,849200
2013-07-09,29.690799713134766,35.22999954223633,35.66999816894531,34.880001068115234,35.0,950500
2013-07-10,29.893064498901367,35.470001220703125,36.119998931884766,34.939998626708984,35.220001220703125,680400
2013-07-11,32.303382873535156,38.33000183105469,38.43000030517578,37.58000183105469,37.84000015258789,1154000
2013-07-12,32.033695220947266,38.0099983215332,38.2400016784668,37.540000915527344,37.72999954223633,788600
2013-07-15,31.705015182495117,37.619998931884766,38.189998626708984,37.380001068115234,38.099998474121094,696200
2013-07-16,33.019737243652344,39.18000030517578,39.22999954223633,37.650001525878906,37.86000061035156,1186700
2013-07-17,32.117977142333984,38.11000061035156,39.790000915527344,37.810001373291016,39.5,1109700
2013-07-18,31.983125686645508,37.95000076293945,38.68000030517578,37.810001373291016,38.5,764600
2013-07-19,33.1040153503418,39.279998779296875,39.279998779296875,38.22999954223633,38.59000015258789,563700
2013-07-22,36.04528045654297,42.77000045776367,42.95000076293945,40.66999816894531,41.0,1804200
2013-07-23,37.570701599121094,44.58000183105469,44.63999938964844,42.029998779296875,42.599998474121094,1605000
2013-07-24,35.514339447021484,42.13999938964844,44.619998931884766,41.540000915527344,44.0,1305900
2013-07-25,35.96944046020508,42.68000030517578,43.27000045776367,41.7599983215332,41.869998931884766,792600
2013-07-26,36.0789909362793,42.810001373291016,42.86000061035156,41.41999816894531,42.15999984741211,523100
2013-07-29,35.792457580566406,42.470001220703125,43.150001525878906,42.27000045776367,43.150001525878906,555600
2013-07-30,35.101383209228516,41.650001525878906,42.33000183105469,41.599998474121094,42.310001373291016,410000
2013-07-31,34.10691833496094,40.470001220703125,41.7599983215332,40.0099983215332,41.5,916100
2013-08-01,33.466407775878906,39.709999084472656,41.02000045776367,39.61000061035156,40.7400016784668,562200
2013-08-02,32.96916961669922,39.119998931884766,40.31999969482422,39.02000045776367,39.75,607800
2013-08-05,33.01130676269531,39.16999816894531,40.25,38.720001220703125,39.13999938964844,700800
2013-08-06,31.283628463745117,37.119998931884766,38.849998474121094,37.0,38.72999954223633,1212000
2013-08-07,31.43533706665039,37.29999923706055,37.86000061035156,35.560001373291016,36.939998626708984,634900
2013-08-08,34.34288787841797,40.75,41.02000045776367,37.7400016784668,38.09000015258789,1693200
2013-08-09,34.991817474365234,41.52000045776367,42.0,39.81999969482422,40.09000015258789,1310300
2013-08-12,38.05107498168945,45.150001525878906,45.63999938964844,43.349998474121094,43.4900016784668,2024200
2013-08-13,37.9836540222168,45.06999969482422,45.45000076293945,44.25,44.849998474121094,1434700
2013-08-14,39.72819519042969,47.13999938964844,47.290000915527344,44.939998626708984,45.25,1673900
2013-08-15,41.80139923095703,49.599998474121094,49.61000061035156,45.91999816894531,46.5,2087700
2013-08-16,41.16933059692383,48.849998474121094,51.15999984741211,48.45000076293945,49.88999938964844,1657000
2013-08-19,40.79850387573242,48.40999984741211,49.29999923706055,47.869998931884766,49.20000076293945,1784000
2013-08-20,41.94467544555664,49.77000045776367,49.88999938964844,48.43000030517578,48.630001068115234,1455400
2013-08-21,40.7142333984375,48.310001373291016,49.5099983215332,48.209999084472656,49.119998931884766,1229400
2013-08-22,40.97549057006836,48.619998931884766,49.709999084472656,48.5,48.7400016784668,636300
2013-08-23,43.200401306152344,51.2599983215332,51.279998779296875,48.95000076293945,48.95000076293945,1087100
2013-08-26,44.21172332763672,52.459999084472656,52.86000061035156,51.5,51.880001068115234,1149500
2013-08-27,41.91096878051758,49.72999954223633,54.560001373291016,49.619998931884766,53.52000045776367,2031800
2013-08-28,41.31260299682617,49.02000045776367,51.099998474121094,48.709999084472656,50.599998474121094,1506600
2013-08-29,41.29574203491211,49.0,49.810001373291016,46.97999954223633,48.34000015258789,1608200
2013-08-30,40.58781433105469,48.15999984741211,49.11000061035156,47.599998474121094,48.040000915527344,1051100
2013-09-03,40.97549057006836,48.619998931884766,48.91999816894531,48.13999938964844,48.779998779296875,754900
2013-09-04,40.663665771484375,48.25,48.439998626708984,47.52000045776367,47.97999954223633,554100
2013-09-05,38.826419830322266,46.06999969482422,48.0,45.31999969482422,47.939998626708984,1617900
2013-09-06,39.964168548583984,47.41999816894531,47.75,46.65999984741211,47.099998474121094,869300
2013-09-09,39.86302947998047,47.29999923706055,48.310001373291016,47.119998931884766,47.869998931884766,360300
2013-09-10,38.135353088378906,45.25,45.970001220703125,45.040000915527344,45.95000076293945,1122400
2013-09-11,38.32076644897461,45.470001220703125,45.58000183105469,44.27000045776367,45.08000183105469,685300
2013-09-12,35.59861755371094,42.2400016784668,43.720001220703125,42.150001525878906,43.720001220703125,1487600
2013-09-13,36.095855712890625,42.83000183105469,43.2400016784668,41.7599983215332,42.349998474121094,1222300
2013-09-16,35.73346710205078,42.400001525878906,43.58000183105469,42.369998931884766,42.790000915527344,836800
2013-09-17,36.011573791503906,42.72999954223633,42.7400016784668,42.130001068115234,42.68000030517578,520100
2013-09-18,40.073726654052734,47.54999923706055,47.83000183105469,41.34000015258789,42.02000045776367,2395800
2013-09-19,38.47246551513672,45.650001525878906,48.209999084472656,44.83000183105469,47.93000030517578,1577500
2013-09-20,34.958106994628906,41.47999954223633,44.7400016784668,41.459999084472656,44.630001068115234,2268300
2013-09-23,34.30074691772461,40.70000076293945,42.38999938964844,40.400001525878906,41.5,1439600
2013-09-24,34.351314544677734,40.7599983215332,41.4900016784668,39.75,40.08000183105469,1836900
2013-09-25,35.893585205078125,42.59000015258789,43.150001525878906,41.209999084472656,41.349998474121094,861800
2013-09-26,35.000240325927734,41.529998779296875,42.970001220703125,41.11000061035156,42.34000015258789,527400
2013-09-27,35.08452606201172,41.630001068115234,42.56999969482422,41.5,42.130001068115234,343600
2013-09-30,34.33445358276367,40.7400016784668,41.77000045776367,40.65999984741211,40.880001068115234,655200
2013-10-01,33.25570297241211,39.459999084472656,39.77000045776367,39.08000183105469,39.4900016784668,1007700
2013-10-02,33.887794494628906,40.209999084472656,41.04999923706055,39.90999984741211,39.91999816894531,761100
2013-10-03,33.47483825683594,39.720001220703125,40.5,39.599998474121094,40.130001068115234,404600
2013-10-04,32.61520767211914,38.70000076293945,39.29999923706055,38.0099983215332,39.02000045776367,1253900
2013-10-07,32.4635124206543,38.52000045776367,38.880001068115234,37.52000045776367,37.900001525878906,853300
2013-10-08,31.19936180114746,37.02000045776367,38.79999923706055,36.90999984741211,38.310001373291016,972100
2013-10-09,30.79482650756836,36.540000915527344,37.040000915527344,35.83000183105469,37.02000045776367,1245200
2013-10-10,30.432435989379883,36.11000061035156,36.95000076293945,36.0,36.529998779296875,630800
2013-10-11,29.513813018798828,35.02000045776367,35.90999984741211,34.900001525878906,35.90999984741211,1329200
2013-10-14,29.43796730041504,34.93000030517578,35.66999816894531,34.810001373291016,35.29999923706055,570900
2013-10-15,30.1121768951416,35.72999954223633,35.97999954223633,34.81999969482422,34.900001525878906,696100
2013-10-16,29.78350257873535,35.34000015258789,35.86000061035156,35.08000183105469,35.560001373291016,524800
2013-10-17,31.502756118774414,37.380001068115234,37.970001220703125,36.880001068115234,36.9900016784668,1538600
2013-10-18,31.08979606628418,36.88999938964844,37.720001220703125,36.75,37.380001068115234,739400
2013-10-21,32.320228576660156,38.349998474121094,38.41999816894531,37.150001525878906,37.150001525878906,1561700
2013-10-22,34.351314544677734,40.7599983215332,40.83000183105469,39.2599983215332,39.41999816894531,1721700
2013-10-23,33.289424896240234,39.5,40.5,39.45000076293945,40.09000015258789,965300
2013-10-24,34.671566009521484,41.13999938964844,41.439998626708984,39.95000076293945,40.13999938964844,1229500
2013-10-25,34.958106994628906,41.47999954223633,41.63999938964844,40.5,40.9900016784668,1023800
2013-10-28,34.64628982543945,41.11000061035156,41.91999816894531,40.97999954223633,41.38999938964844,824500
2013-10-29,33.087162017822266,39.2599983215332,41.099998474121094,39.2599983215332,41.029998779296875,1265300
2013-10-30,33.457977294921875,39.70000076293945,40.709999084472656,38.150001525878906,40.0,761300
2013-10-31,31.671306610107422,37.58000183105469,38.709999084472656,37.52000045776367,38.5,1599500
2013-11-01,30.676837921142578,36.400001525878906,37.4900016784668,36.2400016784668,37.2599983215332,1181700
2013-11-04,31.376338958740234,37.22999954223633,37.349998474121094,36.40999984741211,36.72999954223633,1007800
2013-11-05,30.862247467041016,36.619998931884766,37.34000015258789,36.31999969482422,37.060001373291016,533800
2013-11-06,31.308916091918945,37.150001525878906,37.380001068115234,36.869998931884766,37.08000183105469,500400
2013-11-07,30.1206111907959,35.7400016784668,36.63999938964844,35.630001068115234,36.40999984741211,999400
2013-11-08,30.33972930908203,36.0,36.13999938964844,34.349998474121094,35.099998474121094,1272700
2013-11-11,30.213315963745117,35.849998474121094,36.02000045776367,35.150001525878906,35.790000915527344,423700
2013-11-12,29.52224349975586,35.029998779296875,36.09000015258789,34.689998626708984,35.470001220703125,1272500
2013-11-13,29.842500686645508,35.40999984741211,35.5,35.0,35.369998931884766,773800
2013-11-14,30.693689346313477,36.41999816894531,36.709999084472656,35.7400016784668,35.81999969482422,1441600
2013-11-15,30.3228702545166,35.97999954223633,36.689998626708984,35.84000015258789,36.459999084472656,761500
2013-11-18,29.665510177612305,35.20000076293945,35.7599983215332,35.02000045776367,35.52000045776367,1606100
2013-11-19,29.49696159362793,35.0,35.45000076293945,34.90999984741211,35.45000076293945,500500
2013-11-20,28.131671905517578,33.380001068115234,34.93000030517578,33.02000045776367,34.310001373291016,2678500
2013-11-21,27.929407119750977,33.13999938964844,33.310001373291016,32.34000015258789,33.08000183105469,1716200
2013-11-22,27.390031814575195,32.5,33.619998931884766,32.439998626708984,33.13999938964844,944600
2013-11-25,27.095064163208008,32.150001525878906,32.66999816894531,31.40999984741211,31.979999542236328,1202600
2013-11-26,26.547264099121094,31.5,32.0,31.450000762939453,31.899999618530273,1367600
2013-11-27,26.462982177734375,31.399999618530273,31.959999084472656,31.280000686645508,31.469999313354492,739500
2013-11-29,27.390031814575195,32.5,32.869998931884766,31.639999389648438,31.889999389648438,890700
2013-12-02,25.502225875854492,30.260000228881836,32.209999084472656,30.1299991607666,31.729999542236328,1842400
2013-12-03,24.659456253051758,29.260000228881836,30.350000381469727,29.200000762939453,30.139999389648438,1433800
2013-12-04,25.47694206237793,30.229999542236328,30.56999969482422,29.100000381469727,29.540000915527344,1841300
2013-12-05,24.583608627319336,29.170000076293945,29.920000076293945,29.110000610351562,29.309999465942383,1358300
2013-12-06,24.347633361816406,28.889999389648438,29.969999313354492,28.8700008392334,29.59000015258789,1446000
2013-12-09,25.021848678588867,29.690000534057617,29.729999542236328,29.059999465942383,29.059999465942383,1554300
2013-12-10,26.04159927368164,30.899999618530273,31.25,30.75,31.030000686645508,2742400
2013-12-11,25.384241104125977,30.1200008392334,31.020000457763672,29.959999084472656,30.790000915527344,1229400
2013-12-12,25.19882583618164,29.899999618530273,29.969999313354492,28.959999084472656,29.149999618530273,1684500
2013-12-13,25.47694206237793,30.229999542236328,30.520000457763672,29.93000030517578,30.219999313354492,917800
2013-12-16,25.856189727783203,30.68000030517578,31.200000762939453,30.06999969482422,30.260000228881836,1536200
2013-12-17,25.333669662475586,30.059999465942383,30.68000030517578,29.8799991607666,30.190000534057617,1265400
2013-12-18,25.181976318359375,29.8799991607666,31.190000534057617,29.6200008392334,29.969999313354492,2254100
2013-12-19,24.457195281982422,29.020000457763672,29.440000534057617,28.850000381469727,29.18000030517578,1497300
2013-12-20,24.676311492919922,29.280000686645508,29.450000762939453,28.950000762939453,29.170000076293945,1405200
2013-12-23,24.31392478942871,28.850000381469727,29.440000534057617,28.81999969482422,29.190000534057617,1170100
2013-12-24,25.24939727783203,29.959999084472656,30.010000228881836,28.889999389648438,28.940000534057617,989400
2013-12-26,25.240968704223633,29.950000762939453,30.56999969482422,29.739999771118164,30.399999618530273,756900
2013-12-27,25.889902114868164,30.719999313354492,30.770000457763672,30.020000457763672,30.209999084472656,1177200
2013-12-30,25.367382049560547,30.100000381469727,30.729999542236328,30.059999465942383,30.440000534057617,1166500
2013-12-31,26.168014526367188,31.049999237060547,31.1200008392334,29.700000762939453,29.799999237060547,1532200
2014-01-02,27.55858612060547,32.70000076293945,32.779998779296875,31.979999542236328,31.979999542236328,2196200
2014-01-03,27.516450881958008,32.650001525878906,33.20000076293945,32.540000915527344,32.970001220703125,1068000
2014-01-06,27.634435653686523,32.790000915527344,33.400001525878906,32.560001373291016,32.880001068115234,734700
2014-01-07,27.356319427490234,32.459999084472656,32.58000183105469,31.850000381469727,32.279998779296875,1053900
2014-01-08,26.724245071411133,31.709999084472656,32.119998931884766,31.610000610351562,31.93000030517578,934500
2014-01-09,26.201725006103516,31.09000015258789,31.729999542236328,31.049999237060547,31.729999542236328,955800
2014-01-10,27.55858612060547,32.70000076293945,32.709999084472656,31.6200008392334,31.700000762939453,1509000
2014-01-13,29.07556915283203,34.5,34.689998626708984,32.70000076293945,32.709999084472656,3391200
2014-01-14,28.451923370361328,33.7599983215332,34.9900016784668,33.54999923706055,34.380001068115234,2681700
2014-01-15,28.713180541992188,34.06999969482422,34.18000030517578,33.20000076293945,33.43000030517578,1244800
2014-01-16,29.10929298400879,34.540000915527344,34.709999084472656,34.2400016784668,34.29999923706055,1804400
2014-01-17,30.828535079956055,36.58000183105469,36.689998626708984,35.18000030517578,35.2400016784668,4113600
2014-01-21,32.00841522216797,37.97999954223633,38.15999984741211,35.84000015258789,35.9900016784668,3463500
2014-01-22,30.5504207611084,36.25,37.880001068115234,36.099998474121094,37.880001068115234,3347000
2014-01-23,31.266775131225586,37.099998474121094,38.220001220703125,36.970001220703125,37.25,3788900
2014-01-24,30.558849334716797,36.2599983215332,37.849998474121094,35.13999938964844,37.650001525878906,2876200
2014-01-27,28.957584381103516,34.36000061035156,36.18000030517578,34.279998779296875,36.08000183105469,3044200
2014-01-28,29.749784469604492,35.29999923706055,35.33000183105469,34.29999923706055,34.880001068115234,1957600
2014-01-29,31.022369384765625,36.810001373291016,36.86000061035156,35.20000076293945,35.880001068115234,3209900
2014-01-30,29.876209259033203,35.45000076293945,35.95000076293945,35.209999084472656,35.779998779296875,2701600
2014-01-31,29.825637817382812,35.38999938964844,36.130001068115234,34.83000183105469,36.130001068115234,1672800
2014-02-03,29.825637817382812,35.38999938964844,36.7400016784668,35.31999969482422,35.79999923706055,2433500
2014-02-04,30.845386505126953,36.599998474121094,36.7400016784668,35.099998474121094,35.099998474121094,2737600
2014-02-05,30.373445510864258,36.040000915527344,37.29999923706055,36.0,37.220001220703125,1957100
2014-02-06,30.744251251220703,36.47999954223633,36.880001068115234,36.06999969482422,36.47999954223633,2188600
2014-02-07,32.320228576660156,38.349998474121094,38.38999938964844,36.58000183105469,36.84000015258789,3764300
2014-02-10,33.67709732055664,39.959999084472656,40.29999923706055,39.15999984741211,39.54999923706055,4395200
2014-02-11,35.25307846069336,41.83000183105469,42.0,40.34000015258789,40.61000061035156,5060600
2014-02-12,33.7108154296875,40.0,41.81999969482422,39.75,41.779998779296875,4284300
2014-02-13,35.81773376464844,42.5,42.650001525878906,40.0,40.33000183105469,6274800
2014-02-14,37.1156005859375,44.040000915527344,44.599998474121094,43.29999923706055,43.810001373291016,5838500
2014-02-18,36.64365005493164,43.47999954223633,44.27000045776367,43.0099983215332,44.09000015258789,4390500
2014-02-19,34.14905548095703,40.52000045776367,43.65999984741211,40.380001068115234,42.939998626708984,6030400
2014-02-20,36.34868621826172,43.130001068115234,43.470001220703125,40.790000915527344,40.86000061035156,6336200
2014-02-21,36.16326904296875,42.90999984741211,43.45000076293945,42.02000045776367,43.040000915527344,2820900
2014-02-24,36.896480560302734,43.779998779296875,44.209999084472656,43.54999923706055,43.77000045776367,3012300
2014-02-25,35.843021392822266,42.529998779296875,43.5099983215332,42.40999984741211,43.40999984741211,3133300
2014-02-26,34.69684982299805,41.16999816894531,42.20000076293945,40.630001068115234,41.93000030517578,3515000
2014-02-27,34.69684982299805,41.16999816894531,42.400001525878906,40.709999084472656,41.34000015258789,2692500
2014-02-28,34.840126037597656,41.34000015258789,41.65999984741211,40.810001373291016,41.27000045776367,2092100
2014-03-03,35.35422134399414,41.95000076293945,43.58000183105469,41.91999816894531,43.470001220703125,3432600
2014-03-04,35.295223236083984,41.880001068115234,42.15999984741211,40.959999084472656,41.0,1795000
2014-03-05,35.92728805541992,42.630001068115234,43.04999923706055,41.75,42.029998779296875,2785700
2014-03-06,36.702640533447266,43.54999923706055,43.650001525878906,43.04999923706055,43.41999816894531,3018600
2014-03-07,35.81773376464844,42.5,42.66999816894531,42.04999923706055,42.27000045776367,2766000
2014-03-10,34.87383270263672,41.380001068115234,42.349998474121094,41.20000076293945,42.25,2885200
2014-03-11,35.067665100097656,41.61000061035156,42.400001525878906,41.290000915527344,42.189998626708984,2280900
2014-03-12,36.44981002807617,43.25,43.290000915527344,42.369998931884766,42.79999923706055,4374600
2014-03-13,37.78138732910156,44.83000183105469,45.09000015258789,43.060001373291016,43.25,5089500
2014-03-14,37.60441207885742,44.619998931884766,46.0,44.25,45.849998474121094,4388200
2014-03-17,35.885154724121094,42.58000183105469,44.77000045776367,42.560001373291016,44.33000183105469,5490100
2014-03-18,35.05923843383789,41.599998474121094,42.779998779296875,41.11000061035156,41.72999954223633,3944600
2014-03-19,33.26414108276367,39.470001220703125,41.540000915527344,39.439998626708984,41.15999984741211,4910700
2014-03-20,33.62653732299805,39.900001525878906,40.790000915527344,38.77000045776367,38.939998626708984,4295100
2014-03-21,33.58439254760742,39.849998474121094,41.22999954223633,39.58000183105469,40.779998779296875,2444100
2014-03-24,31.33419418334961,37.18000030517578,38.959999084472656,36.88999938964844,38.849998474121094,7682200
2014-03-25,32.00841522216797,37.97999954223633,38.2599983215332,37.40999984741211,37.54999923706055,3856200
2014-03-26,30.213315963745117,35.849998474121094,38.29999923706055,35.849998474121094,38.0,6240800
2014-03-27,31.275203704833984,37.11000061035156,37.189998626708984,35.709999084472656,35.810001373291016,4116200
2014-03-28,31.42690086364746,37.290000915527344,37.95000076293945,36.470001220703125,36.70000076293945,3656500
2014-03-31,30.525135040283203,36.220001220703125,37.5,36.04999923706055,37.029998779296875,4494900
2014-04-01,30.179603576660156,35.810001373291016,37.060001373291016,35.810001373291016,36.47999954223633,2681400
2014-04-02,31.831436157226562,37.77000045776367,38.02000045776367,36.93000030517578,37.13999938964844,6942100
2014-04-03,31.072940826416016,36.869998931884766,37.20000076293945,36.560001373291016,37.150001525878906,3616200
2014-04-04,31.603883743286133,37.5,38.279998779296875,37.279998779296875,38.09000015258789,3386000
2014-04-07,30.895954132080078,36.65999984741211,38.04999923706055,36.599998474121094,37.119998931884766,3178600
2014-04-08,32.15168762207031,38.150001525878906,38.2400016784668,37.09000015258789,37.68000030517578,4253800
2014-04-09,32.36237716674805,38.400001525878906,39.0,37.40999984741211,37.7400016784668,2699400
2014-04-10,31.654449462890625,37.560001373291016,39.15999984741211,37.529998779296875,39.0,4492700
2014-04-11,30.79482650756836,36.540000915527344,38.06999969482422,36.349998474121094,37.5,4434900
2014-04-14,31.182497024536133,37.0,37.72999954223633,36.79999923706055,37.060001373291016,3946500
2014-04-15,30.02790641784668,35.630001068115234,35.81999969482422,34.91999816894531,35.41999816894531,5082800
2014-04-16,29.918346405029297,35.5,36.04999923706055,35.189998626708984,35.75,1471800
2014-04-17,29.210418701171875,34.65999984741211,35.72999954223633,34.529998779296875,35.38999938964844,3279100
2014-04-21,29.36211585998535,34.84000015258789,34.97999954223633,33.77000045776367,34.529998779296875,4549600
2014-04-22,30.162750244140625,35.790000915527344,35.83000183105469,34.29999923706055,34.72999954223633,3802800
2014-04-23,31.098228454589844,36.900001525878906,37.189998626708984,35.52000045776367,35.709999084472656,5465600
2014-04-24,30.221742630004883,35.86000061035156,37.369998931884766,35.779998779296875,36.279998779296875,3886600
2014-04-25,31.55331802368164,37.439998626708984,37.5099983215332,36.209999084472656,36.40999984741211,4553400
2014-04-28,30.466140747070312,36.150001525878906,37.369998931884766,36.0099983215332,37.2599983215332,5234000
2014-04-29,31.308916091918945,37.150001525878906,37.33000183105469,36.06999969482422,36.06999969482422,4394000
2014-04-30,30.76111602783203,36.5,37.09000015258789,36.290000915527344,36.7400016784668,3471200
2014-05-01,30.02790641784668,35.630001068115234,36.31999969482422,35.41999816894531,35.900001525878906,4569600
2014-05-02,30.862247467041016,36.619998931884766,36.849998474121094,35.709999084472656,35.709999084472656,4308500
2014-05-05,31.233074188232422,37.060001373291016,37.47999954223633,36.79999923706055,37.369998931884766,2662800
2014-05-06,30.95494842529297,36.72999954223633,37.09000015258789,36.68000030517578,37.02000045776367,2130600
2014-05-07,29.918346405029297,35.5,36.56999969482422,35.18000030517578,36.560001373291016,4947400
2014-05-08,29.77507781982422,35.33000183105469,35.959999084472656,35.189998626708984,35.34000015258789,2105600
2014-05-09,29.555950164794922,35.06999969482422,35.61000061035156,34.56999969482422,35.470001220703125,3622600
2014-05-12,29.884639739990234,35.459999084472656,35.77000045776367,35.2400016784668,35.720001220703125,3013900
2014-05-13,29.6823673248291,35.220001220703125,35.90999984741211,35.09000015258789,35.41999816894531,2231100
2014-05-14,30.221742630004883,35.86000061035156,36.040000915527344,35.5099983215332,35.86000061035156,3577300
2014-05-15,29.62337303161621,35.150001525878906,35.66999816894531,34.75,35.599998474121094,3858000
2014-05-16,29.59808921813965,35.119998931884766,35.2400016784668,34.70000076293945,35.0,2576300
2014-05-19,29.52224349975586,35.029998779296875,35.5,34.689998626708984,35.4900016784668,3280500
2014-05-20,29.33683204650879,34.810001373291016,35.150001525878906,34.58000183105469,34.7400016784668,1938700
2014-05-21,29.640230178833008,35.16999816894531,35.189998626708984,34.439998626708984,34.56999969482422,2215300
2014-05-22,29.741361618041992,35.290000915527344,35.56999969482422,35.029998779296875,35.540000915527344,1493500
2014-05-23,29.42110824584961,34.90999984741211,35.279998779296875,34.79999923706055,35.11000061035156,1828000
2014-05-27,28.005252838134766,33.22999954223633,34.290000915527344,33.04999923706055,34.22999954223633,6522600
2014-05-28,27.89569664001465,33.099998474121094,33.29999923706055,32.43000030517578,33.040000915527344,7590200
2014-05-29,28.148527145385742,33.400001525878906,33.810001373291016,32.91999816894531,32.93000030517578,4527700
2014-05-30,28.74689292907715,34.11000061035156,34.189998626708984,32.709999084472656,33.25,4610200
2014-06-02,28.123241424560547,33.369998931884766,34.27000045776367,33.18000030517578,33.63999938964844,4469500
2014-06-03,28.37607192993164,33.66999816894531,33.7400016784668,32.790000915527344,33.459999084472656,2463900
2014-06-04,28.258085250854492,33.529998779296875,33.86000061035156,33.40999984741211,33.630001068115234,1527300
2014-06-05,28.982866287231445,34.38999938964844,34.560001373291016,33.79999923706055,33.86000061035156,4078600
2014-06-06,29.42110824584961,34.90999984741211,34.970001220703125,34.0,34.40999984741211,3782800
2014-06-09,29.32840919494629,34.79999923706055,35.189998626708984,34.7599983215332,35.0,1487000
2014-06-10,30.659976959228516,36.380001068115234,36.380001068115234,35.099998474121094,35.279998779296875,6737100
2014-06-11,31.570175170898438,37.459999084472656,37.540000915527344,36.150001525878906,36.4900016784668,5416700
2014-06-12,33.39898681640625,39.630001068115234,39.709999084472656,37.61000061035156,37.630001068115234,9999600
2014-06-13,33.24728012084961,39.45000076293945,39.63999938964844,38.2400016784668,39.41999816894531,6481900
2014-06-16,32.598350524902344,38.68000030517578,39.709999084472656,38.58000183105469,39.689998626708984,5559700
2014-06-17,32.4213752746582,38.470001220703125,39.130001068115234,37.900001525878906,38.099998474121094,3814300
2014-06-18,33.90464782714844,40.22999954223633,40.38999938964844,38.43000030517578,38.58000183105469,8696600
2014-06-19,36.29811477661133,43.06999969482422,43.52000045776367,41.29999923706055,41.45000076293945,13952800
2014-06-20,34.7558479309082,41.2400016784668,42.869998931884766,40.779998779296875,42.47999954223633,12370100
2014-06-23,35.38792419433594,41.9900016784668,42.540000915527344,41.119998931884766,41.630001068115234,6531600
2014-06-24,33.7108154296875,40.0,42.84000015258789,39.83000183105469,42.400001525878906,9578600
2014-06-25,34.713706970214844,41.189998626708984,41.4900016784668,40.130001068115234,40.25,7973900
2014-06-26,34.78955078125,41.279998779296875,41.41999816894531,40.470001220703125,40.720001220703125,2729000
2014-06-27,34.16591262817383,40.540000915527344,41.66999816894531,40.310001373291016,41.439998626708984,5666800
2014-06-30,35.615474700927734,42.2599983215332,42.43000030517578,39.93000030517578,40.29999923706055,9296100
2014-07-01,34.81484603881836,41.310001373291016,42.779998779296875,41.29999923706055,42.36000061035156,8088500
2014-07-02,35.01710891723633,41.54999923706055,42.61000061035156,41.459999084472656,41.459999084472656,7299700
2014-07-03,36.15484619140625,42.900001525878906,42.900001525878906,40.630001068115234,40.84000015258789,7632000
2014-07-07,35.41321563720703,42.02000045776367,42.689998626708984,41.689998626708984,41.970001220703125,7062100
2014-07-08,36.00314712524414,42.720001220703125,43.31999969482422,42.02000045776367,42.619998931884766,7819900
2014-07-09,37.94994354248047,45.029998779296875,45.25,43.09000015258789,43.09000015258789,11505400
2014-07-10,36.795352935791016,43.65999984741211,46.5,43.560001373291016,46.45000076293945,10261800
2014-07-11,38.3713264465332,45.529998779296875,45.560001373291016,43.709999084472656,43.7599983215332,8439000
2014-07-14,36.534080505371094,43.349998474121094,44.25,43.0099983215332,43.470001220703125,11505200
2014-07-15,34.94968032836914,41.470001220703125,44.09000015258789,41.439998626708984,43.65999984741211,12500800
2014-07-16,34.93281936645508,41.45000076293945,42.70000076293945,41.29999923706055,41.88999938964844,5428800
2014-07-17,37.49485778808594,44.4900016784668,44.68000030517578,41.7599983215332,42.119998931884766,18451200
2014-07-18,36.829063415527344,43.70000076293945,43.7599983215332,42.540000915527344,43.2400016784668,10153800
2014-07-21,37.19987869262695,44.13999938964844,44.38999938964844,43.15999984741211,44.040000915527344,5148900
2014-07-22,36.146419525146484,42.88999938964844,44.09000015258789,42.77000045776367,43.90999984741211,7591500
2014-07-23,35.674468994140625,42.33000183105469,43.619998931884766,41.81999969482422,42.959999084472656,7411200
2014-07-24,34.52830123901367,40.970001220703125,41.70000076293945,40.43000030517578,41.689998626708984,10525400
2014-07-25,36.146419525146484,42.88999938964844,43.0,41.0099983215332,41.20000076293945,11418500
2014-07-28,36.67736053466797,43.52000045776367,44.15999984741211,42.400001525878906,42.400001525878906,7682100
2014-07-29,35.81773376464844,42.5,43.91999816894531,42.439998626708984,43.91999816894531,9559700
2014-07-30,36.12955856323242,42.869998931884766,42.97999954223633,41.720001220703125,42.47999954223633,7749700
2014-07-31,35.05923843383789,41.599998474121094,42.36000061035156,41.470001220703125,41.86000061035156,9285700
2014-08-01,35.52276611328125,42.150001525878906,42.790000915527344,41.7599983215332,42.36000061035156,7742100
2014-08-04,34.283897399902344,40.68000030517578,42.150001525878906,40.619998931884766,41.7599983215332,9966100
2014-08-05,34.831695556640625,41.33000183105469,41.400001525878906,39.70000076293945,40.720001220703125,10563500
2014-08-06,35.75032043457031,42.41999816894531,42.7599983215332,41.650001525878906,42.47999954223633,9528900
2014-08-07,35.69974899291992,42.36000061035156,42.880001068115234,41.650001525878906,42.220001220703125,5227300
2014-08-08,35.25307846069336,41.83000183105469,42.72999954223633,41.63999938964844,42.5,5970200
2014-08-11,35.80087661743164,42.47999954223633,42.75,41.68000030517578,41.68000030517578,5522500
2014-08-12,35.91044235229492,42.61000061035156,43.349998474121094,42.459999084472656,42.939998626708984,5974900
2014-08-13,35.784019470214844,42.459999084472656,43.15999984741211,42.310001373291016,42.810001373291016,3194200
2014-08-14,35.38792419433594,41.9900016784668,42.95000076293945,41.95000076293945,42.77000045776367,5101700
2014-08-15,35.64917755126953,42.29999923706055,42.59000015258789,41.16999816894531,41.2599983215332,6672600
2014-08-18,35.682891845703125,42.34000015258789,42.529998779296875,41.86000061035156,41.869998931884766,2836200
2014-08-19,35.2277946472168,41.79999923706055,42.56999969482422,41.77000045776367,42.56999969482422,4757400
2014-08-20,34.983394622802734,41.5099983215332,42.310001373291016,41.5099983215332,41.9900016784668,3207600
2014-08-21,34.713706970214844,41.189998626708984,41.2599983215332,40.54999923706055,40.77000045776367,7641700
2014-08-22,34.503013610839844,40.939998626708984,41.540000915527344,40.849998474121094,41.189998626708984,3594000
2014-08-25,33.92150115966797,40.25,40.88999938964844,40.2400016784668,40.88999938964844,4306300
2014-08-26,34.66313934326172,41.130001068115234,41.279998779296875,40.38999938964844,40.810001373291016,6975600
2014-08-27,34.562007904052734,41.0099983215332,41.400001525878906,40.88999938964844,41.2599983215332,2662900
2014-08-28,35.092952728271484,41.63999938964844,41.91999816894531,41.310001373291016,41.56999969482422,4948900
2014-08-29,35.480628967285156,42.099998474121094,42.150001525878906,41.470001220703125,41.56999969482422,3269700
2014-09-02,33.84564971923828,40.15999984741211,41.25,40.13999938964844,40.9900016784668,11103800
2014-09-03,34.02263641357422,40.369998931884766,40.70000076293945,40.22999954223633,40.38999938964844,5797800
2014-09-04,32.16011428833008,38.15999984741211,40.7599983215332,37.810001373291016,40.65999984741211,15836500
2014-09-05,33.120872497558594,39.29999923706055,39.58000183105469,37.81999969482422,38.45000076293945,8694200
2014-09-08,31.4016170501709,37.2599983215332,38.79999923706055,37.119998931884766,38.79999923706055,12299700
2014-09-09,32.40451431274414,38.45000076293945,38.7400016784668,36.7599983215332,37.29999923706055,10882700
2014-09-10,31.68816375732422,37.599998474121094,38.34000015258789,37.189998626708984,37.79999923706055,9370100
2014-09-11,32.438228607177734,38.4900016784668,38.79999923706055,36.790000915527344,37.20000076293945,13181500
2014-09-12,31.595460891723633,37.4900016784668,38.220001220703125,37.43000030517578,37.72999954223633,8284700
2014-09-15,32.48037338256836,38.540000915527344,38.650001525878906,37.61000061035156,37.79999923706055,9976300
2014-09-16,32.96916961669922,39.119998931884766,39.619998931884766,37.900001525878906,38.560001373291016,7771500
2014-09-17,31.68816375732422,37.599998474121094,39.56999969482422,37.27000045776367,39.099998474121094,11353400
2014-09-18,31.755586624145508,37.68000030517578,38.029998779296875,37.279998779296875,37.5,7308900
2014-09-19,30.626270294189453,36.34000015258789,37.61000061035156,36.189998626708984,37.540000915527344,11207100
2014-09-22,29.142993927001953,34.58000183105469,36.099998474121094,34.220001220703125,36.02000045776367,13820400
2014-09-23,29.968910217285156,35.560001373291016,36.16999816894531,34.75,35.40999984741211,11294800
2014-09-24,29.539094924926758,35.04999923706055,35.83000183105469,34.650001525878906,35.16999816894531,6832800
2014-09-25,30.15432357788086,35.779998779296875,35.880001068115234,34.25,34.38999938964844,8508100
2014-09-26,29.319969177246094,34.790000915527344,35.59000015258789,34.599998474121094,35.36000061035156,7404600
2014-09-29,29.20199203491211,34.650001525878906,35.119998931884766,34.619998931884766,35.02000045776367,4047400
2014-09-30,28.333934783935547,33.619998931884766,34.849998474121094,33.5,34.33000183105469,10256700
2014-10-01,28.51934051513672,33.84000015258789,34.56999969482422,33.75,33.849998474121094,7117700
2014-10-02,28.37607192993164,33.66999816894531,34.16999816894531,33.38999938964844,34.040000915527344,5280800
2014-10-03,26.403989791870117,31.329999923706055,33.040000915527344,31.280000686645508,32.880001068115234,16595900
2014-10-06,27.70185661315918,32.869998931884766,33.15999984741211,31.360000610351562,31.65999984741211,12232900
2014-10-07,26.4966983795166,31.440000534057617,33.130001068115234,31.280000686645508,32.9900016784668,12841300
2014-10-08,29.0418643951416,34.459999084472656,34.81999969482422,30.389999389648438,32.08000183105469,25150800
2014-10-09,27.727140426635742,32.900001525878906,34.310001373291016,31.799999237060547,34.310001373291016,18435100
2014-10-10,27.390031814575195,32.5,33.83000183105469,31.920000076293945,32.650001525878906,9294400
2014-10-13,27.89569664001465,33.099998474121094,34.16999816894531,32.869998931884766,32.959999084472656,11323600
2014-10-14,27.853557586669922,33.04999923706055,33.779998779296875,32.7599983215332,33.2400016784668,6607200
2014-10-15,27.870412826538086,33.06999969482422,34.099998474121094,32.58000183105469,33.220001220703125,7103100
2014-10-16,28.047393798828125,33.279998779296875,33.83000183105469,32.68000030517578,32.68000030517578,4408000
2014-10-17,27.390031814575195,32.5,33.310001373291016,32.279998779296875,33.310001373291016,7225300
2014-10-20,27.67657470703125,32.84000015258789,33.029998779296875,32.5,32.81999969482422,4453600
2014-10-21,27.66814613342285,32.83000183105469,33.439998626708984,32.650001525878906,33.33000183105469,4208800
2014-10-22,26.201725006103516,31.09000015258789,32.54999923706055,31.049999237060547,32.43000030517578,13876600
2014-10-23,26.631540298461914,31.600000381469727,31.670000076293945,29.860000610351562,30.729999542236328,12707700
2014-10-24,26.083738327026367,30.950000762939453,31.600000381469727,30.729999542236328,31.600000381469727,6757300
2014-10-27,24.920719146728516,29.56999969482422,30.600000381469727,29.56999969482422,30.530000686645508,8489500
2014-10-28,25.974180221557617,30.81999969482422,30.979999542236328,29.75,30.290000915527344,11810600
2014-10-29,24.10323143005371,28.600000381469727,30.899999618530273,28.489999771118164,30.299999237060547,19283000
2014-10-30,22.0468692779541,26.15999984741211,28.420000076293945,26.110000610351562,28.270000457763672,24299000
2014-10-31,20.622589111328125,24.469999313354492,25.549999237060547,23.979999542236328,24.549999237060547,26052600
2014-11-03,21.836177825927734,25.90999984741211,26.329999923706055,24.399999618530273,24.610000610351562,22997400
2014-11-04,20.656301498413086,24.510000228881836,26.079999923706055,24.389999389648438,25.75,20896200
2014-11-05,19.139310836791992,22.709999084472656,24.280000686645508,22.34000015258789,23.3799991607666,31198600
2014-11-06,19.7123966217041,23.389999389648438,24.610000610351562,23.1299991607666,23.260000228881836,28702100
2014-11-07,21.945737838745117,26.040000915527344,26.219999313354492,24.09000015258789,24.15999984741211,40705600
2014-11-10,20.378185272216797,24.18000030517578,25.559999465942383,23.65999984741211,25.3700008392334,33851400
2014-11-11,21.684478759765625,25.729999542236328,26.440000534057617,24.68000030517578,24.829999923706055,30838700
2014-11-12,21.57491683959961,25.600000381469727,26.739999771118164,24.770000457763672,26.0,14866400
2014-11-13,20.7911434173584,24.670000076293945,26.15999984741211,24.520000457763672,26.049999237060547,18627000
2014-11-14,22.20699691772461,26.350000381469727,26.530000686645508,23.860000610351562,24.040000915527344,28446100
2014-11-17,23.176179885864258,27.5,27.6299991607666,25.670000076293945,26.040000915527344,22367700
2014-11-18,24.74373435974121,29.360000610351562,29.760000228881836,28.219999313354492,28.299999237060547,26602200
2014-11-19,22.973918914794922,27.260000228881836,29.479999542236328,27.149999618530273,29.3700008392334,39811900
2014-11-20,24.018949508666992,28.5,29.049999237060547,27.770000457763672,28.350000381469727,25874800
2014-11-21,24.27178192138672,28.799999237060547,29.780000686645508,28.420000076293945,29.610000610351562,17955900
2014-11-24,24.02737808227539,28.510000228881836,29.34000015258789,28.489999771118164,28.729999542236328,9112900
2014-11-25,24.70159339904785,29.309999465942383,29.360000610351562,28.56999969482422,28.690000534057617,16192300
2014-11-26,24.120088577270508,28.6200008392334,29.450000762939453,28.6200008392334,29.239999771118164,10323900
2014-11-28,21.237810134887695,25.200000762939453,27.110000610351562,25.100000381469727,27.06999969482422,28828300
2014-12-01,23.327878952026367,27.68000030517578,28.010000228881836,25.889999389648438,26.15999984741211,31531500
2014-12-02,21.78561019897461,25.850000381469727,27.100000381469727,25.399999618530273,26.530000686645508,24310200
2014-12-03,22.181713104248047,26.31999969482422,27.239999771118164,26.25,26.40999984741211,21555900
2014-12-04,21.650768280029297,25.690000534057617,26.799999237060547,25.549999237060547,26.559999465942383,13892800
2014-12-05,20.7911434173584,24.670000076293945,25.399999618530273,24.559999465942383,24.84000015258789,16406100
2014-12-08,21.153535842895508,25.100000381469727,25.59000015258789,23.489999771118164,25.139999389648438,22101500
2014-12-09,21.996305465698242,26.100000381469727,26.790000915527344,25.889999389648438,26.079999923706055,21519000
2014-12-10,21.237810134887695,25.200000762939453,26.6299991607666,25.15999984741211,26.030000686645508,20672600
2014-12-11,20.740575790405273,24.610000610351562,25.6200008392334,24.549999237060547,24.75,16985800
2014-12-12,20.26019859313965,24.040000915527344,24.700000762939453,23.84000015258789,24.520000457763672,15330300
2014-12-15,18.591508865356445,22.059999465942383,23.920000076293945,21.979999542236328,23.459999084472656,33554900
2014-12-16,18.094276428222656,21.469999313354492,23.149999618530273,21.399999618530273,22.889999389648438,18161900
2014-12-17,19.38371467590332,23.0,23.31999969482422,21.469999313354492,21.610000610351562,29720000
2014-12-18,20.892274856567383,24.790000915527344,24.979999542236328,23.079999923706055,23.530000686645508,29892900
2014-12-19,20.352903366088867,24.149999618530273,24.719999313354492,23.770000457763672,24.579999923706055,22584400
2014-12-22,18.87389373779297,22.229999542236328,23.889999389648438,22.030000686645508,23.75,26310400
2014-12-23,18.542776107788086,21.84000015258789,23.329999923706055,21.600000381469727,22.3799991607666,18563500
2014-12-24,19.171056747436523,22.579999923706055,23.0,21.600000381469727,21.729999542236328,14858700
2014-12-26,19.909709930419922,23.450000762939453,23.670000076293945,23.06999969482422,23.59000015258789,12846800
2014-12-29,19.442745208740234,22.899999618530273,23.3700008392334,22.729999542236328,23.299999237060547,13936700
2014-12-30,20.478557586669922,24.1200008392334,24.209999084472656,23.350000381469727,23.469999313354492,22044400
2014-12-31,20.317241668701172,23.93000030517578,24.3700008392334,23.3799991607666,23.81999969482422,9126700
2015-01-02,21.191741943359375,24.959999084472656,25.010000228881836,23.260000228881836,23.350000381469727,17181700
2015-01-05,22.100200653076172,26.030000686645508,26.3700008392334,24.920000076293945,25.450000762939453,16481400
2015-01-06,23.543550491333008,27.729999542236328,28.06999969482422,26.34000015258789,26.5,28555900
2015-01-07,22.847347259521484,26.90999984741211,28.110000610351562,26.579999923706055,26.940000534057617,14134900
2015-01-08,22.346418380737305,26.31999969482422,27.65999984741211,25.90999984741211,27.079999923706055,15292100
2015-01-09,23.3312931060791,27.479999542236328,27.649999618530273,26.829999923706055,27.049999237060547,18461100
2015-01-12,24.570873260498047,28.940000534057617,29.270000457763672,27.68000030517578,27.850000381469727,19137800
2015-01-13,23.63694190979004,27.84000015258789,29.6299991607666,27.43000030517578,29.610000610351562,20518300
2015-01-14,23.136014938354492,27.25,28.649999618530273,26.530000686645508,28.5,16920200
2015-01-15,24.265222549438477,28.579999923706055,28.959999084472656,28.209999084472656,28.420000076293945,21063800
2015-01-16,24.52842140197754,28.889999389648438,29.489999771118164,28.610000610351562,28.799999237060547,12681800
2015-01-20,25.555744171142578,30.100000381469727,30.209999084472656,29.43000030517578,29.670000076293945,14868600
2015-01-21,25.173683166503906,29.649999618530273,30.739999771118164,28.940000534057617,30.579999923706055,15948000
2015-01-22,24.681245803833008,29.06999969482422,30.139999389648438,29.010000228881836,30.049999237060547,13757300
2015-01-23,23.450157165527344,27.6200008392334,28.940000534057617,27.530000686645508,28.700000762939453,18003300
2015-01-26,24.07843780517578,28.360000610351562,28.389999389648438,26.84000015258789,27.09000015258789,13277500
2015-01-27,24.978404998779297,29.420000076293945,29.5,28.3799991607666,28.56999969482422,14783600
2015-01-28,23.458646774291992,27.6299991607666,29.110000610351562,27.40999984741211,28.829999923706055,21107600
2015-01-29,22.575658798217773,26.59000015258789,27.290000915527344,25.950000762939453,26.950000762939453,19734500
2015-01-30,23.55203628540039,27.739999771118164,27.829999923706055,26.459999084472656,26.899999618530273,19067800
2015-02-02,23.390722274780273,27.549999237060547,28.229999542236328,26.889999389648438,26.979999542236328,15603400
2015-02-03,22.7794246673584,26.829999923706055,27.68000030517578,26.600000381469727,27.34000015258789,16334000
2015-02-04,23.390722274780273,27.549999237060547,27.81999969482422,26.950000762939453,27.25,11304700
2015-02-05,23.866178512573242,28.110000610351562,28.309999465942383,27.209999084472656,27.350000381469727,11893600
2015-02-06,22.618106842041016,26.639999389648438,27.530000686645508,26.639999389648438,26.920000076293945,20187100
2015-02-09,23.136014938354492,27.25,27.40999984741211,26.989999771118164,27.059999465942383,10322000
2015-02-10,22.68602752685547,26.719999313354492,27.049999237060547,26.649999618530273,27.030000686645508,9910200
2015-02-11,22.329439163208008,26.299999237060547,26.959999084472656,26.15999984741211,26.8700008392334,10190800
2015-02-12,22.60112762451172,26.6200008392334,26.93000030517578,26.469999313354492,26.690000534057617,9187100
2015-02-13,22.923757553100586,27.0,27.329999923706055,26.969999313354492,27.049999237060547,9006000
2015-02-17,22.20208168029785,26.149999618530273,26.549999237060547,26.079999923706055,26.329999923706055,12601300
2015-02-18,22.804895401000977,26.860000610351562,26.969999313354492,25.760000228881836,26.149999618530273,13788600
2015-02-19,22.286983489990234,26.25,27.040000915527344,26.190000534057617,26.75,11128100
2015-02-20,21.930395126342773,25.829999923706055,26.709999084472656,25.829999923706055,26.440000534057617,8497700
2015-02-23,21.862472534179688,25.75,26.309999465942383,25.520000457763672,25.520000457763672,7264600
2015-02-24,21.921905517578125,25.81999969482422,26.010000228881836,25.350000381469727,25.530000686645508,5923300
2015-02-25,22.219064712524414,26.170000076293945,26.479999542236328,26.020000457763672,26.15999984741211,11375500
2015-02-26,22.38886833190918,26.3700008392334,26.799999237060547,26.209999084472656,26.780000686645508,7674300
2015-02-27,22.55867576599121,26.56999969482422,26.8700008392334,26.43000030517578,26.6200008392334,6442900
2015-03-02,22.20208168029785,26.149999618530273,26.81999969482422,25.989999771118164,26.729999542236328,10394800
2015-03-03,21.95586585998535,25.860000610351562,26.520000457763672,25.690000534057617,26.219999313354492,8166100
2015-03-04,21.437959671020508,25.25,25.950000762939453,25.209999084472656,25.829999923706055,11332400
2015-03-05,21.446447372436523,25.260000228881836,25.760000228881836,25.1200008392334,25.40999984741211,5222200
2015-03-06,19.89272689819336,23.43000030517578,24.459999084472656,23.34000015258789,24.280000686645508,23216400
2015-03-09,18.831439971923828,22.18000030517578,23.600000381469727,22.170000076293945,23.600000381469727,21109400
2015-03-10,18.075809478759766,21.290000915527344,22.399999618530273,20.68000030517578,22.190000534057617,29643200
2015-03-11,19.01822853088379,22.399999618530273,22.440000534057617,20.700000762939453,21.239999771118164,31411800
2015-03-12,18.670127868652344,21.989999771118164,22.799999237060547,21.8799991607666,22.65999984741211,19475500
2015-03-13,19.026721954345703,22.40999984741211,22.43000030517578,21.540000915527344,22.31999969482422,15163200
2015-03-16,18.755029678344727,22.09000015258789,22.530000686645508,21.8700008392334,22.350000381469727,11483600
2015-03-17,18.347496032714844,21.610000610351562,22.389999389648438,21.510000228881836,21.6200008392334,12870600
2015-03-18,19.697452545166016,23.200000762939453,23.239999771118164,21.40999984741211,21.670000076293945,21488700
2015-03-19,19.714431762695312,23.219999313354492,23.479999542236328,22.649999618530273,22.850000381469727,13806600
2015-03-20,20.46157455444336,24.100000381469727,24.3700008392334,23.43000030517578,23.510000228881836,16225700
2015-03-23,21.047405242919922,24.790000915527344,24.84000015258789,24.25,24.360000610351562,13714700
2015-03-24,21.106840133666992,24.860000610351562,24.93000030517578,24.530000686645508,24.920000076293945,7482900
2015-03-25,20.826663970947266,24.530000686645508,25.239999771118164,24.510000228881836,25.06999969482422,10267500
2015-03-26,20.35120391845703,23.969999313354492,25.139999389648438,23.81999969482422,24.969999313354492,15289700
2015-03-27,20.020082473754883,23.579999923706055,24.040000915527344,23.3700008392334,23.860000610351562,10944600
2015-03-30,19.374820709228516,22.81999969482422,23.239999771118164,22.690000534057617,23.1200008392334,13022300
2015-03-31,19.272937774658203,22.700000762939453,23.15999984741211,22.43000030517578,22.989999771118164,11442600
2015-04-01,20.453088760375977,24.09000015258789,24.110000610351562,22.950000762939453,23.020000457763672,23133200
2015-04-02,20.121965408325195,23.700000762939453,24.139999389648438,23.3799991607666,23.90999984741211,12340900
2015-04-06,21.115327835083008,24.8700008392334,24.989999771118164,24.540000915527344,24.75,17404700
2015-04-07,20.63138198852539,24.299999237060547,24.790000915527344,24.18000030517578,24.65999984741211,12713400
2015-04-08,20.283283233642578,23.889999389648438,24.489999771118164,23.739999771118164,24.350000381469727,11246600
2015-04-09,20.054044723510742,23.6200008392334,23.760000228881836,23.459999084472656,23.729999542236328,7251200
2015-04-10,20.665346145629883,24.34000015258789,24.440000534057617,24.1299991607666,24.15999984741211,10466500
2015-04-13,20.27478790283203,23.8799991607666,24.420000076293945,23.780000686645508,24.329999923706055,9210700
2015-04-14,20.325735092163086,23.940000534057617,24.31999969482422,23.809999465942383,23.90999984741211,6013600
2015-04-15,21.24268341064453,25.020000457763672,25.079999923706055,24.049999237060547,24.170000076293945,15086900
2015-04-16,21.004955291748047,24.739999771118164,25.309999465942383,24.43000030517578,25.079999923706055,9122900
2015-04-17,20.9030704498291,24.6200008392334,25.040000915527344,24.559999465942383,24.719999313354492,6175500
2015-04-20,21.038915634155273,24.780000686645508,24.799999237060547,24.209999084472656,24.34000015258789,6870100
2015-04-21,21.276641845703125,25.059999465942383,25.219999313354492,24.610000610351562,24.690000534057617,7685500
2015-04-22,20.580442428588867,24.239999771118164,25.049999237060547,24.229999542236328,24.8799991607666,12175300
2015-04-23,21.106840133666992,24.860000610351562,25.0,24.25,24.309999465942383,10812000
2015-04-24,20.554967880249023,24.209999084472656,24.920000076293945,24.190000534057617,24.6200008392334,11070000
2015-04-27,21.166271209716797,24.93000030517578,25.229999542236328,24.3799991607666,24.43000030517578,14990400
2015-04-28,21.964357376098633,25.8700008392334,25.899999618530273,25.059999465942383,25.079999923706055,15620800
2015-04-29,21.845487594604492,25.729999542236328,26.399999618530273,25.549999237060547,25.8700008392334,12850600
2015-04-30,21.17476463317871,24.940000534057617,25.170000076293945,24.729999542236328,25.170000076293945,15023400
2015-05-01,21.259662628173828,25.040000915527344,25.079999923706055,24.530000686645508,24.700000762939453,4896000
2015-05-04,21.820022583007812,25.700000762939453,25.780000686645508,25.34000015258789,25.600000381469727,10127500
2015-05-05,21.5483341217041,25.3799991607666,26.059999465942383,25.15999984741211,25.90999984741211,8383700
2015-05-06,21.208723068237305,24.979999542236328,25.56999969482422,24.829999923706055,25.530000686645508,8815800
2015-05-07,21.251174926757812,25.030000686645508,25.06999969482422,24.420000076293945,24.729999542236328,7356900
2015-05-08,21.463428497314453,25.280000686645508,25.459999084472656,24.860000610351562,25.25,7366500
2015-05-11,21.59078598022461,25.43000030517578,25.649999618530273,25.020000457763672,25.360000610351562,7770400
2015-05-12,21.97284507751465,25.8799991607666,25.940000534057617,25.5,25.540000915527344,9936300
2015-05-13,22.58414649963379,26.600000381469727,26.790000915527344,26.200000762939453,26.360000610351562,13516800
2015-05-14,22.507736206054688,26.510000228881836,27.290000915527344,26.479999542236328,26.860000610351562,9799600
2015-05-15,22.669052124023438,26.700000762939453,27.0,26.25,26.479999542236328,5814100
2015-05-18,22.677539825439453,26.709999084472656,27.040000915527344,26.579999923706055,26.920000076293945,5672900
2015-05-19,21.947376251220703,25.850000381469727,26.43000030517578,25.829999923706055,26.290000915527344,12160600
2015-05-20,22.30396842956543,26.270000457763672,26.440000534057617,25.979999542236328,26.0,8221200
2015-05-21,22.091711044311523,26.020000457763672,26.329999923706055,25.969999313354492,26.079999923706055,5131800
2015-05-22,22.100200653076172,26.030000686645508,26.280000686645508,25.899999618530273,26.049999237060547,3620000
2015-05-26,21.480411529541016,25.299999237060547,25.610000610351562,25.239999771118164,25.440000534057617,10747500
2015-05-27,21.667200088500977,25.520000457763672,25.559999465942383,25.139999389648438,25.309999465942383,4791800
2015-05-28,21.862472534179688,25.75,25.790000915527344,25.09000015258789,25.309999465942383,7884200
2015-05-29,21.803041458129883,25.68000030517578,25.969999313354492,25.559999465942383,25.729999542236328,4244400
2015-06-01,21.7181396484375,25.579999923706055,26.149999618530273,25.510000228881836,26.010000228881836,5347200
2015-06-02,22.100200653076172,26.030000686645508,26.149999618530273,25.690000534057617,25.850000381469727,9261900
2015-06-03,21.828510284423828,25.709999084472656,26.1200008392334,25.59000015258789,25.8799991607666,7506400
2015-06-04,21.420976638793945,25.229999542236328,25.520000457763672,25.209999084472656,25.450000762939453,7125100
2015-06-05,21.20022964477539,24.969999313354492,25.18000030517578,24.770000457763672,24.8700008392334,6993700
2015-06-08,21.57380485534668,25.40999984741211,25.459999084472656,24.950000762939453,25.139999389648438,6666300
2015-06-09,21.361547470092773,25.15999984741211,25.649999618530273,24.40999984741211,25.639999389648438,4758900
2015-06-10,21.667200088500977,25.520000457763672,25.739999771118164,25.360000610351562,25.549999237060547,6363700
2015-06-11,21.268156051635742,25.049999237060547,25.34000015258789,24.989999771118164,25.270000457763672,7447900
2015-06-12,21.06438446044922,24.809999465942383,25.139999389648438,24.709999084472656,24.959999084472656,5829800
2015-06-15,21.140798568725586,24.899999618530273,25.239999771118164,24.65999984741211,24.81999969482422,4888200
2015-06-16,20.9794864654541,24.709999084472656,24.920000076293945,24.579999923706055,24.68000030517578,4041800
2015-06-17,21.641727447509766,25.489999771118164,25.559999465942383,24.639999389648438,24.700000762939453,10404300
2015-06-18,21.98133659362793,25.889999389648438,26.010000228881836,25.729999542236328,25.940000534057617,10706300
2015-06-19,21.701154708862305,25.559999465942383,25.84000015258789,25.329999923706055,25.780000686645508,6732300
2015-06-22,21.28513526916504,25.06999969482422,25.469999313354492,25.040000915527344,25.200000762939453,9777400
2015-06-23,21.234193801879883,25.010000228881836,25.309999465942383,24.93000030517578,25.0,5726800
2015-06-24,21.251174926757812,25.030000686645508,25.170000076293945,24.8700008392334,24.899999618530273,3553800
2015-06-25,21.115327835083008,24.8700008392334,25.149999618530273,24.8700008392334,25.030000686645508,4753600
2015-06-26,21.106840133666992,24.860000610351562,24.969999313354492,24.75,24.809999465942383,3322200
2015-06-29,20.76722526550293,24.459999084472656,25.06999969482422,24.420000076293945,24.93000030517578,6309400
2015-06-30,20.504026412963867,24.149999618530273,24.59000015258789,24.079999923706055,24.290000915527344,6379700
2015-07-01,19.697452545166016,23.200000762939453,24.149999618530273,23.149999618530273,24.149999618530273,12840200
2015-07-02,20.240829467773438,23.84000015258789,23.8700008392334,23.299999237060547,23.309999465942383,8963100
2015-07-06,20.138948440551758,23.719999313354492,24.0,23.3700008392334,23.540000915527344,5102000
2015-07-07,19.111623764038086,22.510000228881836,23.229999542236328,22.3799991607666,23.1200008392334,14095700
2015-07-08,18.704092025756836,22.030000686645508,22.739999771118164,22.0,22.709999084472656,9138900
2015-07-09,18.87389373779297,22.229999542236328,22.770000457763672,22.200000762939453,22.600000381469727,8455400
2015-07-10,18.916345596313477,22.280000686645508,22.469999313354492,22.09000015258789,22.43000030517578,3786900
2015-07-13,19.383310317993164,22.829999923706055,22.889999389648438,21.81999969482422,22.0,9778700
2015-07-14,19.137094497680664,22.540000915527344,22.940000534057617,22.5,22.75,6641800
2015-07-15,18.78050422668457,22.1200008392334,22.3799991607666,21.989999771118164,22.270000457763672,8773900
2015-07-16,18.738048553466797,22.06999969482422,22.25,21.889999389648438,21.959999084472656,3896100
2015-07-17,17.914491653442383,21.100000381469727,21.940000534057617,20.940000534057617,21.899999618530273,13803200
2015-07-20,15.842864990234375,18.65999984741211,20.31999969482422,18.420000076293945,20.049999237060547,35206600
2015-07-21,16.462656021118164,19.389999389648438,19.690000534057617,18.959999084472656,18.969999313354492,14485300
2015-07-22,16.250394821166992,19.139999389648438,19.420000076293945,18.6200008392334,18.770000457763672,14785900
2015-07-23,15.749470710754395,18.549999237060547,19.43000030517578,18.3799991607666,19.350000381469727,17135800
2015-07-24,16.547557830810547,19.489999771118164,19.639999389648438,17.920000076293945,18.209999084472656,29853500
2015-07-27,15.970216751098633,18.809999465942383,20.18000030517578,18.690000534057617,19.479999542236328,18819600
2015-07-28,16.34379005432129,19.25,19.350000381469727,18.979999542236328,19.049999237060547,12966000
2015-07-29,16.691890716552734,19.65999984741211,19.799999237060547,18.90999984741211,19.15999984741211,14973900
2015-07-30,16.114551544189453,18.979999542236328,19.540000915527344,18.860000610351562,19.280000686645508,14504500
2015-07-31,16.420202255249023,19.34000015258789,19.59000015258789,19.139999389648438,19.489999771118164,9433300
2015-08-03,15.910785675048828,18.739999771118164,19.260000228881836,18.6200008392334,19.1200008392334,11806300
2015-08-04,16.080591201782227,18.940000534057617,19.170000076293945,18.690000534057617,18.899999618530273,9602000
2015-08-05,15.69003963470459,18.479999542236328,19.18000030517578,18.40999984741211,19.110000610351562,11302100
2015-08-06,16.1230411529541,18.989999771118164,19.15999984741211,18.549999237060547,18.610000610351562,8945300
2015-08-07,16.02115821838379,18.8700008392334,19.559999465942383,18.770000457763672,18.940000534057617,8979500
2015-08-10,16.938112258911133,19.950000762939453,19.989999771118164,18.84000015258789,19.049999237060547,17511500
2015-08-11,17.49846839904785,20.610000610351562,20.649999618530273,19.709999084472656,20.149999618530273,12743100
2015-08-12,18.89936637878418,22.260000228881836,22.270000457763672,20.969999313354492,21.059999465942383,19287300
2015-08-13,17.71921730041504,20.8700008392334,21.81999969482422,20.700000762939453,21.5,24587500
2015-08-14,17.736194610595703,20.889999389648438,21.40999984741211,20.479999542236328,21.25,8075100
2015-08-17,18.203161239624023,21.440000534057617,21.56999969482422,21.09000015258789,21.25,11603100
2015-08-18,17.76166534423828,20.920000076293945,21.200000762939453,20.6200008392334,20.989999771118164,12545100
2015-08-19,18.355989456176758,21.6200008392334,21.700000762939453,21.040000915527344,21.040000915527344,13888400
2015-08-20,18.99275779724121,22.3700008392334,22.739999771118164,22.149999618530273,22.329999923706055,14759800
2015-08-21,18.16920280456543,21.399999618530273,22.719999313354492,21.260000228881836,22.719999313354492,16639800
2015-08-24,16.785287857055664,19.770000457763672,21.93000030517578,19.610000610351562,21.219999313354492,21932500
2015-08-25,16.38624382019043,19.299999237060547,20.43000030517578,19.1299991607666,20.389999389648438,13457100
2015-08-26,15.545705795288086,18.309999465942383,19.06999969482422,18.229999542236328,18.979999542236328,20652900
2015-08-27,16.556049346923828,19.5,19.649999618530273,18.299999237060547,18.469999313354492,20709500
2015-08-28,17.388093948364258,20.479999542236328,20.670000076293945,19.549999237060547,19.59000015258789,21282200
2015-08-31,17.260740280151367,20.329999923706055,20.399999618530273,19.56999969482422,20.1299991607666,10177400
2015-09-01,16.72585678100586,19.700000762939453,20.75,19.670000076293945,20.520000457763672,10377400
2015-09-02,16.66642189025879,19.6299991607666,20.15999984741211,19.280000686645508,19.829999923706055,9744300
2015-09-03,16.318321228027344,19.219999313354492,20.100000381469727,19.200000762939453,19.25,10484200
2015-09-04,16.513593673706055,19.450000762939453,19.520000457763672,18.860000610351562,19.110000610351562,11090500
2015-09-08,16.776796340942383,19.760000228881836,19.8700008392334,19.34000015258789,19.670000076293945,7749100
2015-09-09,16.148515701293945,19.020000457763672,19.59000015258789,18.8700008392334,19.31999969482422,12027400
2015-09-10,16.106061935424805,18.969999313354492,19.329999923706055,18.8799991607666,19.219999313354492,4938200
2015-09-11,16.292848587036133,19.190000534057617,19.34000015258789,18.389999389648438,18.790000915527344,9603300
2015-09-14,16.437185287475586,19.360000610351562,19.559999465942383,18.90999984741211,19.1200008392334,6991600
2015-09-15,16.37775421142578,19.290000915527344,19.59000015258789,19.18000030517578,19.309999465942383,4885800
2015-09-16,17.328662872314453,20.40999984741211,20.469999313354492,19.68000030517578,19.719999313354492,13576700
2015-09-17,17.97392463684082,21.170000076293945,21.219999313354492,20.059999465942383,20.270000457763672,14906000
2015-09-18,17.855060577392578,21.030000686645508,21.670000076293945,20.760000228881836,21.459999084472656,9027900
2015-09-21,17.303192138671875,20.3799991607666,20.90999984741211,20.299999237060547,20.780000686645508,8191800
2015-09-22,16.691890716552734,19.65999984741211,20.100000381469727,19.559999465942383,19.969999313354492,10829300
2015-09-23,16.615480422973633,19.56999969482422,20.06999969482422,19.5,20.020000457763672,8268600
2015-09-24,17.464506149291992,20.56999969482422,20.850000381469727,19.899999618530273,19.989999771118164,18002900
2015-09-25,17.056974411010742,20.09000015258789,20.479999542236328,19.959999084472656,20.229999542236328,12281500
2015-09-28,16.34379005432129,19.25,19.850000381469727,19.149999618530273,19.600000381469727,11168600
2015-09-29,16.369260787963867,19.280000686645508,19.719999313354492,19.1200008392334,19.420000076293945,5839600
2015-09-30,16.63245964050293,19.59000015258789,19.6299991607666,19.020000457763672,19.059999465942383,10986100
2015-10-01,16.275869369506836,19.170000076293945,19.989999771118164,19.049999237060547,19.639999389648438,8070500
2015-10-02,17.37111473083496,20.459999084472656,20.5,19.809999465942383,19.850000381469727,16026700
2015-10-05,17.668275833129883,20.809999465942383,20.959999084472656,20.479999542236328,20.540000915527344,12396200
2015-10-06,18.152217864990234,21.3799991607666,21.649999618530273,21.059999465942383,21.350000381469727,11865600
2015-10-07,18.14373016357422,21.3700008392334,21.579999923706055,20.950000762939453,21.549999237060547,8032300
2015-10-08,17.80411720275879,20.969999313354492,21.8799991607666,20.8700008392334,21.0,9942400
2015-10-09,18.67861557006836,22.0,22.110000610351562,21.43000030517578,21.649999618530273,15670800
2015-10-12,18.491830825805664,21.780000686645508,22.56999969482422,21.469999313354492,22.56999969482422,14385500
2015-10-13,18.339008331298828,21.600000381469727,22.1200008392334,21.43000030517578,21.610000610351562,6453300
2015-10-14,19.714431762695312,23.219999313354492,23.34000015258789,22.040000915527344,22.100000381469727,21102000
2015-10-15,19.816312789916992,23.34000015258789,23.579999923706055,22.610000610351562,22.770000457763672,8536300
2015-10-16,19.137094497680664,22.540000915527344,23.420000076293945,22.489999771118164,23.25,12008200
2015-10-19,18.24561309814453,21.489999771118164,22.459999084472656,21.25,22.399999618530273,17092200
2015-10-20,18.950307846069336,22.31999969482422,22.68000030517578,21.690000534057617,21.719999313354492,18851900
2015-10-21,18.525793075561523,21.81999969482422,22.25,21.559999465942383,22.209999084472656,11542900
2015-10-22,18.619186401367188,21.93000030517578,22.299999237060547,21.6200008392334,21.670000076293945,7934300
2015-10-23,19.162567138671875,22.56999969482422,22.75,21.729999542236328,22.200000762939453,13164200
2015-10-26,18.67861557006836,22.0,22.600000381469727,21.93000030517578,22.600000381469727,9432100
2015-10-27,18.576730728149414,21.8799991607666,22.110000610351562,21.540000915527344,21.75,6136200
2015-10-28,18.305044174194336,21.559999465942383,22.81999969482422,21.260000228881836,22.389999389648438,14511800
2015-10-29,17.43903923034668,20.540000915527344,21.43000030517578,20.440000534057617,21.25,12423700
2015-10-30,17.37111473083496,20.459999084472656,20.90999984741211,20.389999389648438,20.510000228881836,7694500
2015-11-02,17.388093948364258,20.479999542236328,20.700000762939453,19.969999313354492,20.25,5138300
2015-11-03,17.31167984008789,20.389999389648438,20.56999969482422,19.959999084472656,20.139999389648438,5538100
2015-11-04,17.048484802246094,20.079999923706055,20.829999923706055,20.010000228881836,20.59000015258789,7514400
2015-11-05,16.70038414001465,19.670000076293945,20.1299991607666,19.540000915527344,20.1299991607666,9960800
2015-11-06,16.046632766723633,18.899999618530273,19.1299991607666,18.780000686645508,19.079999923706055,12126800
2015-11-09,16.420202255249023,19.34000015258789,19.3700008392334,18.719999313354492,18.850000381469727,13103800
2015-11-10,16.046632766723633,18.899999618530273,19.290000915527344,18.829999923706055,19.06999969482422,7961800
2015-11-11,16.35228157043457,19.260000228881836,19.3799991607666,18.90999984741211,18.989999771118164,8462200
2015-11-12,16.199459075927734,19.079999923706055,19.420000076293945,18.799999237060547,18.860000610351562,5900200
2015-11-13,16.34379005432129,19.25,19.440000534057617,18.899999618530273,19.049999237060547,7417000
2015-11-16,16.437185287475586,19.360000610351562,19.579999923706055,19.299999237060547,19.360000610351562,4345400
2015-11-17,15.817394256591797,18.6299991607666,19.290000915527344,18.40999984741211,19.200000762939453,12860200
2015-11-18,16.06361198425293,18.920000076293945,18.989999771118164,18.200000762939453,18.6299991607666,10756500
2015-11-19,16.513593673706055,19.450000762939453,19.610000610351562,19.020000457763672,19.209999084472656,7928500
2015-11-20,15.987199783325195,18.829999923706055,19.530000686645508,18.56999969482422,19.530000686645508,11119000
2015-11-23,15.834376335144043,18.649999618530273,18.81999969482422,18.56999969482422,18.670000076293945,5479600
2015-11-24,16.250394821166992,19.139999389648438,19.3700008392334,18.829999923706055,18.950000762939453,10764600
2015-11-25,16.241910934448242,19.1299991607666,19.309999465942383,18.809999465942383,18.93000030517578,5018100
2015-11-27,15.910785675048828,18.739999771118164,18.93000030517578,18.520000457763672,18.520000457763672,5638000
2015-11-30,16.072101593017578,18.93000030517578,19.020000457763672,18.690000534057617,18.690000534057617,5172300
2015-12-01,16.454164505004883,19.3799991607666,19.450000762939453,18.920000076293945,19.06999969482422,7312600
2015-12-02,16.089080810546875,18.950000762939453,19.1200008392334,18.719999313354492,18.920000076293945,7470300
2015-12-03,16.454164505004883,19.3799991607666,19.440000534057617,18.889999389648438,19.1299991607666,7269500
2015-12-04,17.107913970947266,20.149999618530273,20.239999771118164,19.6299991607666,19.65999984741211,9992000
2015-12-07,16.505107879638672,19.440000534057617,19.940000534057617,19.020000457763672,19.899999618530273,11904100
2015-12-08,16.394733428955078,19.309999465942383,19.65999984741211,19.100000381469727,19.5,6286300
2015-12-09,16.58152198791504,19.530000686645508,19.8700008392334,19.360000610351562,19.639999389648438,8108000
2015-12-10,16.522085189819336,19.459999084472656,19.68000030517578,19.280000686645508,19.360000610351562,4395600
2015-12-11,16.649438858032227,19.610000610351562,19.760000228881836,19.200000762939453,19.200000762939453,4428800
2015-12-14,16.038143157958984,18.889999389648438,19.600000381469727,18.81999969482422,19.530000686645508,7676900
2015-12-15,16.148515701293945,19.020000457763672,19.18000030517578,18.81999969482422,19.06999969482422,3440300
2015-12-16,16.8617000579834,19.860000610351562,19.899999618530273,19.219999313354492,19.3799991607666,10299400
2015-12-17,15.953239440917969,18.790000915527344,19.229999542236328,18.75,19.219999313354492,9149200
2015-12-18,16.38624382019043,19.299999237060547,19.43000030517578,19.059999465942383,19.139999389648438,6482100
2015-12-21,16.57352638244629,19.3799991607666,19.530000686645508,19.260000228881836,19.479999542236328,4438400
2015-12-22,16.51366424560547,19.309999465942383,19.549999237060547,19.149999618530273,19.290000915527344,3990000
2015-12-23,16.736013412475586,19.56999969482422,19.65999984741211,19.260000228881836,19.31999969482422,4824600
2015-12-24,17.155054092407227,20.059999465942383,20.1200008392334,19.719999313354492,19.739999771118164,3887500
2015-12-28,16.599185943603516,19.40999984741211,19.780000686645508,19.270000457763672,19.75,8054100
2015-12-29,16.79587745666504,19.639999389648438,19.780000686645508,19.479999542236328,19.690000534057617,3957700
2015-12-30,16.385387420654297,19.15999984741211,19.329999923706055,19.079999923706055,19.209999084472656,5397100
2015-12-31,16.428144454956055,19.209999084472656,19.350000381469727,19.06999969482422,19.190000534057617,3447800
2016-01-04,16.93270492553711,19.799999237060547,20.040000915527344,19.510000228881836,19.68000030517578,7439400
2016-01-05,16.966915130615234,19.84000015258789,19.959999084472656,19.68000030517578,19.8700008392334,2624600
2016-01-06,17.257675170898438,20.18000030517578,20.229999542236328,19.969999313354492,20.079999923706055,6326200
2016-01-07,17.65961265563965,20.649999618530273,20.920000076293945,20.260000228881836,20.530000686645508,9670300
2016-01-08,17.155054092407227,20.059999465942383,20.280000686645508,19.65999984741211,20.219999313354492,10448200
2016-01-11,16.5307674407959,19.329999923706055,20.149999618530273,19.170000076293945,20.079999923706055,7797000
2016-01-12,16.10317611694336,18.829999923706055,19.110000610351562,18.420000076293945,19.049999237060547,7127800
2016-01-13,16.017658233642578,18.729999542236328,19.149999618530273,18.5,18.6299991607666,6400000
2016-01-14,15.478890419006348,18.100000381469727,18.670000076293945,17.959999084472656,18.559999465942383,6856000
2016-01-15,15.350611686706543,17.950000762939453,18.670000076293945,17.8799991607666,18.610000610351562,5978900
2016-01-19,14.61514949798584,17.09000015258789,18.100000381469727,17.059999465942383,17.979999542236328,11783200
2016-01-20,14.91446590423584,17.440000534057617,17.479999542236328,16.8700008392334,17.360000610351562,6103900
2016-01-21,14.931568145751953,17.459999084472656,17.610000610351562,16.959999084472656,17.25,3884700
2016-01-22,15.136815071105957,17.700000762939453,17.950000762939453,17.280000686645508,17.280000686645508,7868000
2016-01-25,15.359161376953125,17.959999084472656,18.100000381469727,17.760000228881836,18.020000457763672,5457300
2016-01-26,16.04331398010254,18.760000228881836,18.829999923706055,18.09000015258789,18.09000015258789,8587600
2016-01-27,16.35118293762207,19.1200008392334,19.200000762939453,18.559999465942383,18.700000762939453,5821100
2016-01-28,16.009103775024414,18.719999313354492,19.100000381469727,18.709999084472656,18.81999969482422,4845800
2016-01-29,16.325525283813477,19.09000015258789,19.1200008392334,18.520000457763672,18.670000076293945,5548800
2016-02-01,16.83008575439453,19.68000030517578,19.700000762939453,19.200000762939453,19.25,5830800
2016-02-02,16.43670082092285,19.219999313354492,19.709999084472656,18.940000534057617,19.510000228881836,5763900
2016-02-03,17.197813034057617,20.110000610351562,20.309999465942383,19.34000015258789,19.3700008392334,10080100
2016-02-04,17.78789710998535,20.799999237060547,21.260000228881836,20.690000534057617,20.770000457763672,10114200
2016-02-05,18.64307975769043,21.799999237060547,21.81999969482422,20.25,20.479999542236328,11061000
2016-02-08,19.429855346679688,22.719999313354492,23.200000762939453,22.420000076293945,22.489999771118164,13659400
2016-02-09,18.60887336730957,21.760000228881836,23.149999618530273,21.709999084472656,23.1200008392334,12547300
2016-02-10,18.873979568481445,22.06999969482422,22.110000610351562,21.139999389648438,21.799999237060547,8659900
2016-02-11,20.53304672241211,24.010000228881836,24.31999969482422,23.1299991607666,23.729999542236328,18125100
2016-02-12,21.30271339416504,24.90999984741211,24.90999984741211,23.270000457763672,23.420000076293945,10830000
2016-02-16,19.472614288330078,22.770000457763672,24.270000457763672,22.75,23.649999618530273,17991800
2016-02-17,20.31924819946289,23.760000228881836,23.950000762939453,23.110000610351562,23.110000610351562,9975700
2016-02-18,21.832931518554688,25.530000686645508,25.56999969482422,23.3799991607666,23.450000762939453,15837800
2016-02-19,21.114574432373047,24.690000534057617,25.299999237060547,24.59000015258789,25.15999984741211,10272200
2016-02-22,20.823808670043945,24.350000381469727,24.719999313354492,23.770000457763672,23.93000030517578,7596100
2016-02-23,21.063261032104492,24.6299991607666,25.110000610351562,24.40999984741211,24.8700008392334,8043000
2016-02-24,21.593477249145508,25.25,26.15999984741211,24.809999465942383,25.59000015258789,13682300
2016-02-25,22.038175582885742,25.770000457763672,25.799999237060547,25.049999237060547,25.110000610351562,8413500
2016-02-26,21.294160842895508,24.899999618530273,25.68000030517578,24.760000228881836,25.15999984741211,9366200
2016-02-29,22.209209442138672,25.969999313354492,26.0,25.18000030517578,25.18000030517578,9882600
2016-03-01,21.379682540893555,25.0,26.239999771118164,24.969999313354492,26.170000076293945,13019500
2016-03-02,21.98686408996582,25.709999084472656,25.809999465942383,25.030000686645508,25.1299991607666,10166800
2016-03-03,23.406475067138672,27.3700008392334,27.520000457763672,25.75,25.860000610351562,16865100
2016-03-04,23.184125900268555,27.110000610351562,28.940000534057617,27.059999465942383,27.3700008392334,19959900
2016-03-07,24.278766632080078,28.389999389648438,28.700000762939453,27.459999084472656,27.530000686645508,15584100
2016-03-08,23.090055465698242,27.0,28.829999923706055,26.989999771118164,28.790000915527344,15504800
2016-03-09,22.95322608947754,26.84000015258789,27.229999542236328,25.8799991607666,26.170000076293945,9014100
2016-03-10,23.962345123291016,28.020000457763672,28.1299991607666,27.329999923706055,27.399999618530273,14030500
2016-03-11,23.218334197998047,27.149999618530273,28.200000762939453,27.030000686645508,27.84000015258789,13733300
2016-03-14,22.37169647216797,26.15999984741211,27.40999984741211,26.149999618530273,27.299999237060547,11084300
2016-03-15,22.619701385498047,26.450000762939453,26.56999969482422,25.399999618530273,26.0,9175800
2016-03-16,24.43269920349121,28.56999969482422,28.780000686645508,25.809999465942383,26.149999618530273,16102700
2016-03-17,23.774202346801758,27.799999237060547,29.5,27.780000686645508,29.110000610351562,13303300
2016-03-18,24.287317276000977,28.399999618530273,28.790000915527344,27.809999465942383,27.899999618530273,8254800
2016-03-21,24.347179412841797,28.469999313354492,29.059999465942383,28.09000015258789,28.25,6107900
2016-03-22,24.55242347717285,28.709999084472656,29.219999313354492,28.25,29.020000457763672,6605900
2016-03-23,22.901912689208984,26.780000686645508,27.979999542236328,26.75,27.59000015258789,19445900
2016-03-24,23.06439971923828,26.969999313354492,27.309999465942383,26.579999923706055,27.030000686645508,6597600
2016-03-28,22.995983123779297,26.889999389648438,27.309999465942383,26.329999923706055,27.190000534057617,6047000
2016-03-29,24.441251754760742,28.579999923706055,28.670000076293945,26.850000381469727,27.200000762939453,15790500
2016-03-30,24.047863006591797,28.1200008392334,28.75,27.68000030517578,28.309999465942383,8297900
2016-03-31,23.816965103149414,27.850000381469727,28.690000534057617,27.700000762939453,28.639999389648438,5525600
2016-04-01,24.1846923828125,28.280000686645508,28.389999389648438,26.899999618530273,27.040000915527344,7514200
2016-04-04,23.51764678955078,27.5,28.170000076293945,27.450000762939453,28.15999984741211,8857500
2016-04-05,24.210350036621094,28.309999465942383,28.3700008392334,27.520000457763672,28.299999237060547,9434000
2016-04-06,24.304418563842773,28.420000076293945,28.56999969482422,27.90999984741211,27.940000534057617,5074800
2016-04-07,24.954360961914062,29.18000030517578,29.350000381469727,28.8799991607666,29.040000915527344,8156300
2016-04-08,25.937828063964844,30.329999923706055,30.420000076293945,29.1299991607666,29.200000762939453,10428500
2016-04-11,27.733718872070312,32.43000030517578,32.630001068115234,30.950000762939453,31.059999465942383,17810700
2016-04-12,28.084348678588867,32.84000015258789,33.06999969482422,31.75,32.58000183105469,11530400
2016-04-13,27.451507568359375,32.099998474121094,33.0,31.969999313354492,32.349998474121094,10333900
2016-04-14,26.621978759765625,31.1299991607666,32.220001220703125,30.559999465942383,32.0,12050800
2016-04-15,27.77648162841797,32.47999954223633,32.599998474121094,30.950000762939453,31.479999542236328,10289000
2016-04-18,27.86199951171875,32.58000183105469,32.970001220703125,32.13999938964844,32.900001525878906,5907900
2016-04-19,29.94865608215332,35.02000045776367,35.189998626708984,33.869998931884766,34.06999969482422,17013800
2016-04-20,28.80270767211914,33.68000030517578,35.84000015258789,33.540000915527344,34.900001525878906,16775200
2016-04-21,29.606586456298828,34.619998931884766,35.369998931884766,34.04999923706055,35.18000030517578,15504300
2016-04-22,28.76850128173828,33.63999938964844,35.04999923706055,33.130001068115234,34.220001220703125,14909000
2016-04-25,28.477733612060547,33.29999923706055,34.279998779296875,33.060001373291016,33.88999938964844,7386100
2016-04-26,29.572378158569336,34.58000183105469,34.650001525878906,33.15999984741211,33.650001525878906,13775900
2016-04-27,29.76906394958496,34.810001373291016,35.2599983215332,33.38999938964844,34.900001525878906,8104600
2016-04-28,31.111713409423828,36.380001068115234,36.599998474121094,34.9900016784668,35.33000183105469,17824700
2016-04-29,32.941810607910156,38.52000045776367,38.56999969482422,37.099998474121094,37.11000061035156,21410500
2016-05-02,32.445804595947266,37.939998626708984,38.959999084472656,37.529998779296875,38.880001068115234,12502400
2016-05-03,31.487991333007812,36.81999969482422,38.2599983215332,36.58000183105469,38.18000030517578,12405500
2016-05-04,29.598033905029297,34.61000061035156,36.970001220703125,34.43000030517578,36.06999969482422,17684000
2016-05-05,30.58149528503418,35.7599983215332,36.08000183105469,34.970001220703125,35.18000030517578,10731700
2016-05-06,32.24911117553711,37.709999084472656,38.08000183105469,36.40999984741211,36.59000015258789,19337400
2016-05-09,29.846036911010742,34.900001525878906,36.150001525878906,34.900001525878906,36.119998931884766,20446800
2016-05-10,30.906465530395508,36.13999938964844,36.31999969482422,34.40999984741211,35.220001220703125,14352600
2016-05-11,31.984004974365234,37.400001525878906,37.810001373291016,35.77000045776367,37.06999969482422,13674600
2016-05-12,31.530752182006836,36.869998931884766,38.150001525878906,36.599998474121094,37.52000045776367,9222500
2016-05-13,31.795854568481445,37.18000030517578,37.7400016784668,36.560001373291016,36.86000061035156,7836000
2016-05-16,32.556976318359375,38.06999969482422,38.79999923706055,37.68000030517578,38.22999954223633,12174800
2016-05-17,33.523338317871094,39.20000076293945,39.70000076293945,37.869998931884766,38.20000076293945,17528200
2016-05-18,30.838054656982422,36.060001373291016,39.02000045776367,36.02000045776367,38.38999938964844,29404000
2016-05-19,31.222881317138672,36.5099983215332,37.0,34.5,35.02000045776367,19164700
2016-05-20,31.52219581604004,36.86000061035156,37.130001068115234,35.40999984741211,37.029998779296875,10538800
2016-05-23,30.957780838012695,36.20000076293945,36.9900016784668,35.720001220703125,35.95000076293945,9189500
2016-05-24,28.725738525390625,33.59000015258789,35.63999938964844,33.4900016784668,35.459999084472656,23814400
2016-05-25,29.80327796936035,34.849998474121094,35.04999923706055,32.7599983215332,33.380001068115234,17287300
2016-05-26,29.555273056030273,34.560001373291016,35.7400016784668,34.2400016784668,35.4900016784668,11032100
2016-05-27,28.127107620239258,32.88999938964844,34.41999816894531,32.7400016784668,34.15999984741211,18583000
2016-05-31,28.905324935913086,33.79999923706055,34.47999954223633,32.599998474121094,32.86000061035156,15591900
2016-06-01,28.862571716308594,33.75,34.56999969482422,33.08000183105469,34.08000183105469,10069300
2016-06-02,28.905324935913086,33.79999923706055,34.29999923706055,33.38999938964844,33.70000076293945,6991400
2016-06-03,32.46290969848633,37.959999084472656,37.959999084472656,36.08000183105469,36.099998474121094,33704900
2016-06-06,33.035884857177734,38.630001068115234,38.68000030517578,37.150001525878906,37.93000030517578,13300700
2016-06-07,32.599735260009766,38.119998931884766,38.77000045776367,37.88999938964844,38.060001373291016,13733600
2016-06-08,34.12196731567383,39.900001525878906,40.470001220703125,39.40999984741211,39.77000045776367,22061100
2016-06-09,34.7120475769043,40.59000015258789,40.790000915527344,39.45000076293945,39.77000045776367,11667500
2016-06-10,34.13051986694336,39.90999984741211,41.369998931884766,39.66999816894531,40.97999954223633,15012200
2016-06-13,34.25880432128906,40.060001373291016,41.08000183105469,39.310001373291016,40.97999954223633,12511000
2016-06-14,33.58320236206055,39.27000045776367,40.15999984741211,38.630001068115234,40.150001525878906,12132400
2016-06-15,34.99425506591797,40.91999816894531,41.369998931884766,39.0,39.33000183105469,23725500
2016-06-16,34.010799407958984,39.77000045776367,42.31999969482422,39.310001373291016,42.2400016784668,21679100
2016-06-17,34.472599029541016,40.310001373291016,40.689998626708984,39.400001525878906,40.43000030517578,13111300
2016-06-20,34.823219299316406,40.720001220703125,41.0099983215332,39.0,39.15999984741211,15266700
2016-06-21,33.70293045043945,39.40999984741211,40.150001525878906,39.34000015258789,39.72999954223633,16999200
2016-06-22,33.993690490722656,39.75,39.86000061035156,38.81999969482422,39.47999954223633,6871100
2016-06-23,34.01934814453125,39.779998779296875,40.400001525878906,39.459999084472656,39.619998931884766,10012900
2016-06-24,35.635650634765625,41.66999816894531,43.7599983215332,41.25,43.599998474121094,23150700
2016-06-27,35.72972869873047,41.779998779296875,42.4900016784668,40.79999923706055,42.0,12651500
2016-06-28,35.06267547607422,41.0,41.459999084472656,40.560001373291016,40.63999938964844,13602900
2016-06-29,35.96062469482422,42.04999923706055,42.70000076293945,41.61000061035156,41.68000030517578,14549100
2016-06-30,36.430973052978516,42.599998474121094,42.70000076293945,41.75,42.41999816894531,8387700
2016-07-01,38.80839538574219,45.380001068115234,45.619998931884766,43.54999923706055,43.81999969482422,19699000
2016-07-05,39.97145080566406,46.7400016784668,47.060001373291016,45.209999084472656,45.779998779296875,21074600
2016-07-06,41.801551818847656,48.880001068115234,48.95000076293945,47.400001525878906,47.540000915527344,22875800
2016-07-07,40.29642105102539,47.119998931884766,48.25,46.77000045776367,48.15999984741211,19361300
2016-07-08,42.254798889160156,49.40999984741211,49.459999084472656,46.849998474121094,47.31999969482422,22742300
2016-07-11,42.52846145629883,49.72999954223633,50.16999816894531,48.529998779296875,48.84000015258789,12349300
2016-07-12,40.758216857910156,47.65999984741211,49.79999923706055,47.470001220703125,49.20000076293945,20916600
2016-07-13,42.63963317871094,49.86000061035156,50.290000915527344,48.209999084472656,48.40999984741211,18939000
2016-07-14,42.5113525390625,49.709999084472656,49.709999084472656,48.0,48.130001068115234,10976500
2016-07-15,41.69038009643555,48.75,49.59000015258789,48.560001373291016,48.650001525878906,10682600
2016-07-18,41.67327117919922,48.72999954223633,49.0,47.9900016784668,48.68000030517578,10401100
2016-07-19,40.74966812133789,47.650001525878906,48.630001068115234,47.58000183105469,48.36000061035156,14676300
2016-07-20,37.568382263183594,43.93000030517578,46.290000915527344,43.720001220703125,46.27000045776367,32241200
2016-07-21,39.61227035522461,46.31999969482422,46.52000045776367,44.310001373291016,44.4900016784668,21260300
2016-07-22,39.15902328491211,45.790000915527344,46.16999816894531,45.310001373291016,45.59000015258789,8427400
2016-07-25,37.405887603759766,43.7400016784668,45.0,43.5,44.959999084472656,19302400
2016-07-26,38.782737731933594,45.349998474121094,45.93000030517578,44.33000183105469,44.75,17647300
2016-07-27,40.98057556152344,47.91999816894531,48.2599983215332,44.81999969482422,46.02000045776367,22931400
2016-07-28,41.16870880126953,48.13999938964844,48.59000015258789,47.099998474121094,48.279998779296875,11808200
2016-07-29,42.81922912597656,50.06999969482422,50.560001373291016,48.86000061035156,49.34000015258789,17168900
2016-08-01,43.554683685302734,50.93000030517578,51.06999969482422,49.59000015258789,50.040000915527344,11060600
2016-08-02,43.486270904541016,50.849998474121094,51.849998474121094,50.63999938964844,51.54999923706055,8200200
2016-08-03,43.144195556640625,50.45000076293945,50.70000076293945,49.720001220703125,50.63999938964844,8216500
2016-08-04,43.74283218383789,51.150001525878906,51.65999984741211,50.79999923706055,50.900001525878906,10664600
2016-08-05,42.254798889160156,49.40999984741211,49.900001525878906,48.91999816894531,49.52000045776367,16728200
2016-08-08,42.956058502197266,50.22999954223633,50.849998474121094,49.310001373291016,49.38999938964844,11349800
2016-08-09,43.366546630859375,50.709999084472656,51.189998626708984,50.20000076293945,50.38999938964844,9436700
2016-08-10,44.10200881958008,51.56999969482422,52.36000061035156,50.95000076293945,52.15999984741211,13245600
2016-08-11,43.631656646728516,51.02000045776367,52.5,51.02000045776367,51.65999984741211,11618200
2016-08-12,43.682960510253906,51.08000183105469,52.40999984741211,50.7400016784668,52.40999984741211,8313000
2016-08-15,43.631656646728516,51.02000045776367,51.70000076293945,50.779998779296875,51.25,5984300
2016-08-16,43.879661560058594,51.310001373291016,51.65999984741211,50.97999954223633,51.31999969482422,7852400
2016-08-17,43.34943771362305,50.689998626708984,51.36000061035156,49.560001373291016,50.79999923706055,13031500
2016-08-18,44.21317672729492,51.70000076293945,51.70000076293945,50.7599983215332,51.27000045776367,12785200
2016-08-19,42.844879150390625,50.099998474121094,50.900001525878906,49.97999954223633,50.56999969482422,19121200
2016-08-22,41.89562225341797,48.9900016784668,49.47999954223633,48.650001525878906,49.150001525878906,12950000
2016-08-23,40.92070388793945,47.849998474121094,49.7400016784668,47.790000915527344,49.70000076293945,12172600
2016-08-24,37.739410400390625,44.130001068115234,47.150001525878906,43.970001220703125,47.130001068115234,30168700
2016-08-25,38.928123474121094,45.52000045776367,46.470001220703125,43.470001220703125,44.220001220703125,24490600
2016-08-26,38.63736343383789,45.18000030517578,47.7400016784668,44.560001373291016,46.619998931884766,16022400
2016-08-29,38.73143005371094,45.290000915527344,45.84000015258789,44.290000915527344,44.439998626708984,11827900
2016-08-30,36.602012634277344,42.79999923706055,45.11000061035156,42.310001373291016,44.7599983215332,22084100
2016-08-31,35.71261978149414,41.7599983215332,42.54999923706055,41.29999923706055,42.06999969482422,17438600
2016-09-01,37.41444396972656,43.75,43.93000030517578,41.11000061035156,41.380001068115234,29553200
2016-09-02,39.62083053588867,46.33000183105469,46.33000183105469,44.43000030517578,45.560001373291016,29633900
2016-09-06,42.22059631347656,49.369998931884766,49.369998931884766,47.0,47.41999816894531,33450500
2016-09-07,41.69038009643555,48.75,49.08000183105469,46.9900016784668,49.060001373291016,21408000
2016-09-08,40.90360641479492,47.83000183105469,48.86000061035156,47.310001373291016,48.349998474121094,15702100
2016-09-09,38.0045166015625,44.439998626708984,47.400001525878906,44.15999984741211,46.939998626708984,37023800
2016-09-12,39.800418853759766,46.540000915527344,47.0,43.33000183105469,43.47999954223633,29805400
2016-09-13,38.13279724121094,44.59000015258789,46.2400016784668,43.7599983215332,45.720001220703125,25459000
2016-09-14,38.26962661743164,44.75,46.20000076293945,44.56999969482422,45.209999084472656,12218600
2016-09-15,38.36370086669922,44.86000061035156,45.849998474121094,43.84000015258789,44.45000076293945,12809100
2016-09-16,37.559818267822266,43.91999816894531,45.189998626708984,43.56999969482422,44.06999969482422,17100200
2016-09-19,37.98741149902344,44.41999816894531,45.060001373291016,44.11000061035156,44.939998626708984,11598900
2016-09-20,38.030181884765625,44.470001220703125,44.79999923706055,43.93000030517578,44.22999954223633,9379400
2016-09-21,41.083194732666016,48.040000915527344,48.130001068115234,45.189998626708984,45.52000045776367,34274300
2016-09-22,40.29642105102539,47.119998931884766,48.970001220703125,46.72999954223633,48.56999969482422,23448900
2016-09-23,38.84260177612305,45.41999816894531,47.16999816894531,44.970001220703125,46.869998931884766,22675500
2016-09-26,38.372249603271484,44.869998931884766,46.349998474121094,44.720001220703125,45.79999923706055,9034400
2016-09-27,37.50851058959961,43.86000061035156,44.59000015258789,43.2599983215332,44.310001373291016,15966000
2016-09-28,38.72288513183594,45.279998779296875,45.75,42.75,44.0,23374500
2016-09-29,38.35515213012695,44.849998474121094,45.27000045776367,44.189998626708984,44.61000061035156,11042000
2016-09-30,37.87624740600586,44.290000915527344,45.880001068115234,44.08000183105469,45.709999084472656,14967200
2016-10-03,37.23484802246094,43.540000915527344,44.560001373291016,42.90999984741211,44.099998474121094,14142300
2016-10-04,33.18981170654297,38.810001373291016,42.099998474121094,38.810001373291016,42.099998474121094,41455500
2016-10-05,33.48058319091797,39.150001525878906,39.93000030517578,37.540000915527344,39.709999084472656,20536800
2016-10-06,32.035316467285156,37.459999084472656,38.290000915527344,36.959999084472656,37.52000045776367,22087000
2016-10-07,32.57408142089844,38.09000015258789,39.41999816894531,37.099998474121094,39.0,23081500
2016-10-10,33.04444122314453,38.63999938964844,38.90999984741211,38.13999938964844,38.560001373291016,10828500
2016-10-11,31.907033920288086,37.310001373291016,38.38999938964844,37.27000045776367,38.040000915527344,18111900
2016-10-12,32.75366973876953,38.29999923706055,38.61000061035156,37.33000183105469,37.41999816894531,19758000
2016-10-13,33.48058319091797,39.150001525878906,40.2400016784668,38.119998931884766,38.41999816894531,20136100
2016-10-14,32.565528869628906,38.08000183105469,39.54999923706055,37.970001220703125,38.349998474121094,20276100
2016-10-17,33.10430145263672,38.709999084472656,38.9900016784668,37.959999084472656,38.41999816894531,17119800
2016-10-18,34.7120475769043,40.59000015258789,40.630001068115234,39.060001373291016,39.540000915527344,23864700
2016-10-19,35.934967041015625,42.02000045776367,42.189998626708984,40.91999816894531,41.47999954223633,18901300
2016-10-20,35.69551086425781,41.7400016784668,42.15999984741211,40.88999938964844,42.0,13220200
2016-10-21,35.76393127441406,41.81999969482422,41.83000183105469,41.2599983215332,41.470001220703125,7508800
2016-10-24,34.77191162109375,40.65999984741211,42.33000183105469,40.16999816894531,42.2599983215332,18471300
2016-10-25,35.84088897705078,41.90999984741211,42.34000015258789,40.779998779296875,41.130001068115234,15294100
2016-10-26,34.90018844604492,40.810001373291016,42.13999938964844,40.47999954223633,41.959999084472656,24241600
2016-10-27,33.87397384643555,39.61000061035156,41.08000183105469,39.470001220703125,41.02000045776367,19731100
2016-10-28,33.87397384643555,39.61000061035156,40.75,39.040000915527344,39.619998931884766,17809200
2016-10-31,34.78901672363281,40.68000030517578,40.70000076293945,39.290000915527344,39.65999984741211,17699700
2016-11-01,35.94352340698242,42.029998779296875,42.650001525878906,41.31999969482422,41.90999984741211,20218100
2016-11-02,35.28502655029297,41.2599983215332,43.540000915527344,40.900001525878906,43.11000061035156,20640200
2016-11-03,36.21717834472656,42.349998474121094,42.5099983215332,41.0099983215332,41.04999923706055,14700300
2016-11-04,35.55868911743164,41.58000183105469,42.36000061035156,40.93000030517578,42.349998474121094,13707600
2016-11-07,34.04500198364258,39.810001373291016,40.47999954223633,39.279998779296875,40.15999984741211,26137400
2016-11-08,33.64306640625,39.34000015258789,40.970001220703125,38.7599983215332,40.20000076293945,15605500
2016-11-09,34.41273498535156,40.2400016784668,42.130001068115234,39.04999923706055,42.09000015258789,23375200
2016-11-10,31.85572624206543,37.25,39.83000183105469,37.15999984741211,39.7599983215332,42381600
2016-11-11,29.2816104888916,34.2400016784668,37.36000061035156,33.72999954223633,37.310001373291016,46732600
2016-11-14,29.897342681884766,34.959999084472656,35.970001220703125,32.79999923706055,33.470001220703125,26728700
2016-11-15,31.52219581604004,36.86000061035156,37.130001068115234,34.709999084472656,35.06999969482422,30178500
2016-11-16,30.40190887451172,35.54999923706055,36.75,35.18000030517578,36.5,25571100
2016-11-17,29.546716690063477,34.54999923706055,36.599998474121094,33.84000015258789,35.7400016784668,25495800
2016-11-18,29.521066665649414,34.52000045776367,34.66999816894531,33.65999984741211,34.11000061035156,21272000
2016-11-21,30.153902053833008,35.2599983215332,35.7400016784668,34.75,35.33000183105469,13328900
2016-11-22,30.57295036315918,35.75,35.79999923706055,34.400001525878906,35.470001220703125,14840000
2016-11-23,28.862571716308594,33.75,34.380001068115234,33.45000076293945,34.20000076293945,32415400
2016-11-25,28.905324935913086,33.79999923706055,34.58000183105469,33.58000183105469,34.29999923706055,8067400
2016-11-28,30.09404182434082,35.189998626708984,35.380001068115234,33.81999969482422,34.25,26680400
2016-11-29,29.923006057739258,34.9900016784668,35.2400016784668,34.0,34.279998779296875,11212400
2016-11-30,29.350025177001953,34.31999969482422,34.779998779296875,34.029998779296875,34.599998474121094,16465100
2016-12-01,29.290157318115234,34.25,35.279998779296875,33.52000045776367,34.18000030517578,16867400
2016-12-02,30.324935913085938,35.459999084472656,35.58000183105469,34.70000076293945,34.779998779296875,23877900
2016-12-05,30.436113357543945,35.59000015258789,36.09000015258789,34.22999954223633,34.79999923706055,15428600
2016-12-06,30.290729522705078,35.41999816894531,36.369998931884766,35.22999954223633,35.630001068115234,10723300
2016-12-07,30.726879119873047,35.93000030517578,36.52000045776367,35.599998474121094,36.16999816894531,13964200
2016-12-08,30.77819061279297,35.9900016784668,36.040000915527344,35.41999816894531,35.81999969482422,7445400
2016-12-09,29.23029899597168,34.18000030517578,35.72999954223633,33.97999954223633,35.52000045776367,30816200
2016-12-12,29.264507293701172,34.220001220703125,35.099998474121094,34.11000061035156,34.529998779296875,11961900
2016-12-13,29.401342391967773,34.380001068115234,34.54999923706055,33.790000915527344,34.220001220703125,10687600
2016-12-14,27.51992416381836,32.18000030517578,35.130001068115234,32.15999984741211,34.86000061035156,39887900
2016-12-15,25.929277420043945,30.31999969482422,31.389999389648438,29.989999771118164,31.190000534057617,33542400
2016-12-16,25.535890579223633,29.860000610351562,31.18000030517578,29.530000686645508,30.809999465942383,23705400
2016-12-19,25.60523796081543,28.43000030517578,28.920000076293945,28.1200008392334,28.889999389648438,27938700
2016-12-20,25.677291870117188,28.510000228881836,28.6299991607666,27.3700008392334,27.709999084472656,23996800
2016-12-21,25.380081176757812,28.18000030517578,28.75,28.1299991607666,28.6200008392334,11546800
2016-12-22,25.425107955932617,28.229999542236328,28.889999389648438,28.010000228881836,28.170000076293945,13975100
2016-12-23,25.776363372802734,28.6200008392334,28.690000534057617,28.149999618530273,28.329999923706055,9150700
2016-12-27,26.713029861450195,29.65999984741211,29.709999084472656,28.84000015258789,29.0,16672500
2016-12-28,27.604663848876953,30.649999618530273,30.670000076293945,29.1299991607666,29.440000534057617,22331700
2016-12-29,30.153480529785156,33.47999954223633,33.5099983215332,30.760000228881836,30.950000762939453,45037300
2016-12-30,28.415239334106445,31.549999237060547,34.29999923706055,31.489999771118164,33.52000045776367,39165500
2017-01-03,30.29758644104004,33.63999938964844,33.65999984741211,31.1299991607666,31.780000686645508,29306200
2017-01-04,30.80194664001465,34.20000076293945,34.22999954223633,33.25,34.189998626708984,19591100
2017-01-05,33.4138069152832,37.099998474121094,37.470001220703125,35.09000015258789,35.18000030517578,43147400
2017-01-06,31.882715225219727,35.400001525878906,37.18000030517578,34.15999984741211,36.15999984741211,54259800
2017-01-09,32.3870735168457,35.959999084472656,37.33000183105469,35.61000061035156,36.369998931884766,28447600
2017-01-10,33.152618408203125,36.810001373291016,37.5,35.90999984741211,36.66999816894531,21106600
2017-01-11,33.14360809326172,36.79999923706055,37.349998474121094,35.45000076293945,36.16999816894531,20436600
2017-01-12,32.936466217041016,36.56999969482422,37.880001068115234,36.099998474121094,37.7400016784668,18324000
2017-01-13,33.01751708984375,36.65999984741211,36.7599983215332,35.5,36.0,11135200
2017-01-17,34.1433219909668,37.90999984741211,38.08000183105469,37.43000030517578,37.91999816894531,26028500
2017-01-18,33.04454040527344,36.689998626708984,38.02000045776367,36.27000045776367,37.689998626708984,25973500
2017-01-19,33.00851821899414,36.650001525878906,37.099998474121094,35.709999084472656,36.16999816894531,16942800
2017-01-20,33.332740783691406,37.0099983215332,37.81999969482422,36.22999954223633,36.709999084472656,17601100
2017-01-23,34.17034149169922,37.939998626708984,37.9900016784668,37.22999954223633,37.560001373291016,17013500
2017-01-24,33.828102111816406,37.560001373291016,38.58000183105469,37.08000183105469,37.7599983215332,22199300
2017-01-25,33.53089141845703,37.22999954223633,37.2599983215332,36.4900016784668,36.72999954223633,15167800
2017-01-26,32.55819320678711,36.150001525878906,36.68000030517578,36.08000183105469,36.31999969482422,22415100
2017-01-27,33.2066535949707,36.869998931884766,36.959999084472656,36.20000076293945,36.25,18570400
2017-01-30,33.089569091796875,36.7400016784668,37.61000061035156,36.68000030517578,37.119998931884766,11382400
2017-01-31,34.026241302490234,37.779998779296875,37.79999923706055,37.279998779296875,37.63999938964844,22200700
2017-02-01,34.28742218017578,38.06999969482422,38.2400016784668,37.0099983215332,37.150001525878906,18026100
2017-02-02,35.052974700927734,38.91999816894531,39.220001220703125,38.529998779296875,39.06999969482422,15049200
2017-02-03,35.359188079833984,39.2599983215332,39.29999923706055,38.72999954223633,38.810001373291016,10864400
2017-02-06,38.08812713623047,42.290000915527344,42.290000915527344,39.68000030517578,39.970001220703125,37449600
2017-02-07,37.745880126953125,41.90999984741211,42.84000015258789,41.380001068115234,41.70000076293945,18574800
2017-02-08,37.99806594848633,42.189998626708984,43.0099983215332,41.650001525878906,42.650001525878906,14754500
2017-02-09,36.81822967529297,40.880001068115234,42.38999938964844,40.81999969482422,42.189998626708984,29287500
2017-02-10,37.655818939208984,41.810001373291016,42.66999816894531,40.2599983215332,40.400001525878906,27479300
2017-02-13,37.16947937011719,41.27000045776367,41.7400016784668,41.06999969482422,41.36000061035156,14899700
2017-02-14,37.637813568115234,41.790000915527344,42.04999923706055,40.689998626708984,41.86000061035156,17412500
2017-02-15,37.37662887573242,41.5,41.77000045776367,40.91999816894531,41.16999816894531,10747200
2017-02-16,37.93502426147461,42.119998931884766,42.38999938964844,41.689998626708984,41.869998931884766,16689900
2017-02-17,37.15146255493164,41.25,42.400001525878906,41.16999816894531,42.15999984741211,16095600
2017-02-21,36.73716735839844,40.790000915527344,41.369998931884766,39.81999969482422,40.630001068115234,13306200
2017-02-22,36.683128356933594,40.72999954223633,41.09000015258789,39.5099983215332,40.79999923706055,17615600
2017-02-23,36.854248046875,40.91999816894531,41.66999816894531,40.88999938964844,41.54999923706055,14810900
2017-02-24,36.106719970703125,40.09000015258789,41.599998474121094,39.970001220703125,41.56999969482422,15481300
2017-02-27,32.64825439453125,36.25,40.68000030517578,36.08000183105469,40.0,61392000
2017-02-28,33.26068878173828,36.93000030517578,37.81999969482422,36.33000183105469,37.29999923706055,25422100
2017-03-01,33.89113998413086,37.630001068115234,37.650001525878906,35.70000076293945,35.79999923706055,24864700
2017-03-02,31.099149703979492,34.529998779296875,37.0099983215332,34.369998931884766,36.58000183105469,48280500
2017-03-03,31.99979591369629,35.529998779296875,35.91999816894531,33.59000015258789,34.529998779296875,38762500
2017-03-06,30.09943962097168,33.41999816894531,35.11000061035156,32.900001525878906,34.9900016784668,48400100
2017-03-07,30.360624313354492,33.709999084472656,34.470001220703125,32.65999984741211,32.970001220703125,27371500
2017-03-08,30.009376525878906,33.31999969482422,34.040000915527344,33.04999923706055,33.08000183105469,12115900
2017-03-09,29.70315933227539,32.97999954223633,33.849998474121094,32.880001068115234,33.5,10661100
2017-03-10,31.24325180053711,34.689998626708984,34.869998931884766,33.0,33.22999954223633,29933000
2017-03-13,32.55819320678711,36.150001525878906,36.349998474121094,34.70000076293945,34.900001525878906,34798700
2017-03-14,30.612804412841797,33.9900016784668,36.279998779296875,33.790000915527344,36.040000915527344,40219200
2017-03-15,34.1433219909668,37.90999984741211,38.119998931884766,33.95000076293945,34.349998474121094,64810900
2017-03-16,33.72903060913086,37.45000076293945,38.56999969482422,36.9900016784668,38.52000045776367,19549500
2017-03-17,32.675270080566406,36.279998779296875,37.720001220703125,35.68000030517578,37.4900016784668,29731600
2017-03-20,33.17963409423828,36.84000015258789,37.290000915527344,36.09000015258789,36.5,20252400
2017-03-21,33.738037109375,37.459999084472656,38.220001220703125,37.220001220703125,37.47999954223633,23095400
2017-03-22,33.37777328491211,37.060001373291016,37.95000076293945,36.93000030517578,37.95000076293945,13735600
2017-03-23,32.65726089477539,36.2599983215332,37.439998626708984,35.7400016784668,37.29999923706055,22018800
2017-03-24,32.60322952270508,36.20000076293945,36.79999923706055,35.91999816894531,36.2400016784668,11212000
2017-03-27,33.26969528198242,36.939998626708984,37.25,36.38999938964844,37.20000076293945,22954200
2017-03-28,32.278987884521484,35.84000015258789,36.939998626708984,35.18000030517578,36.86000061035156,28151300
2017-03-29,32.55819320678711,36.150001525878906,36.4900016784668,35.529998779296875,35.689998626708984,11883900
2017-03-30,32.15290451049805,35.70000076293945,36.09000015258789,35.4900016784668,35.68000030517578,14396300
2017-03-31,32.405086517333984,35.97999954223633,36.7599983215332,35.650001525878906,35.81999969482422,16864900
2017-04-03,32.990501403808594,36.630001068115234,36.81999969482422,36.02000045776367,36.08000183105469,15308500
2017-04-04,33.35075759887695,37.029998779296875,37.08000183105469,36.52000045776367,36.9900016784668,9915200
2017-04-05,33.23367691040039,36.900001525878906,37.130001068115234,35.849998474121094,36.43000030517578,19081400
2017-04-06,33.06254959106445,36.709999084472656,36.91999816894531,36.33000183105469,36.68000030517578,10590600
2017-04-07,32.92745590209961,36.560001373291016,37.540000915527344,36.08000183105469,37.40999984741211,15091200
2017-04-10,33.1255989074707,36.779998779296875,36.849998474121094,36.11000061035156,36.40999984741211,9670700
2017-04-11,33.77406311035156,37.5,37.720001220703125,36.86000061035156,37.189998626708984,22630300
2017-04-12,34.26041030883789,38.040000915527344,38.060001373291016,37.099998474121094,37.459999084472656,15620200
2017-04-13,33.05354309082031,36.70000076293945,37.56999969482422,36.630001068115234,37.439998626708984,37058400
2017-04-17,32.54918670654297,36.13999938964844,36.81999969482422,35.43000030517578,36.68000030517578,28969500
2017-04-18,32.30601119995117,35.869998931884766,36.290000915527344,35.40999984741211,35.97999954223633,14203200
2017-04-19,31.261266708374023,34.709999084472656,35.59000015258789,33.900001525878906,35.45000076293945,36664400
2017-04-20,31.090150833129883,34.52000045776367,35.06999969482422,34.33000183105469,34.560001373291016,15837400
2017-04-21,31.10816192626953,34.540000915527344,34.939998626708984,34.400001525878906,34.630001068115234,11443300
2017-04-24,30.351621627807617,33.70000076293945,34.09000015258789,33.619998931884766,33.77000045776367,18533600
2017-04-25,29.036684036254883,32.2400016784668,33.16999816894531,31.6200008392334,33.130001068115234,45285300
2017-04-26,29.05469512939453,32.2599983215332,32.869998931884766,31.25,32.15999984741211,34787300
2017-04-27,28.541332244873047,31.690000534057617,32.31999969482422,31.420000076293945,32.22999954223633,24996600
2017-04-28,29.02767562866211,32.22999954223633,32.880001068115234,31.729999542236328,31.75,23396100
2017-05-01,28.217100143432617,31.329999923706055,32.15999984741211,30.84000015258789,32.0,34311200
2017-05-02,28.072999954223633,31.170000076293945,31.719999313354492,31.010000228881836,31.1200008392334,12451500
2017-05-03,27.64969825744629,30.700000762939453,31.93000030517578,30.700000762939453,31.1299991607666,20604700
2017-05-04,26.704023361206055,29.649999618530273,30.3799991607666,29.329999923706055,30.139999389648438,30081000
2017-05-05,27.262420654296875,30.270000457763672,30.68000030517578,29.709999084472656,29.709999084472656,20448400
2017-05-08,27.298444747924805,30.309999465942383,30.43000030517578,29.690000534057617,30.43000030517578,10278100
2017-05-09,27.2083797454834,30.209999084472656,30.31999969482422,29.729999542236328,29.950000762939453,11570800
2017-05-10,27.865854263305664,30.940000534057617,31.260000228881836,30.649999618530273,30.65999984741211,20181100
2017-05-11,28.901586532592773,32.09000015258789,32.11000061035156,31.110000610351562,31.170000076293945,24372400
2017-05-12,29.3068790435791,32.540000915527344,33.0,32.33000183105469,32.59000015258789,15846700
2017-05-15,29.50501823425293,32.7599983215332,33.279998779296875,31.989999771118164,33.279998779296875,15474200
2017-05-16,29.70315933227539,32.97999954223633,33.150001525878906,32.65999984741211,32.869998931884766,10406800
2017-05-17,30.432680130004883,33.790000915527344,34.16999816894531,33.2400016784668,33.77000045776367,24291100
2017-05-18,29.333898544311523,32.56999969482422,33.4900016784668,32.459999084472656,33.4900016784668,29680300
2017-05-19,29.369922637939453,32.61000061035156,32.97999954223633,32.45000076293945,32.900001525878906,8209900
2017-05-22,29.838258743286133,33.130001068115234,33.29999923706055,32.81999969482422,32.86000061035156,11923000
2017-05-23,28.739471435546875,31.90999984741211,33.2599983215332,31.84000015258789,33.2599983215332,24154400
2017-05-24,29.009662628173828,32.209999084472656,32.40999984741211,30.889999389648438,31.600000381469727,21853800
2017-05-25,28.586366653442383,31.739999771118164,32.06999969482422,31.399999618530273,31.760000228881836,18708300
2017-05-26,28.74847984313965,31.920000076293945,32.349998474121094,31.889999389648438,32.29999923706055,9927500
2017-05-30,28.352195739746094,31.479999542236328,31.760000228881836,31.450000762939453,31.520000457763672,18896000
2017-05-31,28.307165145874023,31.43000030517578,31.790000915527344,31.040000915527344,31.540000915527344,11327400
2017-06-01,28.217100143432617,31.329999923706055,31.579999923706055,31.040000915527344,31.09000015258789,11677800
2017-06-02,28.712451934814453,31.8799991607666,32.02000045776367,31.5,31.690000534057617,14444100
2017-06-05,28.89258575439453,32.08000183105469,32.16999816894531,31.469999313354492,32.040000915527344,8329200
2017-06-06,30.657840728759766,34.040000915527344,34.13999938964844,32.61000061035156,32.630001068115234,34236700
2017-06-07,30.576784133911133,33.95000076293945,34.20000076293945,33.400001525878906,33.65999984741211,17007300
2017-06-08,30.027387619018555,33.34000015258789,33.72999954223633,32.90999984741211,33.59000015258789,14659800
2017-06-09,29.53203773498535,32.790000915527344,33.29999923706055,32.709999084472656,32.7599983215332,14613000
2017-06-12,30.22553253173828,33.560001373291016,33.880001068115234,32.560001373291016,32.61000061035156,18403200
2017-06-13,30.92803382873535,34.34000015258789,34.689998626708984,33.41999816894531,33.43000030517578,17783100
2017-06-14,29.586076736450195,32.849998474121094,35.04999923706055,32.150001525878906,35.0,38929200
2017-06-15,29.468994140625,32.720001220703125,33.22999954223633,32.209999084472656,32.25,12121600
2017-06-16,29.72117042541504,33.0,33.22999954223633,32.54999923706055,32.779998779296875,15885400
2017-06-19,29.234825134277344,32.459999084472656,33.08000183105469,32.45000076293945,32.599998474121094,18858400
2017-06-20,29.189796447753906,32.40999984741211,32.54999923706055,32.130001068115234,32.5,7912800
2017-06-21,29.65812873840332,32.93000030517578,33.029998779296875,32.27000045776367,32.27000045776367,10961300
2017-06-22,30.270565032958984,33.61000061035156,33.7400016784668,33.20000076293945,33.29999923706055,13008900
2017-06-23,30.80194664001465,34.20000076293945,34.209999084472656,33.7599983215332,34.0,11186200
2017-06-26,30.396656036376953,33.75,34.150001525878906,33.5099983215332,33.56999969482422,12680700
2017-06-27,30.171497344970703,33.5,34.16999816894531,33.47999954223633,34.060001373291016,8422300
2017-06-28,30.63982582092285,34.02000045776367,34.040000915527344,33.38999938964844,33.709999084472656,9288000
2017-06-29,30.009376525878906,33.31999969482422,33.779998779296875,33.04999923706055,33.650001525878906,14805600
2017-06-30,30.063413619995117,33.380001068115234,33.59000015258789,33.15999984741211,33.15999984741211,7703100
2017-07-03,28.98264503479004,32.18000030517578,32.86000061035156,32.150001525878906,32.72999954223633,15493900
2017-07-05,29.315885543823242,32.54999923706055,32.68000030517578,31.940000534057617,32.33000183105469,16609600
2017-07-06,28.838542938232422,32.02000045776367,32.369998931884766,31.8700008392334,32.369998931884766,12553800
2017-07-07,28.181076049804688,31.290000915527344,31.770000457763672,30.979999542236328,31.6299991607666,17125200
2017-07-10,28.874568939208984,32.060001373291016,32.099998474121094,30.969999313354492,30.969999313354492,14885900
2017-07-11,28.98264503479004,32.18000030517578,32.2400016784668,31.440000534057617,32.0099983215332,8459900
2017-07-12,29.090723037719727,32.29999923706055,32.7599983215332,32.25,32.529998779296875,9287200
2017-07-13,28.721460342407227,31.889999389648438,32.439998626708984,31.780000686645508,32.29999923706055,8345500
2017-07-14,29.1807861328125,32.400001525878906,32.650001525878906,32.279998779296875,32.439998626708984,12389200
2017-07-17,29.50501823425293,32.7599983215332,32.95000076293945,32.61000061035156,32.66999816894531,9437500
2017-07-18,29.65812873840332,32.93000030517578,33.15999984741211,32.79999923706055,33.040000915527344,8896100
2017-07-19,29.54104232788086,32.79999923706055,33.08000183105469,32.58000183105469,32.849998474121094,6631900
2017-07-20,29.685144424438477,32.959999084472656,33.130001068115234,32.63999938964844,32.810001373291016,7297800
2017-07-21,29.847257614135742,33.13999938964844,33.2599983215332,32.95000076293945,33.22999954223633,7243700
2017-07-24,29.252840042114258,32.47999954223633,33.2400016784668,32.34000015258789,33.22999954223633,11611700
2017-07-25,29.0997314453125,32.310001373291016,32.81999969482422,32.2400016784668,32.52000045776367,6383100
2017-07-26,30.18950653076172,33.52000045776367,33.790000915527344,32.27000045776367,32.310001373291016,20244400
2017-07-27,29.65812873840332,32.93000030517578,33.650001525878906,32.77000045776367,33.470001220703125,12767200
2017-07-28,30.29758644104004,33.63999938964844,33.709999084472656,33.04999923706055,33.04999923706055,15511200
2017-07-31,30.279569625854492,33.619998931884766,33.900001525878906,33.40999984741211,33.63999938964844,9013700
2017-08-01,30.207521438598633,33.540000915527344,33.97999954223633,33.36000061035156,33.43000030517578,8094700
2017-08-02,29.928319931030273,33.22999954223633,33.720001220703125,33.13999938964844,33.38999938964844,8420200
2017-08-03,29.811233520507812,33.099998474121094,33.38999938964844,33.02000045776367,33.2400016784668,5596400
2017-08-04,29.17177963256836,32.38999938964844,32.86000061035156,32.13999938964844,32.77000045776367,17166700
2017-08-07,29.01866912841797,32.220001220703125,32.459999084472656,32.099998474121094,32.20000076293945,6834800
2017-08-08,29.036684036254883,32.2400016784668,32.439998626708984,31.799999237060547,32.36000061035156,10454700
2017-08-09,29.559057235717773,32.81999969482422,32.970001220703125,32.47999954223633,32.83000183105469,15019400
2017-08-10,30.018386840820312,33.33000183105469,33.380001068115234,33.04999923706055,33.2599983215332,18296600
2017-08-11,30.288578033447266,33.630001068115234,33.63999938964844,33.040000915527344,33.31999969482422,13110400
2017-08-14,29.766202926635742,33.04999923706055,33.41999816894531,32.9900016784668,33.2400016784668,10704900
2017-08-15,29.32489013671875,32.560001373291016,32.72999954223633,32.459999084472656,32.5099983215332,9581800
2017-08-16,30.027387619018555,33.34000015258789,33.5099983215332,32.459999084472656,32.5099983215332,14048800
2017-08-17,30.081432342529297,33.400001525878906,33.70000076293945,33.16999816894531,33.5099983215332,8396400
2017-08-18,30.07242202758789,33.38999938964844,33.95000076293945,33.16999816894531,33.84000015258789,11686100
2017-08-21,30.531753540039062,33.900001525878906,33.900001525878906,33.5,33.54999923706055,11359500
2017-08-22,30.171497344970703,33.5,33.880001068115234,33.4900016784668,33.7400016784668,9614500
2017-08-23,30.423675537109375,33.779998779296875,33.810001373291016,33.43000030517578,33.689998626708984,5531700
2017-08-24,30.441682815551758,33.79999923706055,34.0099983215332,33.560001373291016,33.61000061035156,7033400
2017-08-25,30.567777633666992,33.939998626708984,34.13999938964844,33.459999084472656,33.970001220703125,8219600
2017-08-28,31.738609313964844,35.2400016784668,35.2599983215332,34.16999816894531,34.20000076293945,25611600
2017-08-29,31.90072250366211,35.41999816894531,36.13999938964844,34.91999816894531,35.959999084472656,14828200
2017-08-30,31.450403213500977,34.91999816894531,35.400001525878906,34.790000915527344,35.38999938964844,10960700
2017-08-31,32.495147705078125,36.08000183105469,36.119998931884766,34.9900016784668,34.9900016784668,19062400
2017-09-01,32.65726089477539,36.2599983215332,36.40999984741211,35.68000030517578,36.380001068115234,11198600
2017-09-05,33.683998107910156,37.400001525878906,37.400001525878906,36.540000915527344,36.560001373291016,18253400
2017-09-06,33.16162109375,36.81999969482422,37.540000915527344,36.5,37.220001220703125,16847500
2017-09-07,33.936180114746094,37.68000030517578,37.7599983215332,37.099998474121094,37.34000015258789,16767500
2017-09-08,33.2877082824707,36.959999084472656,37.650001525878906,36.689998626708984,37.650001525878906,17743600
2017-09-11,32.36005401611328,35.93000030517578,36.86000061035156,35.83000183105469,36.279998779296875,18838000
2017-09-12,32.72931671142578,36.34000015258789,36.52000045776367,35.75,35.869998931884766,11158600
2017-09-13,32.00880813598633,35.540000915527344,36.27000045776367,35.380001068115234,36.2599983215332,17029200
2017-09-14,32.31502151489258,35.880001068115234,35.9900016784668,35.31999969482422,35.45000076293945,15598200
2017-09-15,31.77463722229004,35.279998779296875,35.959999084472656,35.22999954223633,35.86000061035156,22189800
2017-09-18,31.063129425048828,34.4900016784668,34.97999954223633,34.31999969482422,34.790000915527344,15740900
2017-09-19,31.270278930664062,34.720001220703125,34.81999969482422,34.459999084472656,34.599998474121094,11651200
2017-09-20,30.720884323120117,34.11000061035156,35.29999923706055,33.66999816894531,34.77000045776367,18293100
2017-09-21,30.396656036376953,33.75,34.290000915527344,33.59000015258789,33.599998474121094,9542400
2017-09-22,30.882999420166016,34.290000915527344,34.45000076293945,33.9900016784668,34.13999938964844,10841700
2017-09-25,31.4774227142334,34.95000076293945,35.09000015258789,34.06999969482422,34.11000061035156,17646000
2017-09-26,30.71187973022461,34.099998474121094,34.720001220703125,33.91999816894531,34.369998931884766,17146800
2017-09-27,30.23453712463379,33.56999969482422,34.0099983215332,33.45000076293945,33.7599983215332,13153900
2017-09-28,30.51373863220215,33.880001068115234,34.15999984741211,33.58000183105469,33.70000076293945,10260900
2017-09-29,30.25255012512207,33.59000015258789,33.97999954223633,33.58000183105469,33.93000030517578,9155400
2017-10-02,30.261554718017578,33.599998474121094,33.77000045776367,33.220001220703125,33.54999923706055,15524800
2017-10-03,30.657840728759766,34.040000915527344,34.209999084472656,33.63999938964844,33.689998626708984,9345700
2017-10-04,30.910018920898438,34.31999969482422,34.369998931884766,34.02000045776367,34.2400016784668,7602200
2017-10-05,30.432680130004883,33.790000915527344,34.33000183105469,33.7400016784668,34.27000045776367,9299100
2017-10-06,31.153188705444336,34.59000015258789,34.61000061035156,33.52000045776367,33.79999923706055,16512800
2017-10-09,31.495439529418945,34.970001220703125,35.060001373291016,34.540000915527344,34.75,6774000
2017-10-10,31.090150833129883,34.52000045776367,35.18000030517578,34.40999984741211,35.13999938964844,13297400
2017-10-11,31.450403213500977,34.91999816894531,34.959999084472656,34.0,34.70000076293945,13724900
2017-10-12,31.20722770690918,34.650001525878906,34.880001068115234,34.5099983215332,34.84000015258789,7377300
2017-10-13,31.18021583557129,34.619998931884766,34.959999084472656,34.400001525878906,34.939998626708984,3754400
2017-10-16,30.576784133911133,33.95000076293945,34.65999984741211,33.70000076293945,34.5,13325300
2017-10-17,30.51373863220215,33.880001068115234,33.959999084472656,33.5,33.70000076293945,6986700
2017-10-18,30.23453712463379,33.56999969482422,33.93000030517578,33.56999969482422,33.81999969482422,6482900
2017-10-19,30.4506893157959,33.810001373291016,33.9900016784668,33.65999984741211,33.7599983215332,6558100
2017-10-20,29.96434783935547,33.27000045776367,33.630001068115234,33.20000076293945,33.540000915527344,9501900
2017-10-23,29.775209426879883,33.060001373291016,33.29999923706055,32.7400016784668,33.06999969482422,9443600
2017-10-24,29.432966232299805,32.68000030517578,33.06999969482422,32.599998474121094,32.900001525878906,9227800
2017-10-25,29.17177963256836,32.38999938964844,32.709999084472656,32.310001373291016,32.68000030517578,9059600
2017-10-26,28.739471435546875,31.90999984741211,32.5,31.75,32.45000076293945,15244900
2017-10-27,28.910593032836914,32.099998474121094,32.279998779296875,31.610000610351562,31.799999237060547,9434600
2017-10-30,29.24383544921875,32.470001220703125,32.70000076293945,31.799999237060547,31.799999237060547,12090000
2017-10-31,28.811521530151367,31.989999771118164,32.209999084472656,31.90999984741211,32.20000076293945,9842100
2017-11-01,28.928606033325195,32.119998931884766,32.66999816894531,32.0,32.18000030517578,8566600
2017-11-02,29.19879913330078,32.41999816894531,32.720001220703125,32.220001220703125,32.220001220703125,10638300
2017-11-03,28.928606033325195,32.119998931884766,32.58000183105469,31.889999389648438,32.54999923706055,10854100
2017-11-06,29.54104232788086,32.79999923706055,32.9900016784668,32.099998474121094,32.130001068115234,14309700
2017-11-07,29.270849227905273,32.5,32.720001220703125,32.22999954223633,32.630001068115234,7365700
2017-11-08,29.45998764038086,32.709999084472656,33.02000045776367,32.65999984741211,32.75,7322900
2017-11-09,29.36091423034668,32.599998474121094,32.880001068115234,32.38999938964844,32.7599983215332,6584300
2017-11-10,28.919599533081055,32.11000061035156,32.630001068115234,32.029998779296875,32.529998779296875,8376200
2017-11-13,28.721460342407227,31.889999389648438,32.2599983215332,31.829999923706055,32.189998626708984,10273900
2017-11-14,28.523317337036133,31.670000076293945,31.969999313354492,31.530000686645508,31.709999084472656,8455000
2017-11-15,28.712451934814453,31.8799991607666,31.920000076293945,31.559999465942383,31.790000915527344,8802600
2017-11-16,28.739471435546875,31.90999984741211,31.959999084472656,31.690000534057617,31.690000534057617,9786000
2017-11-17,29.1807861328125,32.400001525878906,32.540000915527344,31.950000762939453,32.02000045776367,10027800
2017-11-20,28.622386932373047,31.780000686645508,32.11000061035156,31.6299991607666,32.06999969482422,14640900
2017-11-21,28.79351043701172,31.969999313354492,32.2599983215332,31.889999389648438,31.920000076293945,8943400
2017-11-22,29.24383544921875,32.470001220703125,32.59000015258789,32.20000076293945,32.22999954223633,12731800
2017-11-24,28.98264503479004,32.18000030517578,32.61000061035156,32.16999816894531,32.47999954223633,5009700
2017-11-27,29.297868728637695,32.529998779296875,32.68000030517578,32.29999923706055,32.619998931884766,12353400
2017-11-28,29.090723037719727,32.29999923706055,32.54999923706055,32.189998626708984,32.540000915527344,5012400
2017-11-29,28.559345245361328,31.709999084472656,32.09000015258789,31.65999984741211,32.0,10900400
2017-11-30,28.50530433654785,31.649999618530273,31.950000762939453,31.43000030517578,31.610000610351562,7407800
2017-12-01,28.595369338989258,31.75,32.2599983215332,31.59000015258789,31.639999389648438,14140100
2017-12-04,28.190078735351562,31.299999237060547,31.610000610351562,31.25,31.549999237060547,8934200
2017-12-05,27.79380226135254,30.860000610351562,31.170000076293945,30.540000915527344,31.170000076293945,10944100
2017-12-06,27.406526565551758,30.43000030517578,30.850000381469727,30.290000915527344,30.600000381469727,14940800
2017-12-07,27.05527114868164,30.040000915527344,30.299999237060547,29.84000015258789,30.010000228881836,11942400
2017-12-08,27.316457748413086,30.329999923706055,30.469999313354492,30.110000610351562,30.15999984741211,8968900
2017-12-11,27.343477249145508,30.360000610351562,30.770000457763672,30.200000762939453,30.350000381469727,6090000
2017-12-12,27.39751434326172,30.420000076293945,30.440000534057617,30.170000076293945,30.239999771118164,4621300
2017-12-13,28.4422607421875,31.579999923706055,31.8700008392334,30.389999389648438,30.40999984741211,24950200
2017-12-14,28.406234741210938,31.540000915527344,31.649999618530273,31.020000457763672,31.510000228881836,10438200
2017-12-15,28.334184646606445,31.459999084472656,31.799999237060547,31.350000381469727,31.719999313354492,7543400
2017-12-18,28.812591552734375,31.979999542236328,32.08000183105469,31.68000030517578,31.700000762939453,10964900
2017-12-19,28.92971420288086,32.11000061035156,32.2400016784668,31.790000915527344,31.979999542236328,7946600
2017-12-20,29.47930335998535,32.720001220703125,32.88999938964844,32.189998626708984,32.220001220703125,14281300
2017-12-21,29.794633865356445,33.06999969482422,33.279998779296875,32.65999984741211,32.66999816894531,8195700
2017-12-22,30.20907211303711,33.529998779296875,33.66999816894531,33.08000183105469,33.25,11285100
2017-12-26,30.902812957763672,34.29999923706055,34.34000015258789,33.61000061035156,33.75,15402500
2017-12-27,30.866777420043945,34.2599983215332,34.43000030517578,33.900001525878906,34.400001525878906,11430200
2017-12-28,30.857759475708008,34.25,34.459999084472656,33.90999984741211,34.310001373291016,6460800
2017-12-29,30.74964714050293,34.130001068115234,34.470001220703125,33.9900016784668,34.36000061035156,7183600
2018-01-02,31.659610748291016,35.13999938964844,35.16999816894531,34.47999954223633,34.5,14051200
2018-01-03,31.11904525756836,34.540000915527344,35.130001068115234,34.02000045776367,35.040000915527344,13739500
2018-01-04,31.335269927978516,34.779998779296875,34.81999969482422,34.20000076293945,34.529998779296875,8099200
2018-01-05,31.064983367919922,34.47999954223633,34.77000045776367,34.380001068115234,34.459999084472656,7957400
2018-01-08,30.587478637695312,33.95000076293945,34.41999816894531,33.849998474121094,34.400001525878906,13323100
2018-01-09,29.97482681274414,33.27000045776367,33.599998474121094,33.18000030517578,33.599998474121094,11547000
2018-01-10,30.344219207763672,33.68000030517578,34.0,33.439998626708984,33.689998626708984,13488400
2018-01-11,30.596485137939453,33.959999084472656,34.06999969482422,33.810001373291016,33.900001525878906,11949900
2018-01-12,31.479421615600586,34.939998626708984,35.029998779296875,34.25,34.279998779296875,17409100
2018-01-16,32.047027587890625,35.56999969482422,35.65999984741211,34.900001525878906,35.09000015258789,12749100
2018-01-17,31.479421615600586,34.939998626708984,35.75,34.900001525878906,35.33000183105469,14082200
2018-01-18,30.884790420532227,34.279998779296875,35.11000061035156,34.189998626708984,35.04999923706055,14963300
2018-01-19,30.992910385131836,34.400001525878906,34.709999084472656,34.380001068115234,34.52000045776367,6885300
2018-01-22,31.09201431274414,34.5099983215332,34.75,34.2400016784668,34.47999954223633,5597200
2018-01-23,31.56050682067871,35.029998779296875,35.150001525878906,33.970001220703125,34.25,12398900
2018-01-24,32.20018768310547,35.7400016784668,36.08000183105469,35.529998779296875,35.689998626708984,16125600
2018-01-25,31.101022720336914,34.52000045776367,35.939998626708984,34.400001525878906,35.88999938964844,27161400
2018-01-26,31.34427833557129,34.790000915527344,35.099998474121094,34.599998474121094,34.75,7238100
2018-01-29,30.245113372802734,33.56999969482422,34.47999954223633,33.41999816894531,34.47999954223633,19944700
2018-01-30,29.839675903320312,33.119998931884766,33.9900016784668,33.0099983215332,33.91999816894531,14943900
2018-01-31,30.344219207763672,33.68000030517578,33.900001525878906,32.72999954223633,33.599998474121094,19626200
2018-02-01,30.29917335510254,33.630001068115234,33.779998779296875,33.150001525878906,33.36000061035156,9900800
2018-02-02,29.091886520385742,32.290000915527344,33.060001373291016,32.119998931884766,33.0099983215332,25322200
2018-02-05,29.172975540161133,32.380001068115234,32.54999923706055,31.969999313354492,32.38999938964844,11099900
2018-02-06,28.389144897460938,31.510000228881836,32.209999084472656,31.479999542236328,31.959999084472656,20453500
2018-02-07,28.15489387512207,31.25,31.940000534057617,31.100000381469727,31.299999237060547,14649600
2018-02-08,28.22696876525879,31.329999923706055,31.829999923706055,31.079999923706055,31.270000457763672,11806700
2018-02-09,27.59630012512207,30.6299991607666,31.350000381469727,29.8799991607666,31.34000015258789,25700600
2018-02-12,28.55131721496582,31.690000534057617,32.06999969482422,30.670000076293945,30.8700008392334,26193700
2018-02-13,28.8035831451416,31.969999313354492,32.119998931884766,31.540000915527344,31.799999237060547,7861100
2018-02-14,30.136999130249023,33.45000076293945,33.619998931884766,31.610000610351562,31.899999618530273,25607100
2018-02-15,30.227094650268555,33.54999923706055,33.689998626708984,32.810001373291016,33.54999923706055,7469600
2018-02-16,29.29010009765625,32.5099983215332,33.36000061035156,32.130001068115234,33.13999938964844,15423800
2018-02-20,28.47022819519043,31.600000381469727,32.33000183105469,31.469999313354492,32.09000015258789,17353400
2018-02-21,28.42517852783203,31.549999237060547,32.7400016784668,31.540000915527344,31.989999771118164,10937700
2018-02-22,28.416170120239258,31.540000915527344,31.959999084472656,31.510000228881836,31.780000686645508,7145300
2018-02-23,28.74952507019043,31.90999984741211,32.060001373291016,31.479999542236328,31.579999923706055,6989400
2018-02-26,29.25406265258789,32.470001220703125,32.5099983215332,32.099998474121094,32.27000045776367,9816300
2018-02-27,28.398151397705078,31.520000457763672,32.220001220703125,31.309999465942383,32.15999984741211,23688700
2018-02-28,28.272016525268555,31.3799991607666,31.809999465942383,31.3700008392334,31.600000381469727,5441300
2018-03-01,28.731504440307617,31.889999389648438,32.040000915527344,30.709999084472656,31.1299991607666,16750300
2018-03-02,28.587350845336914,31.729999542236328,32.34000015258789,31.670000076293945,32.150001525878906,10012500
2018-03-05,28.659427642822266,31.809999465942383,31.850000381469727,31.489999771118164,31.670000076293945,4199000
2018-03-06,29.190994262695312,32.400001525878906,32.83000183105469,32.25,32.25,18754800
2018-03-07,28.533292770385742,31.670000076293945,32.439998626708984,31.530000686645508,32.349998474121094,16469900
2018-03-08,28.62339210510254,31.770000457763672,31.8799991607666,31.469999313354492,31.829999923706055,9228200
2018-03-09,28.57834243774414,31.719999313354492,32.130001068115234,31.549999237060547,31.56999969482422,11206500
2018-03-12,28.821598052978516,31.989999771118164,32.0099983215332,31.329999923706055,31.510000228881836,13201500
2018-03-13,28.677446365356445,31.829999923706055,32.13999938964844,31.6200008392334,31.989999771118164,6131400
2018-03-14,28.686458587646484,31.84000015258789,32.04999923706055,31.709999084472656,31.860000610351562,5623300
2018-03-15,28.407163619995117,31.530000686645508,31.739999771118164,31.40999984741211,31.700000762939453,9570900
2018-03-16,28.29904556274414,31.40999984741211,31.56999969482422,31.18000030517578,31.540000915527344,17135900
2018-03-19,28.587350845336914,31.729999542236328,31.899999618530273,31.229999542236328,31.510000228881836,9923300
2018-03-20,28.272016525268555,31.3799991607666,31.610000610351562,31.290000915527344,31.520000457763672,8445400
2018-03-21,29.29010009765625,32.5099983215332,32.72999954223633,31.649999618530273,31.81999969482422,24152400
2018-03-22,28.8936767578125,32.06999969482422,32.459999084472656,32.02000045776367,32.27000045776367,9310500
2018-03-23,29.533357620239258,32.779998779296875,33.150001525878906,32.61000061035156,32.810001373291016,17836500
2018-03-26,29.69552993774414,32.959999084472656,33.189998626708984,32.91999816894531,33.0099983215332,8823800
2018-03-27,29.20000457763672,32.40999984741211,32.70000076293945,32.25,32.5,19627500
2018-03-28,28.54230499267578,31.68000030517578,32.13999938964844,31.6200008392334,32.08000183105469,16653300
2018-03-29,28.965755462646484,32.150001525878906,32.16999816894531,31.68000030517578,31.690000534057617,9494300
2018-04-02,29.263071060180664,32.47999954223633,32.849998474121094,32.290000915527344,32.45000076293945,11584900
2018-04-03,28.830610275268555,32.0,32.2599983215332,31.860000610351562,32.16999816894531,9638800
2018-04-04,28.740514755249023,31.899999618530273,32.45000076293945,31.780000686645508,32.380001068115234,9084600
2018-04-05,28.884668350219727,32.060001373291016,32.099998474121094,31.68000030517578,31.690000534057617,4460100
2018-04-06,29.181982040405273,32.38999938964844,32.5,32.18000030517578,32.41999816894531,8375000
2018-04-09,29.1279296875,32.33000183105469,32.650001525878906,32.060001373291016,32.31999969482422,7818900
2018-04-10,29.371183395385742,32.599998474121094,32.83000183105469,32.40999984741211,32.5,8407600
2018-04-11,30.06492042541504,33.369998931884766,33.81999969482422,32.91999816894531,32.91999816894531,27414400
2018-04-12,29.596424102783203,32.849998474121094,33.16999816894531,32.81999969482422,33.040000915527344,12170400
2018-04-13,30.17303466796875,33.4900016784668,33.70000076293945,33.15999984741211,33.15999984741211,13663000
2018-04-16,30.146005630493164,33.459999084472656,33.63999938964844,33.25,33.56999969482422,7901600
2018-04-17,30.317190170288086,33.650001525878906,33.81999969482422,33.27000045776367,33.33000183105469,5385900
2018-04-18,30.605497360229492,33.970001220703125,34.34000015258789,33.880001068115234,33.97999954223633,17867000
2018-04-19,30.686588287353516,34.060001373291016,34.36000061035156,33.630001068115234,34.06999969482422,7321000
2018-04-20,30.17303466796875,33.4900016784668,33.68000030517578,33.369998931884766,33.63999938964844,9778900
2018-04-23,29.560386657714844,32.810001373291016,33.13999938964844,32.77000045776367,33.13999938964844,16993600
2018-04-24,29.90275001525879,33.189998626708984,33.27000045776367,32.900001525878906,32.9900016784668,8767400
2018-04-25,29.533357620239258,32.779998779296875,33.08000183105469,32.59000015258789,32.7400016784668,9692400
2018-04-26,29.69552993774414,32.959999084472656,33.130001068115234,32.75,32.97999954223633,10146600
2018-04-27,29.758596420288086,33.029998779296875,33.099998474121094,32.880001068115234,33.099998474121094,3113400
2018-04-30,29.29010009765625,32.5099983215332,32.83000183105469,32.459999084472656,32.56999969482422,11381500
2018-05-01,29.470293045043945,32.709999084472656,32.72999954223633,32.279998779296875,32.36000061035156,11866900
2018-05-02,29.794633865356445,33.06999969482422,33.7599983215332,32.79999923706055,32.880001068115234,13130900
2018-05-03,30.16402816772461,33.47999954223633,33.66999816894531,33.2400016784668,33.650001525878906,9497300
2018-05-04,30.227094650268555,33.54999923706055,33.61000061035156,33.15999984741211,33.290000915527344,5990600
2018-05-07,30.037891387939453,33.34000015258789,33.630001068115234,33.29999923706055,33.380001068115234,9710800
2018-05-08,30.1009578704834,33.40999984741211,33.619998931884766,32.91999816894531,33.20000076293945,8453400
2018-05-09,30.109968185424805,33.41999816894531,33.720001220703125,33.29999923706055,33.459999084472656,5472400
2018-05-10,30.72262191772461,34.099998474121094,34.11000061035156,33.72999954223633,33.72999954223633,12938300
2018-05-11,30.49738121032715,33.849998474121094,34.2599983215332,33.720001220703125,34.2599983215332,10101600
2018-05-14,30.227094650268555,33.54999923706055,33.95000076293945,33.459999084472656,33.95000076293945,6276400
2018-05-15,29.596424102783203,32.849998474121094,33.029998779296875,32.56999969482422,32.83000183105469,14245100
2018-05-16,29.578407287597656,32.83000183105469,33.06999969482422,32.77000045776367,32.86000061035156,5325200
2018-05-17,29.569395065307617,32.81999969482422,32.880001068115234,32.70000076293945,32.79999923706055,3265400
2018-05-18,29.587413787841797,32.84000015258789,33.060001373291016,32.58000183105469,32.650001525878906,10198100
2018-05-21,29.839675903320312,33.119998931884766,33.13999938964844,32.720001220703125,32.900001525878906,7142100
2018-05-22,29.515336990356445,32.7599983215332,33.22999954223633,32.720001220703125,33.150001525878906,8704000
2018-05-23,29.767602920532227,33.040000915527344,33.130001068115234,32.599998474121094,32.630001068115234,11391900
2018-05-24,30.182048797607422,33.5,33.5099983215332,33.130001068115234,33.18000030517578,12779500
2018-05-25,29.632461547851562,32.88999938964844,33.27000045776367,32.79999923706055,33.27000045776367,12850700
2018-05-29,29.39821434020996,32.630001068115234,32.91999816894531,32.439998626708984,32.529998779296875,8942900
2018-05-30,29.812654495239258,33.09000015258789,33.130001068115234,32.7599983215332,32.81999969482422,13169000
2018-05-31,29.488309860229492,32.72999954223633,33.099998474121094,32.709999084472656,33.040000915527344,8250400
2018-06-01,29.551374435424805,32.79999923706055,32.959999084472656,32.5099983215332,32.709999084472656,6071900
2018-06-04,29.542367935180664,32.790000915527344,33.13999938964844,32.7599983215332,33.119998931884766,4326800
2018-06-05,29.69552993774414,32.959999084472656,33.02000045776367,32.63999938964844,32.810001373291016,7554300
2018-06-06,29.72256088256836,32.9900016784668,33.130001068115234,32.810001373291016,33.02000045776367,5501400
2018-06-07,29.686525344848633,32.95000076293945,33.09000015258789,32.86000061035156,33.0,3245300
2018-06-08,29.533357620239258,32.779998779296875,32.95000076293945,32.72999954223633,32.95000076293945,5961600
2018-06-11,29.74958610534668,33.02000045776367,33.15999984741211,32.7400016784668,32.790000915527344,23779700
2018-06-12,29.596424102783203,32.849998474121094,33.029998779296875,32.790000915527344,32.84000015258789,10078600
2018-06-13,29.7315673828125,33.0,33.130001068115234,32.43000030517578,32.86000061035156,14042100
2018-06-14,29.91175651550293,33.20000076293945,33.310001373291016,33.099998474121094,33.16999816894531,16698700
2018-06-15,29.470293045043945,32.709999084472656,32.849998474121094,32.560001373291016,32.84000015258789,16160600
2018-06-18,29.470293045043945,32.709999084472656,32.86000061035156,32.650001525878906,32.70000076293945,5253400
2018-06-19,29.236040115356445,32.45000076293945,32.619998931884766,32.36000061035156,32.41999816894531,6549200
2018-06-20,29.055849075317383,32.25,32.63999938964844,32.15999984741211,32.459999084472656,8657100
2018-06-21,29.190994262695312,32.400001525878906,32.54999923706055,32.22999954223633,32.34000015258789,6354400
2018-06-22,29.533357620239258,32.779998779296875,32.81999969482422,32.470001220703125,32.47999954223633,6630500
2018-06-25,29.299108505249023,32.52000045776367,32.77000045776367,32.45000076293945,32.689998626708984,7693700
2018-06-26,29.20000457763672,32.40999984741211,32.52000045776367,32.2400016784668,32.279998779296875,4947000
2018-06-27,28.956745147705078,32.13999938964844,32.5,32.099998474121094,32.279998779296875,7463700
2018-06-28,29.010805130004883,32.20000076293945,32.29999923706055,32.060001373291016,32.2599983215332,5819500
2018-06-29,29.461280822753906,32.70000076293945,32.79999923706055,32.31999969482422,32.31999969482422,9680900
2018-07-02,29.154956817626953,32.36000061035156,32.54999923706055,32.189998626708984,32.380001068115234,6894000
2018-07-03,29.7315673828125,33.0,33.04999923706055,32.61000061035156,32.61000061035156,12917700
2018-07-05,30.010866165161133,33.310001373291016,33.40999984741211,33.130001068115234,33.189998626708984,13076400
2018-07-06,30.182048797607422,33.5,33.650001525878906,33.310001373291016,33.36000061035156,8857100
2018-07-09,30.191055297851562,33.5099983215332,33.939998626708984,33.439998626708984,33.7599983215332,7870500
2018-07-10,30.109968185424805,33.41999816894531,33.4900016784668,33.09000015258789,33.310001373291016,4158800
2018-07-11,29.335145950317383,32.560001373291016,33.2599983215332,32.540000915527344,33.08000183105469,15501800
2018-07-12,29.461280822753906,32.70000076293945,32.97999954223633,32.70000076293945,32.79999923706055,6230700
2018-07-13,29.308115005493164,32.529998779296875,32.7400016784668,32.5,32.5,7046900
2018-07-16,29.08287811279297,32.279998779296875,32.52000045776367,32.2400016784668,32.43000030517578,7115500
2018-07-17,28.92971420288086,32.11000061035156,32.31999969482422,32.0099983215332,32.029998779296875,6879900
2018-07-18,29.08287811279297,32.279998779296875,32.34000015258789,31.850000381469727,31.979999542236328,14315300
2018-07-19,28.70447540283203,31.860000610351562,32.369998931884766,31.68000030517578,31.68000030517578,14902100
2018-07-20,28.91169548034668,32.09000015258789,32.27000045776367,31.969999313354492,32.08000183105469,11657500
2018-07-23,28.560325622558594,31.700000762939453,32.06999969482422,31.639999389648438,31.899999618530273,9982000
2018-07-24,28.87565803527832,32.04999923706055,32.099998474121094,31.770000457763672,31.850000381469727,6500200
2018-07-25,29.209012985229492,32.41999816894531,32.41999816894531,32.029998779296875,32.22999954223633,12291900
2018-07-26,28.74952507019043,31.90999984741211,32.33000183105469,31.889999389648438,32.18000030517578,12678100
2018-07-27,28.758535385131836,31.920000076293945,32.13999938964844,31.84000015258789,31.940000534057617,7199900
2018-07-30,28.560325622558594,31.700000762939453,31.920000076293945,31.65999984741211,31.90999984741211,6152600
2018-07-31,28.57834243774414,31.719999313354492,32.060001373291016,31.579999923706055,31.59000015258789,4628900
2018-08-01,28.416170120239258,31.540000915527344,31.809999465942383,31.520000457763672,31.729999542236328,8546500
2018-08-02,28.13687515258789,31.229999542236328,31.6200008392334,31.190000534057617,31.549999237060547,10766000
2018-08-03,28.34409523010254,31.459999084472656,32.90999984741211,31.34000015258789,31.450000762939453,9329500
2018-08-06,28.028759002685547,31.110000610351562,31.420000076293945,31.079999923706055,31.399999618530273,11501700
2018-08-07,27.722436904907227,30.770000457763672,31.3799991607666,30.709999084472656,31.309999465942383,7226400
2018-08-08,27.749462127685547,30.799999237060547,30.940000534057617,30.520000457763672,30.780000686645508,6734500
2018-08-09,27.758474349975586,30.809999465942383,31.270000457763672,30.790000915527344,30.90999984741211,7168200
2018-08-10,27.569272994995117,30.600000381469727,31.0,30.549999237060547,30.739999771118164,9790600
2018-08-13,26.632274627685547,29.559999465942383,30.34000015258789,29.399999618530273,30.34000015258789,24362400
2018-08-14,26.434066772460938,29.34000015258789,29.790000915527344,29.270000457763672,29.68000030517578,9605900
2018-08-15,24.893428802490234,27.6299991607666,28.790000915527344,27.31999969482422,28.670000076293945,35517200
2018-08-16,24.154645919799805,26.809999465942383,28.18000030517578,26.780000686645508,27.84000015258789,23777900
2018-08-17,24.767295837402344,27.489999771118164,27.700000762939453,26.90999984741211,27.100000381469727,28190900
2018-08-20,25.05560302734375,27.809999465942383,28.100000381469727,27.420000076293945,27.780000686645508,28333400
2018-08-21,25.2628231048584,28.040000915527344,28.15999984741211,27.670000076293945,27.93000030517578,13758200
2018-08-22,25.30786895751953,28.09000015258789,28.25,27.850000381469727,28.200000762939453,7010200
2018-08-23,24.46097183227539,27.149999618530273,27.84000015258789,26.950000762939453,27.84000015258789,21555500
2018-08-24,25.415987014770508,28.209999084472656,28.549999237060547,27.510000228881836,27.600000381469727,24722000
2018-08-27,25.96556854248047,28.81999969482422,28.850000381469727,28.309999465942383,28.329999923706055,18671900
2018-08-28,25.379945755004883,28.170000076293945,29.139999389648438,27.899999618530273,28.989999771118164,21137900
2018-08-29,25.379945755004883,28.170000076293945,28.399999618530273,27.950000762939453,28.209999084472656,8297000
2018-08-30,25.00154685974121,27.75,27.989999771118164,27.610000610351562,27.989999771118164,11397600
2018-08-31,24.902441024780273,27.639999389648438,28.030000686645508,27.559999465942383,27.709999084472656,7178100
2018-09-04,24.44295310974121,27.1299991607666,27.440000534057617,26.84000015258789,27.440000534057617,16046300
2018-09-05,24.20870590209961,26.8700008392334,27.239999771118164,26.760000228881836,27.209999084472656,10376300
2018-09-06,24.118610382080078,26.770000457763672,27.309999465942383,26.709999084472656,26.93000030517578,16289800
2018-09-07,24.19068717956543,26.850000381469727,27.110000610351562,26.469999313354492,26.760000228881836,10920900
2018-09-10,23.839309692382812,26.459999084472656,26.90999984741211,26.3700008392334,26.84000015258789,12337900
2018-09-11,23.821290969848633,26.440000534057617,26.549999237060547,25.90999984741211,26.1200008392334,15092900
2018-09-12,24.65017318725586,27.360000610351562,27.59000015258789,26.25,26.309999465942383,24885800
2018-09-13,24.46097183227539,27.149999618530273,27.770000457763672,26.940000534057617,27.68000030517578,17948800
2018-09-14,24.154645919799805,26.809999465942383,27.229999542236328,26.739999771118164,27.100000381469727,12068800
2018-09-17,24.79432487487793,27.520000457763672,27.6200008392334,26.8700008392334,27.139999389648438,21350700
2018-09-18,24.74026870727539,27.459999084472656,27.670000076293945,27.15999984741211,27.5,12227800
2018-09-19,25.36192512512207,28.149999618530273,28.399999618530273,27.6299991607666,27.649999618530273,19774600
2018-09-20,25.731321334838867,28.559999465942383,28.739999771118164,28.030000686645508,28.6299991607666,18873200
2018-09-21,25.29886245727539,28.079999923706055,28.420000076293945,27.889999389648438,28.030000686645508,18329100
2018-09-24,25.14569854736328,27.90999984741211,28.43000030517578,27.809999465942383,28.260000228881836,12902300
2018-09-25,25.244802474975586,28.020000457763672,28.31999969482422,27.8799991607666,28.079999923706055,10788800
2018-09-26,24.812347412109375,27.540000915527344,28.110000610351562,27.43000030517578,27.760000228881836,20498400
2018-09-27,24.244741439819336,26.90999984741211,27.1200008392334,26.790000915527344,27.049999237060547,17162500
2018-09-28,24.65017318725586,27.360000610351562,27.639999389648438,27.049999237060547,27.049999237060547,14804600
2018-10-01,24.677202224731445,27.389999389648438,27.540000915527344,27.190000534057617,27.200000762939453,7339800
2018-10-02,25.244802474975586,28.020000457763672,28.229999542236328,27.68000030517578,27.68000030517578,17927500
2018-10-03,24.992534637451172,27.739999771118164,28.280000686645508,27.700000762939453,28.15999984741211,12133900
2018-10-04,25.07362174987793,27.829999923706055,28.34000015258789,27.610000610351562,27.90999984741211,11224200
2018-10-05,24.884424209594727,27.6200008392334,28.100000381469727,27.600000381469727,27.93000030517578,8833800
2018-10-08,25.109661102294922,27.8700008392334,27.889999389648438,27.09000015258789,27.170000076293945,10013700
2018-10-09,24.623144149780273,27.329999923706055,27.75,27.309999465942383,27.65999984741211,11340500
2018-10-10,24.821352005004883,27.549999237060547,27.600000381469727,26.920000076293945,27.34000015258789,10605000
2018-10-11,26.425058364868164,29.329999923706055,29.5,27.889999389648438,28.18000030517578,35620000
2018-10-12,26.398027420043945,29.299999237060547,29.489999771118164,28.639999389648438,29.270000457763672,18866800
2018-10-15,26.83949851989746,29.790000915527344,30.309999465942383,29.540000915527344,29.639999389648438,15661500
2018-10-16,26.794448852539062,29.739999771118164,30.1299991607666,29.350000381469727,30.0,9286200
2018-10-17,26.533172607421875,29.450000762939453,29.959999084472656,29.31999969482422,29.65999984741211,10215300
2018-10-18,26.40703773498535,29.309999465942383,29.940000534057617,29.290000915527344,29.510000228881836,8716400
2018-10-19,26.695344924926758,29.6299991607666,29.829999923706055,29.459999084472656,29.649999618530273,8405900
2018-10-22,26.37099838256836,29.270000457763672,29.489999771118164,29.100000381469727,29.489999771118164,8725500
2018-10-23,26.731380462646484,29.670000076293945,30.299999237060547,29.459999084472656,30.06999969482422,13482800
2018-10-24,26.443077087402344,29.350000381469727,29.889999389648438,29.229999542236328,29.700000762939453,10580900
2018-10-25,25.56914520263672,28.3799991607666,29.530000686645508,28.299999237060547,29.360000610351562,18591900
2018-10-26,25.415987014770508,28.209999084472656,29.079999923706055,28.209999084472656,28.59000015258789,18724600
2018-10-29,25.12767791748047,27.889999389648438,28.610000610351562,27.8799991607666,28.299999237060547,10214200
2018-10-30,25.19975471496582,27.969999313354492,28.440000534057617,27.579999923706055,27.8700008392334,14126500
2018-10-31,24.614133834838867,27.31999969482422,27.670000076293945,27.139999389648438,27.670000076293945,19501700
2018-11-01,25.352916717529297,28.139999389648438,28.399999618530273,27.829999923706055,27.889999389648438,19521100
2018-11-02,25.280839920043945,28.059999465942383,28.34000015258789,27.899999618530273,28.059999465942383,16191700
2018-11-05,25.47905158996582,28.280000686645508,28.510000228881836,27.979999542236328,28.059999465942383,8082000
2018-11-06,25.154706954956055,27.920000076293945,28.420000076293945,27.81999969482422,28.299999237060547,9339600
2018-11-07,24.92947006225586,27.670000076293945,28.229999542236328,27.670000076293945,28.200000762939453,12868600
2018-11-08,24.812347412109375,27.540000915527344,27.90999984741211,27.450000762939453,27.56999969482422,11034200
2018-11-09,24.44295310974121,27.1299991607666,27.299999237060547,26.969999313354492,27.139999389648438,11356800
2018-11-12,23.92039680480957,26.549999237060547,27.06999969482422,26.450000762939453,26.959999084472656,23842600
2018-11-13,23.578035354614258,26.170000076293945,26.700000762939453,26.040000915527344,26.6200008392334,14458100
2018-11-14,24.001483917236328,26.639999389648438,26.93000030517578,26.079999923706055,26.100000381469727,20563300
2018-11-15,24.433940887451172,27.1200008392334,27.219999313354492,26.75,26.75,11804000
2018-11-16,24.78531837463379,27.510000228881836,27.690000534057617,27.3799991607666,27.530000686645508,12126400
2018-11-19,24.866403579711914,27.600000381469727,27.969999313354492,27.510000228881836,27.530000686645508,7340300
2018-11-20,24.64116096496582,27.350000381469727,27.770000457763672,26.920000076293945,27.770000457763672,10733100
2018-11-21,25.31688117980957,28.100000381469727,28.239999771118164,27.610000610351562,27.610000610351562,23359500
2018-11-23,24.569087982177734,27.270000457763672,27.920000076293945,26.950000762939453,27.829999923706055,11462000
2018-11-26,24.316816329956055,26.989999771118164,27.639999389648438,26.940000534057617,27.420000076293945,7732600
2018-11-27,23.84832191467285,26.469999313354492,27.059999465942383,26.31999969482422,26.950000762939453,12878500
2018-11-28,24.487998962402344,27.18000030517578,27.5,26.31999969482422,26.31999969482422,17630100
2018-11-29,24.19068717956543,26.850000381469727,27.40999984741211,26.81999969482422,27.3799991607666,8434000
2018-11-30,23.956436157226562,26.59000015258789,26.8700008392334,26.3700008392334,26.75,8097600
2018-12-03,24.388893127441406,27.06999969482422,27.309999465942383,26.799999237060547,27.170000076293945,8628400
2018-12-04,24.469982147216797,27.15999984741211,27.510000228881836,27.010000228881836,27.43000030517578,7537200
2018-12-06,24.524038314819336,27.219999313354492,27.489999771118164,27.010000228881836,27.299999237060547,9795000
2018-12-07,25.2628231048584,28.040000915527344,28.25,27.350000381469727,27.3700008392334,22663300
2018-12-10,25.010557174682617,27.760000228881836,28.329999923706055,27.579999923706055,27.8799991607666,11588400
2018-12-11,25.18173599243164,27.950000762939453,28.219999313354492,27.709999084472656,27.90999984741211,7245100
2018-12-12,25.560136795043945,28.3700008392334,28.459999084472656,27.899999618530273,27.899999618530273,17992600
2018-12-13,25.524099349975586,28.329999923706055,28.389999389648438,28.139999389648438,28.260000228881836,11584400
2018-12-14,25.01956558227539,27.770000457763672,28.059999465942383,27.59000015258789,27.8700008392334,11982600
2018-12-17,25.902503967285156,28.75,28.81999969482422,27.979999542236328,27.989999771118164,21040200
2018-12-18,26.54218292236328,29.459999084472656,29.56999969482422,28.649999618530273,28.790000915527344,14092800
2018-12-19,25.271833419799805,28.049999237060547,30.290000915527344,28.030000686645508,29.690000534057617,30532800
2018-12-20,26.34557342529297,29.100000381469727,29.350000381469727,28.739999771118164,29.110000610351562,30235800
2018-12-21,26.200716018676758,28.940000534057617,29.229999542236328,28.450000762939453,29.06999969482422,12984500
2018-12-24,27.051742553710938,29.8799991607666,29.899999618530273,29.309999465942383,29.309999465942383,14623100
2018-12-26,26.490428924560547,29.260000228881836,30.290000915527344,29.010000228881836,30.209999084472656,19253800
2018-12-27,26.92499351501465,29.739999771118164,29.81999969482422,29.34000015258789,29.559999465942383,11075300
2018-12-28,26.653390884399414,29.440000534057617,29.899999618530273,29.43000030517578,29.709999084472656,7542800
2018-12-31,27.359561920166016,30.219999313354492,30.34000015258789,29.3700008392334,29.729999542236328,14759100
2019-01-02,27.459150314331055,30.329999923706055,30.59000015258789,29.940000534057617,30.1299991607666,7554200
2019-01-03,28.47313690185547,31.450000762939453,31.59000015258789,30.65999984741211,30.760000228881836,16319200
2019-01-04,28.319229125976562,31.280000686645508,31.399999618530273,30.799999237060547,30.860000610351562,16724000
2019-01-07,27.902767181396484,30.81999969482422,31.530000686645508,30.770000457763672,31.5,9646000
2019-01-08,28.120052337646484,31.059999465942383,31.1200008392334,30.239999771118164,30.399999618530273,8145300
2019-01-09,28.464082717895508,31.440000534057617,31.579999923706055,30.979999542236328,30.979999542236328,8472700
2019-01-10,27.794126510620117,30.700000762939453,31.459999084472656,30.700000762939453,31.40999984741211,17805800
2019-01-11,27.785072326660156,30.690000534057617,31.010000228881836,30.6200008392334,30.84000015258789,4454600
2019-01-14,27.748857498168945,30.649999618530273,31.030000686645508,30.479999542236328,30.899999618530273,11151400
2019-01-15,27.250919342041016,30.100000381469727,30.8700008392334,29.979999542236328,30.719999313354492,11330900
2019-01-16,27.332401275634766,30.190000534057617,30.3700008392334,29.989999771118164,30.06999969482422,5655800
2019-01-17,27.404827117919922,30.270000457763672,30.420000076293945,29.969999313354492,30.020000457763672,7876700
2019-01-18,26.55379867553711,29.329999923706055,30.020000457763672,29.25,29.889999389648438,17384800
2019-01-22,26.725818634033203,29.520000457763672,29.690000534057617,29.260000228881836,29.450000762939453,13694800
2019-01-23,26.85256576538086,29.65999984741211,29.850000381469727,29.260000228881836,29.31999969482422,4408300
2019-01-24,26.76202964782715,29.559999465942383,29.729999542236328,29.43000030517578,29.43000030517578,5891900
2019-01-25,27.703594207763672,30.600000381469727,30.739999771118164,29.979999542236328,29.979999542236328,18784700
2019-01-28,28.319229125976562,31.280000686645508,31.329999923706055,30.700000762939453,30.709999084472656,16259100
2019-01-29,28.92580795288086,31.950000762939453,31.959999084472656,31.309999465942383,31.610000610351562,20264800
2019-01-30,29.224571228027344,32.279998779296875,32.75,31.649999618530273,31.760000228881836,16792200
2019-01-31,29.840208053588867,32.959999084472656,33.0,32.61000061035156,32.63999938964844,11484100
2019-02-01,29.7315673828125,32.84000015258789,32.95000076293945,32.29999923706055,32.72999954223633,8175100
2019-02-04,29.396589279174805,32.470001220703125,32.709999084472656,32.2599983215332,32.41999816894531,10989000
2019-02-05,29.677248001098633,32.779998779296875,32.779998779296875,32.22999954223633,32.59000015258789,6866400
2019-02-06,29.016342163085938,32.04999923706055,32.84000015258789,32.040000915527344,32.40999984741211,23722600
2019-02-07,28.581775665283203,31.56999969482422,32.2599983215332,31.559999465942383,32.13999938964844,11071800
2019-02-08,29.26984214782715,32.33000183105469,32.45000076293945,31.809999465942383,31.850000381469727,11590200
2019-02-11,28.82621955871582,31.84000015258789,32.220001220703125,31.729999542236328,31.790000915527344,9585900
2019-02-12,28.94391441345215,31.969999313354492,32.13999938964844,31.690000534057617,32.06999969482422,4448500
2019-02-13,28.871488571166992,31.889999389648438,32.459999084472656,31.829999923706055,31.84000015258789,6849300
2019-02-14,29.26984214782715,32.33000183105469,32.34000015258789,31.829999923706055,31.940000534057617,10203900
2019-02-15,29.831153869628906,32.95000076293945,32.95000076293945,32.150001525878906,32.58000183105469,10475700
2019-02-19,31.08958625793457,34.34000015258789,34.43000030517578,33.29999923706055,33.36000061035156,21778900
2019-02-20,31.152957916259766,34.40999984741211,35.040000915527344,34.22999954223633,34.59000015258789,16892600
2019-02-21,30.528270721435547,33.720001220703125,33.970001220703125,33.52000045776367,33.939998626708984,13337800
2019-02-22,30.65502166748047,33.86000061035156,34.349998474121094,33.77000045776367,33.88999938964844,17254100
2019-02-25,30.084653854370117,33.22999954223633,33.91999816894531,33.220001220703125,33.720001220703125,13164300
2019-02-26,30.3290958404541,33.5,33.529998779296875,32.849998474121094,33.380001068115234,9374800
2019-02-27,29.650087356567383,32.75,33.41999816894531,32.630001068115234,33.25,19560500
2019-02-28,29.342269897460938,32.40999984741211,32.75,32.369998931884766,32.72999954223633,12813500
2019-03-01,28.464082717895508,31.440000534057617,32.529998779296875,31.389999389648438,32.16999816894531,19226300
2019-03-04,28.45503044128418,31.43000030517578,31.520000457763672,30.809999465942383,31.139999389648438,12089400
2019-03-05,28.464082717895508,31.440000534057617,31.479999542236328,31.049999237060547,31.219999313354492,8467800
2019-03-06,27.73075294494629,30.6299991607666,31.479999542236328,30.6299991607666,31.399999618530273,20579300
2019-03-07,28.065731048583984,31.0,31.219999313354492,30.600000381469727,30.639999389648438,11173000
2019-03-08,29.242679595947266,32.29999923706055,32.43000030517578,31.469999313354492,31.739999771118164,20278300
2019-03-11,28.980125427246094,32.0099983215332,32.369998931884766,31.559999465942383,32.34000015258789,17307300
2019-03-12,29.577659606933594,32.66999816894531,32.72999954223633,32.15999984741211,32.15999984741211,17401100
2019-03-13,29.858318328857422,32.97999954223633,33.18000030517578,32.630001068115234,32.880001068115234,9332200
2019-03-14,29.06161117553711,32.099998474121094,32.470001220703125,32.040000915527344,32.33000183105469,16601500
2019-03-15,29.26984214782715,32.33000183105469,32.619998931884766,32.0099983215332,32.34000015258789,11401900
2019-03-18,28.97107696533203,32.0,32.56999969482422,31.8700008392334,32.5099983215332,8374800
2019-03-19,29.179306030273438,32.22999954223633,32.4900016784668,32.16999816894531,32.459999084472656,7712100
2019-03-20,29.957904815673828,33.09000015258789,33.220001220703125,31.920000076293945,32.36000061035156,17406700
2019-03-21,29.976009368896484,33.11000061035156,33.290000915527344,32.4900016784668,33.189998626708984,13340400
2019-03-22,29.63197898864746,32.72999954223633,33.130001068115234,32.560001373291016,32.70000076293945,18947700
2019-03-25,30.31098747253418,33.47999954223633,33.59000015258789,32.86000061035156,33.040000915527344,14000100
2019-03-26,30.301937103271484,33.470001220703125,33.56999969482422,33.099998474121094,33.349998474121094,8995900
2019-03-27,29.767780303955078,32.880001068115234,33.52000045776367,32.81999969482422,33.33000183105469,14186700
2019-03-28,28.708524703979492,31.709999084472656,32.36000061035156,31.700000762939453,32.29999923706055,21136100
2019-03-29,28.726633071899414,31.729999542236328,32.13999938964844,31.709999084472656,32.06999969482422,12591400
2019-04-01,27.938982009887695,30.860000610351562,31.850000381469727,30.700000762939453,31.799999237060547,17917800
2019-04-02,28.020462036132812,30.950000762939453,31.1200008392334,30.829999923706055,30.899999618530273,7763700
2019-04-03,28.129104614257812,31.06999969482422,31.219999313354492,30.889999389648438,30.989999771118164,8583900
2019-04-04,28.708524703979492,31.709999084472656,31.84000015258789,30.56999969482422,30.649999618530273,12987000
2019-04-05,28.780956268310547,31.790000915527344,31.799999237060547,31.389999389648438,31.690000534057617,7539400
2019-04-08,29.224571228027344,32.279998779296875,32.34000015258789,31.969999313354492,32.16999816894531,12925500
2019-04-09,29.405641555786133,32.47999954223633,32.54999923706055,32.27000045776367,32.439998626708984,12568500
2019-04-10,29.016342163085938,32.04999923706055,32.59000015258789,32.0,32.40999984741211,11179200
2019-04-11,28.337331771850586,31.299999237060547,31.790000915527344,31.190000534057617,31.579999923706055,15153800
2019-04-12,28.183422088623047,31.1299991607666,31.520000457763672,31.110000610351562,31.34000015258789,7933000
2019-04-15,28.00235939025879,30.93000030517578,31.1299991607666,30.610000610351562,30.770000457763672,9333600
2019-04-16,27.422935485839844,30.290000915527344,30.600000381469727,30.270000457763672,30.5,13740200
2019-04-17,27.323348999023438,30.18000030517578,30.459999084472656,29.979999542236328,30.25,8263300
2019-04-18,26.771085739135742,29.56999969482422,30.290000915527344,29.469999313354492,30.110000610351562,20237900
2019-04-22,26.218822479248047,28.959999084472656,29.700000762939453,28.889999389648438,29.649999618530273,13687800
2019-04-23,26.083023071289062,28.809999465942383,29.0,28.610000610351562,28.700000762939453,10764100
2019-04-24,26.535694122314453,29.309999465942383,29.610000610351562,28.690000534057617,28.850000381469727,20379800
2019-04-25,26.418001174926758,29.18000030517578,29.719999313354492,29.06999969482422,29.43000030517578,10462200
2019-04-26,27.269025802612305,30.1200008392334,30.270000457763672,29.520000457763672,29.520000457763672,16337900
2019-04-29,26.544750213623047,29.31999969482422,29.920000076293945,29.190000534057617,29.8700008392334,16338200
2019-04-30,26.55379867553711,29.329999923706055,29.65999984741211,29.280000686645508,29.329999923706055,5749900
2019-05-01,26.083023071289062,28.809999465942383,29.6299991607666,28.56999969482422,29.239999771118164,17726200
2019-05-02,25.512651443481445,28.18000030517578,28.520000457763672,28.040000915527344,28.3700008392334,14335200
2019-05-03,25.720882415771484,28.40999984741211,28.860000610351562,28.329999923706055,28.459999084472656,16290200
2019-05-06,25.793310165405273,28.489999771118164,28.729999542236328,28.299999237060547,28.31999969482422,9200900
2019-05-07,26.34557342529297,29.100000381469727,29.200000762939453,28.329999923706055,28.59000015258789,14429300
2019-05-08,25.920059204101562,28.6299991607666,29.479999542236328,28.549999237060547,29.299999237060547,11841400
2019-05-09,25.838579177856445,28.540000915527344,28.940000534057617,28.5,28.56999969482422,13591400
2019-05-10,25.693721771240234,28.3799991607666,28.760000228881836,28.350000381469727,28.700000762939453,6902800
2019-05-13,26.490428924560547,29.260000228881836,29.350000381469727,28.59000015258789,28.93000030517578,24615400
2019-05-14,26.300304412841797,29.049999237060547,29.31999969482422,28.709999084472656,29.260000228881836,14699500
2019-05-15,26.20977210998535,28.950000762939453,29.260000228881836,28.889999389648438,29.100000381469727,4372500
2019-05-16,25.838579177856445,28.540000915527344,28.809999465942383,28.3799991607666,28.809999465942383,13168100
2019-05-17,26.01964569091797,28.739999771118164,28.790000915527344,28.280000686645508,28.40999984741211,9736900
2019-05-20,25.766149520874023,28.459999084472656,28.729999542236328,28.450000762939453,28.649999618530273,6188200
2019-05-21,25.856685638427734,28.559999465942383,28.610000610351562,28.209999084472656,28.350000381469727,4650200
2019-05-22,25.30442237854004,27.950000762939453,28.56999969482422,27.799999237060547,28.56999969482422,13630100
2019-05-23,25.40401268005371,28.059999465942383,28.6200008392334,27.950000762939453,28.229999542236328,12044100
2019-05-24,25.52170753479004,28.190000534057617,28.270000457763672,27.979999542236328,28.100000381469727,5599100
2019-05-28,25.358745574951172,28.010000228881836,28.1299991607666,27.799999237060547,27.899999618530273,10673100
2019-05-29,25.3134765625,27.959999084472656,28.170000076293945,27.8700008392334,28.079999923706055,11688400
2019-05-30,25.802366256713867,28.5,28.579999923706055,27.81999969482422,27.969999313354492,12786000
2019-05-31,26.73487091064453,29.530000686645508,29.719999313354492,28.889999389648438,28.889999389648438,23419100
2019-06-03,28.120052337646484,31.059999465942383,31.149999618530273,30.020000457763672,30.110000610351562,29842300
2019-06-04,28.138158798217773,31.079999923706055,31.110000610351562,30.530000686645508,30.59000015258789,11932500
2019-06-05,27.875612258911133,30.790000915527344,31.719999313354492,30.59000015258789,31.420000076293945,12970700
2019-06-06,28.11099624633789,31.049999237060547,31.15999984741211,30.760000228881836,31.010000228881836,13999200
2019-06-07,27.95708656311035,30.8799991607666,31.469999313354492,30.780000686645508,31.34000015258789,12909600
2019-06-10,27.214704513549805,30.059999465942383,30.389999389648438,29.889999389648438,30.309999465942383,25454800
2019-06-11,27.567790985107422,30.450000762939453,30.6200008392334,29.90999984741211,29.90999984741211,14570700
2019-06-12,28.083837509155273,31.020000457763672,31.219999313354492,30.700000762939453,30.700000762939453,13939800
2019-06-13,28.52745819091797,31.510000228881836,31.549999237060547,30.989999771118164,31.030000686645508,10557400
2019-06-14,28.52745819091797,31.510000228881836,32.25,31.15999984741211,31.969999313354492,16774900
2019-06-17,28.636098861694336,31.6299991607666,31.809999465942383,31.280000686645508,31.510000228881836,7616000
2019-06-18,28.94391441345215,31.969999313354492,32.279998779296875,31.530000686645508,32.11000061035156,14660300
2019-06-19,29.26984214782715,32.33000183105469,32.38999938964844,31.59000015258789,31.809999465942383,14239000
2019-06-20,30.989999771118164,34.22999954223633,34.27000045776367,33.540000915527344,33.880001068115234,29793200
2019-06-21,31.116743087768555,34.369998931884766,34.380001068115234,33.540000915527344,34.22999954223633,12443100
2019-06-24,32.230316162109375,35.599998474121094,35.619998931884766,34.4900016784668,34.689998626708984,30256800
2019-06-25,31.5875301361084,34.88999938964844,35.97999954223633,34.209999084472656,35.79999923706055,34489700
2019-06-26,31.542255401611328,34.84000015258789,35.29999923706055,34.06999969482422,34.349998474121094,16327000
2019-06-27,31.37929916381836,34.65999984741211,34.810001373291016,34.439998626708984,34.70000076293945,14299900
2019-06-28,31.65089988708496,34.959999084472656,35.02000045776367,34.47999954223633,34.79999923706055,15776500
2019-07-01,30.084653854370117,33.22999954223633,34.18000030517578,33.09000015258789,34.0,41443200
2019-07-02,31.614686965942383,34.91999816894531,35.08000183105469,33.77000045776367,33.77000045776367,36573200
2019-07-03,31.614686965942383,34.91999816894531,35.09000015258789,34.63999938964844,35.0099983215332,11550200
2019-07-05,31.370248794555664,34.650001525878906,34.689998626708984,33.619998931884766,33.91999816894531,16912700
2019-07-08,31.053367614746094,34.29999923706055,34.86000061035156,34.29999923706055,34.650001525878906,21573600
2019-07-09,31.65089988708496,34.959999084472656,35.040000915527344,34.189998626708984,34.43000030517578,19915300
2019-07-10,32.50192642211914,35.900001525878906,35.939998626708984,35.2400016784668,35.65999984741211,21540700
2019-07-11,31.94061279296875,35.279998779296875,36.060001373291016,35.060001373291016,35.849998474121094,16282400
2019-07-12,32.420448303222656,35.810001373291016,35.880001068115234,35.220001220703125,35.349998474121094,12470400
2019-07-15,32.63772201538086,36.04999923706055,36.099998474121094,35.619998931884766,35.81999969482422,9317100
2019-07-16,32.63772201538086,36.04999923706055,36.619998931884766,35.77000045776367,35.84000015258789,15039200
2019-07-17,34.131553649902344,37.70000076293945,37.77000045776367,36.279998779296875,36.31999969482422,24368700
2019-07-18,36.15046691894531,39.93000030517578,40.029998779296875,37.31999969482422,37.599998474121094,35630500
2019-07-19,35.75212097167969,39.4900016784668,40.150001525878906,38.849998474121094,39.43000030517578,18662500
2019-07-22,36.05088424682617,39.81999969482422,40.029998779296875,39.529998779296875,39.529998779296875,13348000
2019-07-23,35.471466064453125,39.18000030517578,40.220001220703125,38.79999923706055,39.81999969482422,13104700
2019-07-24,36.15046691894531,39.93000030517578,39.9900016784668,39.310001373291016,39.540000915527344,14139700
2019-07-25,34.92825698852539,38.58000183105469,39.720001220703125,38.4900016784668,39.709999084472656,22071300
2019-07-26,34.91920471191406,38.56999969482422,39.06999969482422,38.400001525878906,38.93000030517578,4833800
2019-07-29,35.58915710449219,39.310001373291016,39.349998474121094,38.369998931884766,38.790000915527344,12371300
2019-07-30,35.996559143066406,39.7599983215332,39.939998626708984,39.27000045776367,39.40999984741211,8720200
2019-07-31,33.9866943359375,37.540000915527344,39.75,37.45000076293945,39.5,38085400
2019-08-01,35.72495651245117,39.459999084472656,39.7599983215332,36.779998779296875,36.88999938964844,25641900
2019-08-02,35.69779968261719,39.43000030517578,39.939998626708984,39.09000015258789,39.29999923706055,9671400
2019-08-05,37.2097282409668,41.099998474121094,41.70000076293945,40.40999984741211,40.619998931884766,29308400
2019-08-06,37.01960754394531,40.88999938964844,41.220001220703125,40.43000030517578,41.0,13688000
2019-08-07,37.87968444824219,41.84000015258789,43.099998474121094,41.77000045776367,42.40999984741211,24305900
2019-08-08,38.47721481323242,42.5,42.7400016784668,41.119998931884766,41.45000076293945,14051700
2019-08-09,37.87968444824219,41.84000015258789,42.59000015258789,41.72999954223633,42.189998626708984,10793100
2019-08-12,37.11919021606445,41.0,42.45000076293945,40.93000030517578,41.900001525878906,18989800
2019-08-13,36.277217864990234,40.06999969482422,41.7400016784668,39.189998626708984,41.65999984741211,24247600
2019-08-14,35.98751449584961,39.75,41.04999923706055,39.709999084472656,40.65999984741211,15674000
2019-08-15,36.6121940612793,40.439998626708984,40.61000061035156,39.470001220703125,39.75,15934500
2019-08-16,35.5076789855957,39.220001220703125,40.099998474121094,39.16999816894531,39.84000015258789,17246300
2019-08-19,34.93730926513672,38.59000015258789,39.41999816894531,38.099998474121094,38.400001525878906,11060500
2019-08-20,36.26816940307617,40.060001373291016,40.400001525878906,38.869998931884766,38.869998931884766,17406000
2019-08-21,35.906028747558594,39.65999984741211,40.0099983215332,39.459999084472656,39.630001068115234,7601400
2019-08-22,35.39903259277344,39.099998474121094,39.75,39.099998474121094,39.41999816894531,12244200
2019-08-23,37.31836700439453,41.220001220703125,41.369998931884766,39.40999984741211,39.529998779296875,27131800
2019-08-26,37.300262451171875,41.20000076293945,41.849998474121094,40.72999954223633,41.47999954223633,11204900
2019-08-27,38.37762451171875,42.38999938964844,42.63999938964844,41.060001373291016,41.150001525878906,15664600
2019-08-28,38.133182525634766,42.119998931884766,42.79999923706055,41.689998626708984,42.4900016784668,9184300
2019-08-29,37.06487274169922,40.939998626708984,42.220001220703125,40.529998779296875,42.220001220703125,19315500
2019-08-30,37.16445541381836,41.04999923706055,41.75,40.630001068115234,40.84000015258789,8321900
2019-09-03,38.04264450073242,42.02000045776367,42.540000915527344,41.63999938964844,41.689998626708984,14686200
2019-09-04,38.694496154785156,42.7400016784668,42.75,41.84000015258789,41.90999984741211,13215300
2019-09-05,36.458290100097656,40.27000045776367,41.7400016784668,40.15999984741211,41.709999084472656,31190900
2019-09-06,35.49862289428711,39.209999084472656,41.150001525878906,39.16999816894531,40.56999969482422,19957900
2019-09-09,34.4755859375,38.08000183105469,39.380001068115234,37.7599983215332,39.29999923706055,23193900
2019-09-10,34.24018859863281,37.81999969482422,38.56999969482422,37.7400016784668,38.0,15443400
2019-09-11,34.40315628051758,38.0,38.650001525878906,37.83000183105469,37.83000183105469,16993900
2019-09-12,33.73319625854492,37.2599983215332,39.349998474121094,37.20000076293945,38.97999954223633,27253400
2019-09-13,32.82785415649414,36.2599983215332,37.83000183105469,36.2400016784668,37.5,28132700
2019-09-16,33.832786560058594,37.369998931884766,37.689998626708984,36.630001068115234,37.29999923706055,22896500
2019-09-17,34.72002029418945,38.349998474121094,38.52000045776367,37.29999923706055,37.59000015258789,17687200
2019-09-18,33.55213165283203,37.060001373291016,38.439998626708984,36.72999954223633,38.34000015258789,39995200
2019-09-19,34.55705642700195,38.16999816894531,38.40999984741211,37.54999923706055,37.63999938964844,29687300
2019-09-20,35.52578353881836,39.2400016784668,39.349998474121094,38.02000045776367,38.310001373291016,19596800
2019-09-23,36.36775588989258,40.16999816894531,40.290000915527344,39.400001525878906,39.400001525878906,17813900
2019-09-24,36.920013427734375,40.779998779296875,40.84000015258789,39.380001068115234,39.68000030517578,16838400
2019-09-25,35.22702407836914,38.90999984741211,40.59000015258789,38.720001220703125,40.380001068115234,23521500
2019-09-26,34.665706634521484,38.290000915527344,39.5099983215332,38.2400016784668,39.16999816894531,19770900
2019-09-27,34.041015625,37.599998474121094,38.400001525878906,37.31999969482422,37.5,27116400
2019-09-30,32.82785415649414,36.2599983215332,37.43000030517578,36.029998779296875,36.90999984741211,24786300
2019-10-01,33.443485260009766,36.939998626708984,37.810001373291016,36.150001525878906,36.20000076293945,18129800
2019-10-02,34.013851165771484,37.56999969482422,37.83000183105469,37.099998474121094,37.619998931884766,16815900
2019-10-03,33.887107849121094,37.43000030517578,38.45000076293945,37.29999923706055,37.52000045776367,14099400
2019-10-04,34.62043380737305,38.2400016784668,38.290000915527344,37.18000030517578,37.22999954223633,13596400
2019-10-07,34.11344528198242,37.68000030517578,38.439998626708984,37.47999954223633,37.869998931884766,11217900
2019-10-08,35.09121322631836,38.7599983215332,38.810001373291016,37.970001220703125,38.349998474121094,14878700
2019-10-09,34.4755859375,38.08000183105469,38.849998474121094,37.959999084472656,38.810001373291016,10097800
2019-10-10,34.683815002441406,38.310001373291016,38.439998626708984,37.47999954223633,38.20000076293945,10166900
2019-10-11,33.56118392944336,37.06999969482422,37.91999816894531,36.88999938964844,37.83000183105469,26531700
2019-10-14,33.534019470214844,37.040000915527344,37.400001525878906,36.83000183105469,36.95000076293945,4987200
2019-10-15,32.393280029296875,35.779998779296875,36.77000045776367,35.689998626708984,36.77000045776367,20813200
2019-10-16,33.16282653808594,36.630001068115234,36.70000076293945,35.91999816894531,36.20000076293945,17075900
2019-10-17,33.832786560058594,37.369998931884766,37.58000183105469,36.36000061035156,36.36000061035156,17536700
2019-10-18,33.687923431396484,37.209999084472656,37.540000915527344,36.720001220703125,37.119998931884766,9242300
2019-10-21,32.82785415649414,36.2599983215332,37.4900016784668,36.18000030517578,37.400001525878906,12163000
2019-10-22,32.9455451965332,36.38999938964844,36.56999969482422,35.810001373291016,36.369998931884766,6898600
2019-10-23,33.28957748413086,36.77000045776367,36.97999954223633,36.5,36.5099983215332,10448600
2019-10-24,34.12249755859375,37.689998626708984,37.72999954223633,36.880001068115234,36.970001220703125,12875400
2019-10-25,34.529903411865234,38.13999938964844,38.75,37.529998779296875,38.529998779296875,15882800
2019-10-28,33.76036071777344,37.290000915527344,37.779998779296875,37.150001525878906,37.66999816894531,16137500
2019-10-29,34.185874938964844,37.7599983215332,38.060001373291016,36.91999816894531,36.93000030517578,11036400
2019-10-30,34.61138153076172,38.22999954223633,38.22999954223633,37.130001068115234,37.970001220703125,10952800
2019-10-31,35.49862289428711,39.209999084472656,39.2599983215332,38.439998626708984,38.63999938964844,23594400
2019-11-01,35.6706428527832,39.400001525878906,39.400001525878906,38.709999084472656,38.939998626708984,7823600
2019-11-04,35.109317779541016,38.779998779296875,39.439998626708984,38.709999084472656,39.209999084472656,9714700
2019-11-05,34.176822662353516,37.75,38.2400016784668,37.54999923706055,37.959999084472656,17045800
2019-11-06,34.665706634521484,38.290000915527344,38.560001373291016,37.709999084472656,37.95000076293945,9257400
2019-11-07,33.316734313964844,36.79999923706055,37.93000030517578,36.599998474121094,37.91999816894531,27997000
2019-11-08,32.8912239074707,36.33000183105469,36.90999984741211,36.11000061035156,36.20000076293945,18100400
2019-11-11,32.8912239074707,36.33000183105469,36.61000061035156,36.06999969482422,36.29999923706055,6311900
2019-11-12,33.534019470214844,37.040000915527344,37.04999923706055,35.84000015258789,36.36000061035156,14096900
2019-11-13,33.55213165283203,37.060001373291016,37.43000030517578,36.97999954223633,37.20000076293945,7555200
2019-11-14,34.07722473144531,37.63999938964844,37.63999938964844,37.0099983215332,37.25,10955200
2019-11-15,33.62455749511719,37.13999938964844,37.72999954223633,37.119998931884766,37.290000915527344,9905200
2019-11-18,34.12249755859375,37.689998626708984,37.720001220703125,37.08000183105469,37.189998626708984,9166700
2019-11-19,33.89616012573242,37.439998626708984,38.13999938964844,37.369998931884766,37.40999984741211,9737600
2019-11-20,34.21303176879883,37.790000915527344,37.849998474121094,37.130001068115234,37.41999816894531,8382900
2019-11-21,33.30768585205078,36.790000915527344,37.83000183105469,36.72999954223633,37.619998931884766,15035400
2019-11-22,33.18998336791992,36.65999984741211,37.029998779296875,36.470001220703125,36.939998626708984,5468900
2019-11-25,32.85501480102539,36.290000915527344,36.900001525878906,36.27000045776367,36.47999954223633,9941000
2019-11-26,33.859947204589844,37.400001525878906,37.5,36.25,36.38999938964844,17546600
2019-11-27,33.678871154785156,37.20000076293945,37.29999923706055,36.72999954223633,37.08000183105469,10168700
2019-11-29,34.53895568847656,38.150001525878906,38.16999816894531,37.20000076293945,37.209999084472656,11761600
2019-12-02,34.63854217529297,38.2599983215332,38.290000915527344,37.689998626708984,37.880001068115234,12610000
2019-12-03,35.7792854309082,39.52000045776367,39.54999923706055,39.0,39.0,26555700
2019-12-04,35.49862289428711,39.209999084472656,39.349998474121094,38.70000076293945,38.790000915527344,14997100
2019-12-05,35.63442611694336,39.36000061035156,39.83000183105469,38.93000030517578,38.9900016784668,9922800
2019-12-06,34.43031311035156,38.029998779296875,38.84000015258789,37.9900016784668,38.47999954223633,33546100
2019-12-09,34.4755859375,38.08000183105469,38.349998474121094,37.939998626708984,38.209999084472656,12178400
2019-12-10,34.63854217529297,38.2599983215332,38.459999084472656,38.029998779296875,38.31999969482422,5163600
2019-12-11,35.69779968261719,39.43000030517578,39.5099983215332,38.349998474121094,38.41999816894531,27953500
2019-12-12,35.58915710449219,39.310001373291016,40.02000045776367,38.88999938964844,39.869998931884766,13441400
2019-12-13,35.607261657714844,39.33000183105469,39.5099983215332,38.68000030517578,38.97999954223633,8821800
2019-12-16,35.109317779541016,38.779998779296875,39.470001220703125,38.77000045776367,39.34000015258789,17432800
2019-12-17,34.91920471191406,38.56999969482422,38.9900016784668,38.52000045776367,38.86000061035156,8322100
2019-12-18,35.06405258178711,38.72999954223633,38.90999984741211,38.459999084472656,38.61000061035156,17291300
2019-12-19,35.254180908203125,38.939998626708984,39.040000915527344,38.59000015258789,38.939998626708984,11478000
2019-12-20,34.683815002441406,38.310001373291016,39.04999923706055,38.29999923706055,39.04999923706055,10070500
2019-12-23,35.969478607177734,39.560001373291016,39.59000015258789,38.31999969482422,38.38999938964844,21693800
2019-12-24,37.306053161621094,41.029998779296875,41.08000183105469,39.83000183105469,39.88999938964844,17447400
2019-12-26,38.16073989868164,41.970001220703125,42.189998626708984,41.220001220703125,41.63999938964844,18602700
2019-12-27,37.62428665161133,41.380001068115234,41.939998626708984,41.209999084472656,41.810001373291016,13986300
2019-12-30,38.52443313598633,42.369998931884766,42.40999984741211,41.439998626708984,41.56999969482422,14124600
2019-12-31,38.424415588378906,42.2599983215332,43.0,42.220001220703125,42.88999938964844,9779500
2020-01-02,38.54262161254883,42.38999938964844,43.040000915527344,42.060001373291016,42.88999938964844,14888500
2020-01-03,38.106178283691406,41.90999984741211,43.22999954223633,40.9900016784668,43.15999984741211,14518400
2020-01-06,38.142555236816406,41.95000076293945,42.900001525878906,41.61000061035156,42.900001525878906,16727900
2020-01-07,38.779022216796875,42.650001525878906,42.70000076293945,41.7599983215332,42.0099983215332,12356700
2020-01-08,37.13330078125,40.84000015258789,42.5,40.54999923706055,42.40999984741211,28486400
2020-01-09,36.57866668701172,40.22999954223633,40.939998626708984,40.20000076293945,40.459999084472656,13506400
2020-01-10,37.18785858154297,40.900001525878906,41.18000030517578,40.43000030517578,40.5,10801200
2020-01-13,36.060401916503906,39.65999984741211,40.63999938964844,39.630001068115234,40.630001068115234,15481100
2020-01-14,36.92417526245117,40.61000061035156,40.65999984741211,39.599998474121094,39.63999938964844,16423800
2020-01-15,37.678836822509766,41.439998626708984,41.56999969482422,40.459999084472656,40.83000183105469,14725600
2020-01-16,37.28786849975586,41.0099983215332,41.27000045776367,40.63999938964844,41.150001525878906,9279100
2020-01-17,37.142391204833984,40.849998474121094,41.439998626708984,40.58000183105469,41.2599983215332,9885200
2020-01-21,37.76976776123047,41.540000915527344,41.54999923706055,40.40999984741211,40.599998474121094,14341900
2020-01-22,37.78794860839844,41.560001373291016,41.650001525878906,41.119998931884766,41.47999954223633,6702900
2020-01-23,37.26968765258789,40.9900016784668,41.810001373291016,40.86000061035156,41.130001068115234,10388800
2020-01-24,37.99707794189453,41.790000915527344,41.88999938964844,40.970001220703125,40.9900016784668,14854500
2020-01-27,37.560638427734375,41.310001373291016,42.310001373291016,40.95000076293945,42.29999923706055,13379400
2020-01-28,36.57866668701172,40.22999954223633,41.22999954223633,40.09000015258789,40.91999816894531,13775500
2020-01-29,37.54245376586914,41.290000915527344,41.34000015258789,40.11000061035156,40.2400016784668,14067100
2020-01-30,37.38788604736328,41.119998931884766,41.630001068115234,40.91999816894531,41.439998626708984,11850900
2020-01-31,37.76976776123047,41.540000915527344,41.91999816894531,41.220001220703125,41.27000045776367,14003600
2020-02-03,37.02418899536133,40.720001220703125,41.31999969482422,40.599998474121094,41.099998474121094,18232400
2020-02-04,36.74232482910156,40.40999984741211,40.630001068115234,39.79999923706055,40.380001068115234,15419800
2020-02-05,36.73323440551758,40.400001525878906,40.81999969482422,40.11000061035156,40.380001068115234,8324200
2020-02-06,37.233314514160156,40.95000076293945,41.06999969482422,40.45000076293945,40.65999984741211,10592800
2020-02-07,36.59684753417969,40.25,41.40999984741211,40.2400016784668,41.220001220703125,10335300
2020-02-10,37.233314514160156,40.95000076293945,41.150001525878906,40.34000015258789,40.63999938964844,11789200
2020-02-11,37.10602569580078,40.810001373291016,41.02000045776367,40.369998931884766,40.75,6408800
2020-02-12,36.833248138427734,40.5099983215332,40.90999984741211,40.439998626708984,40.77000045776367,7537400
2020-02-13,37.33332824707031,41.060001373291016,41.34000015258789,40.70000076293945,40.91999816894531,9472900
2020-02-14,37.251502990722656,40.970001220703125,41.58000183105469,40.95000076293945,41.2400016784668,9178600
2020-02-18,38.788116455078125,42.65999984741211,42.70000076293945,41.2599983215332,41.560001373291016,20946700
2020-02-19,40.04286575317383,44.040000915527344,44.060001373291016,42.79999923706055,43.209999084472656,22533600
2020-02-20,39.78828048706055,43.7599983215332,44.400001525878906,43.279998779296875,43.79999923706055,14098800
2020-02-21,40.88845443725586,44.970001220703125,45.08000183105469,44.310001373291016,44.529998779296875,20847800
2020-02-24,40.833900451660156,44.90999984741211,46.41999816894531,44.290000915527344,46.400001525878906,28418000
2020-02-25,38.779022216796875,42.650001525878906,44.900001525878906,42.380001068115234,44.15999984741211,28858900
2020-02-26,38.82448196411133,42.70000076293945,43.400001525878906,42.349998474121094,42.66999816894531,17992000
2020-02-27,36.15131759643555,39.7599983215332,43.33000183105469,39.75,43.2599983215332,41884800
2020-02-28,32.778038024902344,36.04999923706055,38.0099983215332,35.25,37.880001068115234,53680500
2020-03-02,34.6419792175293,38.099998474121094,38.18000030517578,36.959999084472656,37.41999816894531,26748500
2020-03-03,36.105857849121094,39.709999084472656,41.290000915527344,38.060001373291016,38.849998474121094,38785300
2020-03-04,36.54228973388672,40.189998626708984,40.5,39.11000061035156,40.290000915527344,19071300
2020-03-05,37.19694137573242,40.90999984741211,41.15999984741211,39.7400016784668,40.59000015258789,13799800
2020-03-06,36.4786491394043,40.119998931884766,41.15999984741211,37.849998474121094,41.099998474121094,29627700
2020-03-09,33.69637680053711,37.060001373291016,39.619998931884766,35.97999954223633,38.040000915527344,25619400
2020-03-10,34.00551986694336,37.400001525878906,38.119998931884766,35.79999923706055,37.56999969482422,17840900
2020-03-11,30.423118591308594,33.459999084472656,36.810001373291016,33.029998779296875,36.4900016784668,38069500
2020-03-12,22.430912017822266,24.670000076293945,32.130001068115234,24.670000076293945,30.200000762939453,84076500
2020-03-13,20.15781593322754,22.170000076293945,29.68000030517578,19.520000457763672,29.299999237060547,63825300
2020-03-16,24.258480072021484,26.68000030517578,27.850000381469727,19.790000915527344,19.799999237060547,83778400
2020-03-17,29.995779037475586,32.9900016784668,33.11000061035156,27.010000228881836,27.010000228881836,47502500
2020-03-18,22.59457778930664,24.850000381469727,32.68000030517578,24.709999084472656,30.6200008392334,53793400
2020-03-19,23.47653579711914,25.81999969482422,31.809999465942383,24.049999237060547,25.06999969482422,41747600
2020-03-20,22.42182159423828,24.65999984741211,28.68000030517578,24.5,28.56999969482422,30456700
2020-03-23,24.613086700439453,27.06999969482422,28.68000030517578,25.579999923706055,26.489999771118164,35069600
2020-03-24,29.21383285522461,32.130001068115234,32.470001220703125,29.940000534057617,31.860000610351562,58308000
2020-03-25,30.432212829589844,33.470001220703125,35.400001525878906,30.709999084472656,31.489999771118164,42510000
2020-03-26,29.768468856811523,32.7400016784668,35.2400016784668,31.760000228881836,34.709999084472656,22168300
2020-03-27,27.195322036743164,29.90999984741211,31.989999771118164,29.0,31.479999542236328,35161200
2020-03-30,26.422470092773438,29.059999465942383,31.3700008392334,27.549999237060547,30.260000228881836,22814200
2020-03-31,25.549602508544922,28.100000381469727,29.969999313354492,27.729999542236328,28.610000610351562,21698800
2020-04-01,26.531579971313477,29.18000030517578,29.540000915527344,28.020000457763672,28.020000457763672,17055100
2020-04-02,27.595388412475586,30.350000381469727,31.350000381469727,30.0,30.059999465942383,20453200
2020-04-03,27.01347541809082,29.709999084472656,31.25,29.709999084472656,30.479999542236328,13216300
2020-04-06,29.60480499267578,32.560001373291016,32.849998474121094,30.950000762939453,31.5,42470600
2020-04-07,28.97743034362793,31.8700008392334,33.209999084472656,31.469999313354492,32.88999938964844,16167000
2020-04-08,29.613895416259766,32.56999969482422,32.970001220703125,32.099998474121094,32.33000183105469,8671200
2020-04-09,32.41435623168945,35.650001525878906,35.79999923706055,34.02000045776367,34.34000015258789,22848100
2020-04-13,35.032958984375,38.529998779296875,39.04999923706055,33.220001220703125,35.58000183105469,24748300
2020-04-14,35.032958984375,38.529998779296875,41.41999816894531,37.52000045776367,39.29999923706055,20806900
2020-04-15,34.02370071411133,37.41999816894531,38.529998779296875,36.34000015258789,36.849998474121094,17759700
2020-04-16,34.73291015625,38.20000076293945,38.83000183105469,37.08000183105469,37.709999084472656,14576200
2020-04-17,33.069000244140625,36.369998931884766,37.83000183105469,36.18000030517578,37.099998474121094,17156400
2020-04-20,34.50559997558594,37.95000076293945,38.349998474121094,36.540000915527344,36.58000183105469,14043100
2020-04-21,33.841861724853516,37.220001220703125,37.7599983215332,36.20000076293945,36.20000076293945,9091200
2020-04-22,36.396812438964844,40.029998779296875,40.16999816894531,38.709999084472656,38.72999954223633,17319300
2020-04-23,37.37879180908203,41.11000061035156,43.18000030517578,40.41999816894531,40.86000061035156,20507200
2020-04-24,37.915245056152344,41.70000076293945,42.41999816894531,40.08000183105469,42.04999923706055,11976900
2020-04-27,37.99707794189453,41.790000915527344,42.130001068115234,40.540000915527344,41.869998931884766,10587200
2020-04-28,37.897056579589844,41.68000030517578,42.11000061035156,40.75,41.630001068115234,9147800
2020-04-29,38.97904968261719,42.869998931884766,43.0099983215332,41.130001068115234,41.43000030517578,10621100
2020-04-30,36.69686508178711,40.36000061035156,42.52000045776367,40.18000030517578,41.75,18280700
2020-05-01,37.55154800415039,41.29999923706055,41.47999954223633,39.06999969482422,39.349998474121094,10879600
2020-05-04,38.16073989868164,41.970001220703125,42.36000061035156,41.5,41.720001220703125,9274500
2020-05-05,38.69718933105469,42.560001373291016,42.86000061035156,40.84000015258789,42.0,9111800
2020-05-06,37.47881317138672,41.220001220703125,42.06999969482422,40.86000061035156,41.61000061035156,11943600
2020-05-07,39.4609489440918,43.400001525878906,43.900001525878906,41.45000076293945,41.91999816894531,13275200
2020-05-08,39.17908477783203,43.09000015258789,44.04999923706055,42.65999984741211,43.16999816894531,8750700
2020-05-11,38.07891082763672,41.880001068115234,43.34000015258789,41.58000183105469,43.13999938964844,11356700
2020-05-12,38.424415588378906,42.2599983215332,43.689998626708984,41.86000061035156,42.47999954223633,8211600
2020-05-13,38.442604064941406,42.279998779296875,43.209999084472656,41.400001525878906,42.869998931884766,10054400
2020-05-14,39.406394958496094,43.34000015258789,43.61000061035156,41.79999923706055,41.849998474121094,10101200
2020-05-15,41.75222396850586,45.91999816894531,45.970001220703125,44.279998779296875,44.59000015258789,14583000
2020-05-18,41.77042007446289,45.939998626708984,47.060001373291016,45.220001220703125,46.91999816894531,10426500
2020-05-19,43.75255584716797,48.119998931884766,48.56999969482422,46.560001373291016,46.720001220703125,14503800
2020-05-20,43.60707473754883,47.959999084472656,50.369998931884766,47.439998626708984,48.2599983215332,7405800
2020-05-21,42.43415451049805,46.66999816894531,47.290000915527344,45.79999923706055,47.209999084472656,9094400
2020-05-22,42.2159423828125,46.43000030517578,47.81999969482422,46.41999816894531,47.09000015258789,6347800
2020-05-26,40.797523498535156,44.869998931884766,46.63999938964844,44.7400016784668,46.630001068115234,9729100
2020-05-27,40.806617736816406,44.880001068115234,44.939998626708984,42.91999816894531,43.5,11705100
2020-05-28,40.833900451660156,44.90999984741211,46.16999816894531,44.369998931884766,45.70000076293945,8457500
2020-05-29,41.89771270751953,46.08000183105469,46.47999954223633,45.560001373291016,46.13999938964844,9264700
2020-06-01,43.552528381347656,47.900001525878906,48.0099983215332,46.529998779296875,46.7599983215332,9880200
2020-06-02,41.82497024536133,46.0,48.310001373291016,45.95000076293945,48.2599983215332,13517700
2020-06-03,40.424747467041016,44.459999084472656,45.33000183105469,43.880001068115234,44.65999984741211,10396700
2020-06-04,41.170318603515625,45.279998779296875,45.7400016784668,44.5,45.36000061035156,7077200
2020-06-05,40.35200119018555,44.380001068115234,44.5099983215332,42.93000030517578,43.68000030517578,13128200
2020-06-08,41.02484130859375,45.119998931884766,45.18000030517578,44.02000045776367,44.630001068115234,5724400
2020-06-09,40.6793327331543,44.7400016784668,45.720001220703125,44.560001373291016,45.290000915527344,6314000
2020-06-10,42.806949615478516,47.08000183105469,47.11000061035156,43.9900016784668,45.5,13015000
2020-06-11,39.97921371459961,43.970001220703125,47.08000183105469,43.400001525878906,46.540000915527344,15988500
2020-06-12,39.86101150512695,43.84000015258789,45.529998779296875,43.619998931884766,44.9900016784668,7420800
2020-06-15,41.00665283203125,45.099998474121094,45.369998931884766,41.93000030517578,42.33000183105469,11184400
2020-06-16,39.5155029296875,43.459999084472656,45.220001220703125,43.290000915527344,45.0,11618500
2020-06-17,39.97921371459961,43.970001220703125,44.400001525878906,43.540000915527344,43.77000045776367,5641000
2020-06-18,39.27000427246094,43.189998626708984,44.04999923706055,42.95000076293945,43.439998626708984,7477500
2020-06-19,40.724796295166016,44.790000915527344,45.45000076293945,43.630001068115234,44.0,11821500
2020-06-22,42.725120544433594,46.9900016784668,47.459999084472656,45.93000030517578,46.08000183105469,12758600
2020-06-23,43.63435745239258,47.9900016784668,48.400001525878906,47.38999938964844,47.90999984741211,8195300
2020-06-24,42.334144592285156,46.560001373291016,48.11000061035156,45.970001220703125,47.36000061035156,10644200
2020-06-25,42.67055892944336,46.93000030517578,46.97999954223633,45.790000915527344,46.63999938964844,5355000
2020-06-26,43.088809967041016,47.38999938964844,47.540000915527344,45.5099983215332,46.31999969482422,8345800
2020-06-29,43.64345169067383,48.0,48.04999923706055,47.06999969482422,47.5,6545200
2020-06-30,45.080039978027344,49.58000183105469,49.810001373291016,47.5099983215332,47.7400016784668,11124400
2020-07-01,44.97093200683594,49.459999084472656,49.630001068115234,48.11000061035156,49.599998474121094,8273000
2020-07-02,44.67088317871094,49.130001068115234,50.63999938964844,49.060001373291016,49.209999084472656,8952600
2020-07-06,45.84380340576172,50.41999816894531,50.790000915527344,49.61000061035156,50.13999938964844,7786800
2020-07-07,47.025814056396484,51.720001220703125,52.029998779296875,50.04999923706055,50.130001068115234,11359700
2020-07-08,48.66244888305664,53.52000045776367,53.95000076293945,52.31999969482422,53.04999923706055,10730500
2020-07-09,48.47150421142578,53.310001373291016,54.560001373291016,52.029998779296875,53.900001525878906,9626600
2020-07-10,48.216915130615234,53.029998779296875,54.04999923706055,52.38999938964844,53.91999816894531,6446500
2020-07-13,46.680301666259766,51.34000015258789,54.40999984741211,51.119998931884766,54.13999938964844,9992300
2020-07-14,48.54423904418945,53.38999938964844,53.5,51.040000915527344,51.29999923706055,8475400
2020-07-15,48.99886703491211,53.88999938964844,53.95000076293945,52.349998474121094,53.38999938964844,6761900
2020-07-16,47.85322189331055,52.630001068115234,53.810001373291016,52.25,53.220001220703125,6546400
2020-07-17,49.853546142578125,54.83000183105469,55.0,53.150001525878906,53.54999923706055,9983900
2020-07-20,51.462894439697266,56.599998474121094,56.869998931884766,55.380001068115234,55.52000045776367,9408900
2020-07-21,52.69945526123047,57.959999084472656,59.04999923706055,57.150001525878906,58.459999084472656,11951700
2020-07-22,54.199703216552734,59.61000061035156,59.91999816894531,58.38999938964844,58.849998474121094,10804200
2020-07-23,52.47215270996094,57.709999084472656,60.34000015258789,56.75,59.45000076293945,13880500
2020-07-24,53.79054641723633,59.15999984741211,59.34000015258789,57.88999938964844,58.65999984741211,9820000
2020-07-27,56.900142669677734,62.58000183105469,63.310001373291016,61.369998931884766,61.939998626708984,14549100
2020-07-28,56.17274856567383,61.779998779296875,62.70000076293945,60.810001373291016,61.4900016784668,9204700
2020-07-29,56.00908660888672,61.599998474121094,62.689998626708984,59.720001220703125,61.63999938964844,11387400
2020-07-30,53.55414962768555,58.900001525878906,60.47999954223633,58.040000915527344,59.439998626708984,11639900
2020-07-31,54.95437240600586,60.439998626708984,61.04999923706055,59.40999984741211,59.709999084472656,9369100
2020-08-03,54.745243072509766,60.209999084472656,60.70000076293945,59.029998779296875,60.470001220703125,7925800
2020-08-04,57.43659210205078,63.16999816894531,63.25,59.61000061035156,60.130001068115234,10273400
2020-08-05,58.236724853515625,64.05000305175781,65.94999694824219,62.939998626708984,64.9000015258789,10791600
2020-08-06,57.8548469543457,63.630001068115234,65.43000030517578,62.619998931884766,65.0999984741211,9330300
2020-08-07,55.418087005615234,60.95000076293945,62.31999969482422,60.029998779296875,62.04999923706055,11555000
2020-08-10,55.14531707763672,60.650001525878906,63.38999938964844,60.43000030517578,61.709999084472656,6944300
2020-08-11,50.180870056152344,55.189998626708984,58.54999923706055,54.939998626708984,56.790000915527344,22144600
2020-08-12,50.762786865234375,55.83000183105469,57.68000030517578,55.689998626708984,57.33000183105469,11732200
2020-08-13,53.026790618896484,58.31999969482422,58.900001525878906,56.619998931884766,57.0,10803500
2020-08-14,52.7176513671875,57.97999954223633,58.68000030517578,56.959999084472656,58.439998626708984,5674500
2020-08-17,55.963626861572266,61.54999923706055,61.599998474121094,59.88999938964844,60.16999816894531,11885200
2020-08-18,55.199867248535156,60.709999084472656,62.90999984741211,59.83000183105469,62.88999938964844,7270400
2020-08-19,52.62672424316406,57.880001068115234,60.29999923706055,57.470001220703125,60.13999938964844,10876500
2020-08-20,53.6359748840332,58.9900016784668,59.209999084472656,57.40999984741211,57.790000915527344,7191900
2020-08-21,52.00843811035156,57.20000076293945,57.88999938964844,56.59000015258789,57.56999969482422,9329200
2020-08-24,51.88114929199219,57.060001373291016,58.47999954223633,56.880001068115234,58.31999969482422,8008600
2020-08-25,51.73566818237305,56.900001525878906,56.97999954223633,55.11000061035156,56.779998779296875,7510500
2020-08-26,53.26319122314453,58.58000183105469,58.779998779296875,56.150001525878906,56.150001525878906,9077800
2020-08-27,52.0811767578125,57.279998779296875,59.849998474121094,56.310001373291016,59.75,9533300
2020-08-28,54.363372802734375,59.790000915527344,60.0,58.279998779296875,58.790000915527344,10060300
2020-08-31,54.7270622253418,60.189998626708984,60.93000030517578,59.61000061035156,60.0,7443100
2020-09-01,53.94511795043945,59.33000183105469,61.5099983215332,58.650001525878906,61.5,9188400
2020-09-02,53.699623107910156,59.060001373291016,59.16999816894531,57.31999969482422,58.81999969482422,8754700
2020-09-03,53.39957046508789,58.72999954223633,59.34000015258789,56.84000015258789,58.560001373291016,10676500
2020-09-04,53.04497146606445,58.34000015258789,58.619998931884766,55.880001068115234,58.380001068115234,11651200
2020-09-08,52.06298828125,57.2599983215332,58.66999816894531,55.650001525878906,56.31999969482422,9117100
2020-09-09,54.445194244384766,59.880001068115234,60.06999969482422,57.95000076293945,57.95000076293945,9224000
2020-09-10,53.5632438659668,58.90999984741211,60.939998626708984,58.599998474121094,60.54999923706055,9154000
2020-09-11,52.881309509277344,58.15999984741211,60.220001220703125,57.90999984741211,59.52000045776367,6950200
2020-09-14,55.77268981933594,61.34000015258789,61.400001525878906,59.29999923706055,59.29999923706055,11046500
2020-09-15,55.809059143066406,61.380001068115234,62.720001220703125,61.02000045776367,62.68000030517578,9601600
2020-09-16,56.19093704223633,61.79999923706055,62.689998626708984,61.369998931884766,62.63999938964844,9287400
2020-09-17,55.43627166748047,60.970001220703125,61.369998931884766,59.54999923706055,60.060001373291016,7669700
2020-09-18,55.108943939208984,60.61000061035156,62.099998474121094,60.41999816894531,61.41999816894531,7699100
2020-09-21,52.23575210571289,57.45000076293945,59.2599983215332,56.880001068115234,58.31999969482422,14900000
2020-09-22,52.3266716003418,57.54999923706055,57.97999954223633,56.56999969482422,57.369998931884766,7092600
2020-09-23,48.298744201660156,53.119998931884766,56.310001373291016,52.58000183105469,56.06999969482422,17712400
2020-09-24,49.86263656616211,54.84000015258789,55.2599983215332,51.91999816894531,52.31999969482422,13386500
2020-09-25,49.308006286621094,54.22999954223633,54.790000915527344,53.20000076293945,53.93000030517578,6515200
2020-09-28,50.24451446533203,55.2599983215332,55.68000030517578,54.400001525878906,55.31999969482422,7269200
2020-09-29,51.01736831665039,56.11000061035156,56.36000061035156,55.29999923706055,55.43000030517578,6649300
2020-09-30,50.335445404052734,55.36000061035156,56.06999969482422,54.810001373291016,55.58000183105469,6812300
2020-10-01,51.19921875,56.310001373291016,56.95000076293945,55.61000061035156,56.209999084472656,6960000
2020-10-02,50.299072265625,55.31999969482422,56.33000183105469,54.97999954223633,55.52000045776367,6796200
2020-10-05,51.4447135925293,56.58000183105469,57.0,55.77000045776367,55.880001068115234,7441300
2020-10-06,49.698978424072266,54.65999984741211,57.5,54.529998779296875,57.22999954223633,9081600
2020-10-07,50.25360870361328,55.27000045776367,56.0,54.880001068115234,55.470001220703125,4177200
2020-10-08,51.362884521484375,56.4900016784668,56.65999984741211,55.560001373291016,55.90999984741211,5344400
2020-10-09,54.09968566894531,59.5,59.59000015258789,57.81999969482422,57.849998474121094,10792000
2020-10-12,53.85419464111328,59.22999954223633,59.84000015258789,58.59000015258789,59.130001068115234,4400000
2020-10-13,52.96314239501953,58.25,58.689998626708984,57.08000183105469,58.0099983215332,6906300
2020-10-14,54.054229736328125,59.45000076293945,60.09000015258789,58.7599983215332,59.2400016784668,9296100
2020-10-15,53.190452575683594,58.5,59.13999938964844,57.959999084472656,58.02000045776367,5309000
2020-10-16,52.43578338623047,57.66999816894531,58.869998931884766,57.61000061035156,58.59000015258789,4484200
2020-10-19,51.59019470214844,56.7400016784668,58.599998474121094,56.68000030517578,58.599998474121094,6910300
2020-10-20,52.13573455810547,57.34000015258789,57.75,56.31999969482422,56.7400016784668,8329500
2020-10-21,52.89949035644531,58.18000030517578,58.970001220703125,57.75,57.83000183105469,5451300
2020-10-22,51.93570327758789,57.119998931884766,57.45000076293945,56.13999938964844,57.220001220703125,7506200
2020-10-23,51.31741714477539,56.439998626708984,57.11000061035156,55.83000183105469,57.11000061035156,6399400
2020-10-26,50.23542022705078,55.25,56.849998474121094,55.150001525878906,55.91999816894531,7652200
2020-10-27,51.09011459350586,56.189998626708984,56.290000915527344,54.88999938964844,55.09000015258789,9639400
2020-10-28,47.307674407958984,52.029998779296875,54.650001525878906,51.77000045776367,54.40999984741211,15350600
2020-10-29,47.85322189331055,52.630001068115234,53.11000061035156,51.27000045776367,51.400001525878906,6699000
2020-10-30,48.380577087402344,53.209999084472656,53.529998779296875,51.7599983215332,53.349998474121094,8726800
2020-11-02,49.871726989746094,54.849998474121094,54.959999084472656,53.220001220703125,54.0,10909900
2020-11-03,50.726409912109375,55.790000915527344,56.349998474121094,55.13999938964844,55.650001525878906,7028000
2020-11-04,49.28072738647461,54.20000076293945,55.91999816894531,53.959999084472656,55.86000061035156,9330300
2020-11-05,54.09968566894531,59.5,59.7400016784668,56.29999923706055,56.36000061035156,16843900
2020-11-06,54.22698211669922,59.63999938964844,60.290000915527344,58.939998626708984,60.13999938964844,8010400
2020-11-09,50.92643737792969,56.0099983215332,56.81999969482422,54.790000915527344,56.81999969482422,14962000
2020-11-10,49.107967376708984,54.0099983215332,56.20000076293945,53.939998626708984,56.02000045776367,9053000
2020-11-11,48.089622497558594,52.88999938964844,53.540000915527344,52.599998474121094,53.27000045776367,7536600
2020-11-12,48.63516616821289,53.4900016784668,54.599998474121094,53.34000015258789,53.380001068115234,6465000
2020-11-13,49.62623596191406,54.58000183105469,55.130001068115234,54.15999984741211,55.08000183105469,5860600
2020-11-16,49.289817810058594,54.209999084472656,55.029998779296875,53.84000015258789,54.36000061035156,5677300
2020-11-17,48.24419403076172,53.060001373291016,53.75,52.84000015258789,53.66999816894531,7089800
2020-11-18,46.9439811706543,51.630001068115234,53.11000061035156,51.54999923706055,52.88999938964844,8673400
2020-11-19,46.87124252319336,51.54999923706055,51.970001220703125,50.720001220703125,50.959999084472656,7706400
2020-11-20,47.180381774902344,51.88999938964844,52.7599983215332,51.56999969482422,52.09000015258789,8086800
2020-11-23,45.061859130859375,49.560001373291016,51.369998931884766,49.4900016784668,51.29999923706055,10504100
2020-11-24,43.73435974121094,48.099998474121094,48.66999816894531,47.68000030517578,47.779998779296875,10133400
2020-11-25,44.67088317871094,49.130001068115234,49.459999084472656,48.54999923706055,48.70000076293945,8484400
2020-11-27,45.107322692871094,49.61000061035156,49.630001068115234,48.099998474121094,48.130001068115234,4008100
2020-11-30,45.489200592041016,50.029998779296875,50.06999969482422,48.380001068115234,48.97999954223633,6737100
2020-12-01,47.925960540771484,52.709999084472656,52.7599983215332,51.029998779296875,51.90999984741211,12087800
2020-12-02,47.79866409301758,52.56999969482422,52.77000045776367,51.79999923706055,52.599998474121094,8370800
2020-12-03,47.41679000854492,52.150001525878906,52.83000183105469,51.56999969482422,52.83000183105469,5002000
2020-12-04,46.93489074707031,51.619998931884766,52.52000045776367,51.38999938964844,52.099998474121094,5418700
2020-12-07,48.807918548583984,53.68000030517578,54.22999954223633,51.529998779296875,51.540000915527344,7751400
2020-12-08,48.28965377807617,53.11000061035156,53.86000061035156,52.959999084472656,53.79999923706055,3665200
2020-12-09,46.7712287902832,51.439998626708984,52.83000183105469,50.810001373291016,52.52000045776367,8206000
2020-12-10,46.83487319946289,51.5099983215332,52.459999084472656,51.130001068115234,51.400001525878906,4991800
2020-12-11,46.43480682373047,51.06999969482422,51.939998626708984,50.900001525878906,51.58000183105469,5516900
2020-12-14,45.316444396972656,49.84000015258789,51.529998779296875,49.77000045776367,50.79999923706055,7128400
2020-12-15,47.2440299987793,51.959999084472656,52.029998779296875,50.790000915527344,50.869998931884766,9424100
2020-12-16,48.43513488769531,53.27000045776367,53.290000915527344,51.58000183105469,52.16999816894531,7498500
2020-12-17,50.59002685546875,55.63999938964844,55.959999084472656,54.5,54.70000076293945,9735800
2020-12-18,49.48075866699219,54.41999816894531,55.58000183105469,54.34000015258789,55.459999084472656,6917100
2020-12-21,50.113525390625,54.25,54.75,53.43000030517578,53.59000015258789,7124100
2020-12-22,47.92424011230469,51.880001068115234,53.97999954223633,51.630001068115234,53.849998474121094,10760100
2020-12-23,49.21748733520508,53.279998779296875,53.400001525878906,52.47999954223633,52.47999954223633,5490200
2020-12-24,49.28215026855469,53.349998474121094,53.68000030517578,52.7599983215332,52.970001220703125,2495100
2020-12-28,49.15282440185547,53.209999084472656,55.0,53.11000061035156,54.45000076293945,5401600
2020-12-29,48.97731399536133,53.02000045776367,54.08000183105469,52.7400016784668,53.599998474121094,6130300
2020-12-30,50.63083267211914,54.810001373291016,54.849998474121094,53.15999984741211,53.22999954223633,7742200
2020-12-31,50.10429382324219,54.2400016784668,55.119998931884766,53.72999954223633,54.959999084472656,6064800
2021-01-04,53.62378692626953,58.04999923706055,58.400001525878906,56.380001068115234,57.09000015258789,16375900
2021-01-05,53.70692443847656,58.13999938964844,58.54999923706055,57.310001373291016,58.5099983215332,6995200
2021-01-06,53.383609771728516,57.790000915527344,58.0099983215332,56.16999816894531,57.27000045776367,8785100
2021-01-07,52.67231750488281,57.02000045776367,57.59000015258789,56.400001525878906,57.290000915527344,5534600
2021-01-08,49.568511962890625,53.65999984741211,55.790000915527344,52.529998779296875,55.70000076293945,15663400
2021-01-11,48.478485107421875,52.47999954223633,53.40999984741211,52.36000061035156,52.599998474121094,9084200
2021-01-12,48.64476013183594,52.65999984741211,52.7400016784668,51.459999084472656,52.63999938964844,7008600
2021-01-13,47.9334716796875,51.88999938964844,52.95000076293945,51.84000015258789,52.36000061035156,5106400
2021-01-14,47.9334716796875,51.88999938964844,52.70000076293945,51.619998931884766,52.06999969482422,5916200
2021-01-15,45.58714294433594,49.349998474121094,51.27000045776367,49.33000183105469,51.18000030517578,11379500
2021-01-19,46.21529769897461,50.029998779296875,50.599998474121094,49.54999923706055,50.439998626708984,5851700
2021-01-20,48.090511322021484,52.060001373291016,52.34000015258789,50.790000915527344,50.97999954223633,9149700
2021-01-21,47.45311737060547,51.369998931884766,52.13999938964844,50.790000915527344,52.099998474121094,5877500
2021-01-22,46.50165939331055,50.34000015258789,50.84000015258789,49.31999969482422,49.849998474121094,6376100
2021-01-25,46.11368179321289,49.91999816894531,51.02000045776367,49.470001220703125,50.650001525878906,5981800
2021-01-26,46.22453308105469,50.040000915527344,50.72999954223633,49.779998779296875,49.97999954223633,3199800
2021-01-27,44.34931564331055,48.0099983215332,49.33000183105469,47.59000015258789,49.22999954223633,9143700
2021-01-28,46.37233352661133,50.20000076293945,51.439998626708984,48.88999938964844,50.11000061035156,10815400
2021-01-29,46.2614860534668,50.08000183105469,52.310001373291016,49.88999938964844,51.9900016784668,7036700
2021-02-01,48.9218864440918,52.959999084472656,54.31999969482422,51.86000061035156,53.209999084472656,13503300
2021-02-02,46.37233352661133,50.20000076293945,51.47999954223633,50.060001373291016,51.33000183105469,11261900
2021-02-03,46.57555389404297,50.41999816894531,50.86000061035156,50.099998474121094,50.599998474121094,2946400
2021-02-04,45.65180587768555,49.41999816894531,49.52000045776367,48.279998779296875,48.86000061035156,7147800
2021-02-05,46.52936935424805,50.369998931884766,50.529998779296875,49.43000030517578,49.90999984741211,6066000
2021-02-08,47.277610778808594,51.18000030517578,51.63999938964844,50.7400016784668,51.29999923706055,5241400
2021-02-09,46.9450569152832,50.81999969482422,51.5,50.38999938964844,51.4900016784668,5012300
2021-02-10,47.12980651855469,51.02000045776367,51.66999816894531,50.38999938964844,51.52000045776367,3671500
2021-02-11,46.27995681762695,50.099998474121094,51.470001220703125,49.7599983215332,51.20000076293945,6300600
2021-02-12,46.418521881103516,50.25,51.0099983215332,49.25,49.630001068115234,5842700
2021-02-16,45.51324462890625,49.27000045776367,50.380001068115234,49.09000015258789,49.150001525878906,6958800
2021-02-17,44.50635528564453,48.18000030517578,48.4900016784668,47.86000061035156,48.43000030517578,6750200
2021-02-18,43.69345474243164,47.29999923706055,48.54999923706055,47.040000915527344,48.09000015258789,5947700
2021-02-19,43.91515350341797,47.540000915527344,48.130001068115234,47.20000076293945,47.72999954223633,5347000
2021-02-22,46.47394943237305,50.310001373291016,50.650001525878906,48.20000076293945,48.290000915527344,11878700
2021-02-23,45.57790756225586,49.34000015258789,49.709999084472656,47.90999984741211,49.68000030517578,7474700
2021-02-24,46.30767059326172,50.130001068115234,50.38999938964844,48.119998931884766,48.4900016784668,5888700
2021-02-25,43.81353759765625,47.43000030517578,49.790000915527344,47.349998474121094,48.88999938964844,11519900
2021-02-26,42.2708740234375,45.7599983215332,47.540000915527344,45.06999969482422,47.349998474121094,11658200
2021-03-01,41.55958938598633,44.9900016784668,46.7400016784668,44.869998931884766,46.540000915527344,7067700
2021-03-02,43.01911544799805,46.56999969482422,46.869998931884766,45.09000015258789,45.099998474121094,8381900
2021-03-03,41.83671188354492,45.290000915527344,45.900001525878906,44.380001068115234,45.66999816894531,7256900
2021-03-04,41.63349151611328,45.06999969482422,46.47999954223633,44.119998931884766,45.43000030517578,8937300
2021-03-05,42.13231658935547,45.61000061035156,45.689998626708984,44.0,45.2400016784668,8384100
2021-03-08,41.29170227050781,44.70000076293945,45.56999969482422,44.61000061035156,45.130001068115234,6387500
2021-03-09,42.86207962036133,46.400001525878906,47.189998626708984,45.88999938964844,46.540000915527344,8418700
2021-03-10,42.88055419921875,46.41999816894531,46.72999954223633,46.02000045776367,46.630001068115234,5538200
2021-03-11,43.59183883666992,47.189998626708984,47.36000061035156,46.43000030517578,46.75,4775900
2021-03-12,43.508697509765625,47.099998474121094,47.38999938964844,45.63999938964844,45.84000015258789,6378300
2021-03-15,44.37703323364258,48.040000915527344,48.099998474121094,47.29999923706055,47.470001220703125,6080500
2021-03-16,43.961341857910156,47.59000015258789,48.029998779296875,47.279998779296875,47.939998626708984,4998700
2021-03-17,45.02365493774414,48.7400016784668,49.25,46.83000183105469,47.15999984741211,8666500
2021-03-18,44.13684844970703,47.779998779296875,48.869998931884766,47.540000915527344,47.790000915527344,6602200
2021-03-19,44.86661911010742,48.56999969482422,48.65999984741211,47.689998626708984,47.88999938964844,5998400
2021-03-22,44.08142852783203,47.720001220703125,48.70000076293945,47.650001525878906,48.060001373291016,6144000
2021-03-23,42.29859161376953,45.790000915527344,47.349998474121094,45.72999954223633,47.189998626708984,8277700
2021-03-24,41.74433517456055,45.189998626708984,46.25,45.18000030517578,46.0,4745400
2021-03-25,41.781288146972656,45.22999954223633,45.66999816894531,44.66999816894531,45.15999984741211,3963400
2021-03-26,42.42791748046875,45.93000030517578,45.939998626708984,45.099998474121094,45.189998626708984,3786000
2021-03-29,42.09536361694336,45.56999969482422,45.59000015258789,44.47999954223633,45.380001068115234,4835600
2021-03-30,40.22938537597656,43.54999923706055,44.439998626708984,43.2400016784668,44.11000061035156,8896500
2021-03-31,41.578060150146484,45.0099983215332,45.470001220703125,43.689998626708984,43.7400016784668,15931100
2021-04-01,43.157676696777344,46.720001220703125,46.7599983215332,45.68000030517578,45.810001373291016,8104700
2021-04-05,43.157676696777344,46.720001220703125,47.29999923706055,46.380001068115234,46.81999969482422,6319500
2021-04-06,44.25693893432617,47.90999984741211,48.33000183105469,47.130001068115234,47.130001068115234,8933800
2021-04-07,43.59183883666992,47.189998626708984,47.83000183105469,47.08000183105469,47.68000030517578,6559600
2021-04-08,45.13450241088867,48.86000061035156,49.040000915527344,48.06999969482422,48.150001525878906,6649700
2021-04-09,44.940521240234375,48.650001525878906,48.97999954223633,47.79999923706055,47.95000076293945,4678600
2021-04-12,43.74888229370117,47.36000061035156,48.38999938964844,47.189998626708984,48.189998626708984,4999700
2021-04-13,44.79271697998047,48.4900016784668,48.88999938964844,47.959999084472656,48.029998779296875,4463800
2021-04-14,44.16456604003906,47.810001373291016,48.619998931884766,47.689998626708984,48.310001373291016,3778000
2021-04-15,45.993595123291016,49.790000915527344,50.11000061035156,48.29999923706055,48.5,7548900
2021-04-16,46.483184814453125,50.31999969482422,50.43000030517578,49.790000915527344,50.40999984741211,5213900
2021-04-19,45.59638214111328,49.36000061035156,50.2400016784668,49.16999816894531,50.099998474121094,4842500
2021-04-20,46.10444641113281,49.90999984741211,49.959999084472656,49.02000045776367,49.11000061035156,3443200
2021-04-21,47.231422424316406,51.130001068115234,51.189998626708984,49.709999084472656,49.91999816894531,6599700
2021-04-22,46.141395568847656,49.95000076293945,50.97999954223633,49.720001220703125,50.68000030517578,5698700
2021-04-23,45.901222229003906,49.689998626708984,50.72999954223633,49.63999938964844,50.400001525878906,3815100
2021-04-26,45.938167572021484,49.72999954223633,50.040000915527344,49.41999816894531,49.970001220703125,2152300
2021-04-27,45.116031646728516,48.84000015258789,50.130001068115234,48.7599983215332,49.90999984741211,4265800
2021-04-28,45.57790756225586,49.34000015258789,49.56999969482422,47.95000076293945,48.220001220703125,4764600
2021-04-29,44.55254364013672,48.22999954223633,48.810001373291016,47.66999816894531,48.77000045776367,9010900
2021-04-30,43.83201599121094,47.45000076293945,48.349998474121094,47.369998931884766,47.959999084472656,5081700
2021-05-03,45.762657165527344,49.540000915527344,49.79999923706055,48.2599983215332,48.369998931884766,8624600
2021-05-04,44.78347396850586,48.47999954223633,50.369998931884766,48.13999938964844,49.459999084472656,7894500
2021-05-05,44.99594497680664,48.709999084472656,48.7400016784668,48.08000183105469,48.650001525878906,3752800
2021-05-06,46.566322326660156,50.40999984741211,51.09000015258789,49.040000915527344,49.09000015258789,12303600
2021-05-07,47.54549789428711,51.470001220703125,51.7599983215332,50.79999923706055,51.41999816894531,8602000
2021-05-10,46.99124526977539,50.869998931884766,52.650001525878906,50.810001373291016,52.599998474121094,6223400
2021-05-11,47.628639221191406,51.560001373291016,51.560001373291016,49.56999969482422,49.84000015258789,5949000
2021-05-12,46.25224304199219,50.06999969482422,51.70000076293945,49.939998626708984,51.13999938964844,8613900
2021-05-13,45.70722961425781,49.47999954223633,50.25,49.2599983215332,49.88999938964844,5144100
2021-05-14,47.212947845458984,51.11000061035156,51.18000030517578,50.02000045776367,50.02000045776367,8361900
2021-05-17,49.70708084106445,53.810001373291016,54.36000061035156,51.41999816894531,51.56999969482422,12842500
2021-05-18,49.7717399597168,53.880001068115234,54.38999938964844,53.11000061035156,54.22999954223633,6111000
2021-05-19,49.05120849609375,53.099998474121094,54.45000076293945,52.40999984741211,53.2599983215332,9879300
2021-05-20,49.891822814941406,54.0099983215332,54.279998779296875,53.09000015258789,53.459999084472656,5953500
2021-05-21,49.76250076293945,53.869998931884766,54.529998779296875,53.2400016784668,54.2400016784668,5183100
2021-05-24,50.178184509277344,54.31999969482422,54.52000045776367,53.880001068115234,54.11000061035156,3931100
2021-05-25,50.31675720214844,54.470001220703125,54.88999938964844,53.369998931884766,54.15999984741211,6913900
2021-05-26,50.048866271972656,54.18000030517578,55.2599983215332,53.93000030517578,54.619998931884766,6566600
2021-05-27,49.965728759765625,54.09000015258789,54.34000015258789,53.619998931884766,54.08000183105469,5580400
2021-05-28,50.538455963134766,54.709999084472656,54.7400016784668,53.65999984741211,53.849998474121094,4661200
2021-06-01,50.70472717285156,54.88999938964844,55.790000915527344,54.70000076293945,55.2599983215332,7171600
2021-06-02,50.972618103027344,55.18000030517578,55.529998779296875,54.72999954223633,55.22999954223633,4317100
2021-06-03,48.63552474975586,52.650001525878906,53.650001525878906,52.599998474121094,53.650001525878906,10947700
2021-06-04,49.58698654174805,53.68000030517578,53.9900016784668,53.2599983215332,53.33000183105469,5426300
2021-06-07,49.5223274230957,53.61000061035156,53.81999969482422,52.95000076293945,53.380001068115234,4998900
2021-06-08,48.783329010009766,52.810001373291016,53.58000183105469,52.77000045776367,53.08000183105469,4550800
2021-06-09,48.66323471069336,52.68000030517578,53.52000045776367,52.619998931884766,53.099998474121094,3408600
2021-06-10,50.178184509277344,54.31999969482422,54.369998931884766,52.45000076293945,52.81999969482422,8597300
2021-06-11,49.15282440185547,53.209999084472656,54.209999084472656,53.13999938964844,53.900001525878906,6374800
2021-06-14,48.94960021972656,52.9900016784668,53.4900016784668,52.029998779296875,52.20000076293945,4871100
2021-06-15,48.29373550415039,52.279998779296875,53.09000015258789,52.02000045776367,53.029998779296875,5223600
2021-06-16,47.3145637512207,51.220001220703125,52.939998626708984,51.209999084472656,52.27000045776367,7715300
2021-06-17,45.06984329223633,48.790000915527344,50.29999923706055,48.59000015258789,49.54999923706055,13435000
2021-06-18,44.09067153930664,47.72999954223633,49.43000030517578,47.66999816894531,48.790000915527344,7429900
2021-06-21,44.63568115234375,48.31999969482422,48.59000015258789,47.61000061035156,48.349998474121094,6421200
2021-06-22,44.23846435546875,47.88999938964844,48.22999954223633,47.68000030517578,47.93000030517578,6784300
2021-06-23,43.942867279052734,47.56999969482422,49.0,47.560001373291016,48.470001220703125,8553300
2021-06-24,44.21998977661133,47.869998931884766,48.380001068115234,47.56999969482422,48.27000045776367,3380500
2021-06-25,43.81353759765625,47.43000030517578,48.599998474121094,47.33000183105469,48.540000915527344,3964200
2021-06-28,42.871315002441406,46.40999984741211,47.43000030517578,46.189998626708984,47.220001220703125,6398100
2021-06-29,42.335540771484375,45.83000183105469,46.470001220703125,45.5099983215332,45.630001068115234,6362700
2021-06-30,43.185394287109375,46.75,46.970001220703125,45.68000030517578,45.790000915527344,5153300
2021-07-01,43.120723724365234,46.68000030517578,47.34000015258789,46.18000030517578,47.31999969482422,2821700
2021-07-02,43.84125518798828,47.459999084472656,47.720001220703125,46.720001220703125,47.41999816894531,4851100
2021-07-06,43.44404220581055,47.029998779296875,48.380001068115234,46.650001525878906,48.22999954223633,7315100
2021-07-07,43.31471633911133,46.88999938964844,47.45000076293945,46.4900016784668,47.33000183105469,3998200
2021-07-08,42.058406829833984,45.529998779296875,47.040000915527344,45.25,46.869998931884766,6525800
2021-07-09,43.0652961730957,46.619998931884766,46.810001373291016,45.7599983215332,45.810001373291016,5690400
2021-07-12,42.07688903808594,45.54999923706055,46.7400016784668,45.5,46.31999969482422,8696000
2021-07-13,42.4094352722168,45.90999984741211,46.90999984741211,45.52000045776367,45.59000015258789,6412800
2021-07-14,43.157676696777344,46.720001220703125,47.22999954223633,46.33000183105469,47.0099983215332,7186500
2021-07-15,43.20386505126953,46.77000045776367,46.97999954223633,46.38999938964844,46.79999923706055,4114100
2021-07-16,41.44873046875,44.869998931884766,46.5099983215332,44.77000045776367,46.5,8811100
2021-07-19,40.07234573364258,43.380001068115234,44.439998626708984,43.060001373291016,44.130001068115234,8016000
2021-07-20,40.19243621826172,43.5099983215332,44.150001525878906,43.150001525878906,43.599998474121094,4402500
2021-07-21,41.10694885253906,44.5,44.70000076293945,43.06999969482422,43.220001220703125,6563800
2021-07-22,40.700496673583984,44.060001373291016,44.4900016784668,43.560001373291016,44.45000076293945,3367800
2021-07-23,40.30328369140625,43.630001068115234,44.119998931884766,43.38999938964844,43.95000076293945,3304300
2021-07-26,40.93143844604492,44.310001373291016,44.630001068115234,43.470001220703125,43.59000015258789,4506600
2021-07-27,40.65430450439453,44.0099983215332,44.29999923706055,43.43000030517578,44.18000030517578,4190500
2021-07-28,41.522640228271484,44.95000076293945,44.9900016784668,43.70000076293945,43.72999954223633,5562900
2021-07-29,42.59418869018555,46.11000061035156,46.58000183105469,45.720001220703125,45.900001525878906,7487600
2021-07-30,42.335540771484375,45.83000183105469,46.369998931884766,45.31999969482422,45.720001220703125,4209200
2021-08-02,42.13231658935547,45.61000061035156,45.97999954223633,45.459999084472656,45.849998474121094,2833600
2021-08-03,42.47410202026367,45.97999954223633,46.0,45.369998931884766,45.70000076293945,3999800
2021-08-04,41.93832778930664,45.400001525878906,47.099998474121094,45.31999969482422,46.5099983215332,4906100
2021-08-05,41.356361389160156,44.77000045776367,45.619998931884766,44.630001068115234,45.4900016784668,4754500
2021-08-06,40.27557373046875,43.599998474121094,43.939998626708984,42.97999954223633,43.540000915527344,7685300
2021-08-09,38.779090881347656,41.97999954223633,43.15999984741211,41.939998626708984,42.9900016784668,10359700
2021-08-10,38.46501541137695,41.63999938964844,42.189998626708984,41.439998626708984,41.93000030517578,6209400
2021-08-11,39.42572021484375,42.68000030517578,42.939998626708984,42.18000030517578,42.22999954223633,6853700
2021-08-12,38.65901184082031,41.849998474121094,42.45000076293945,41.5099983215332,42.40999984741211,6312300
2021-08-13,39.582759857177734,42.849998474121094,43.04999923706055,42.290000915527344,42.43000030517578,8257000
2021-08-16,39.16707229614258,42.400001525878906,42.939998626708984,42.220001220703125,42.68000030517578,5001100
2021-08-17,38.344932556152344,41.5099983215332,42.4900016784668,41.16999816894531,42.18000030517578,5448200
2021-08-18,37.65211486816406,40.7599983215332,41.70000076293945,40.29999923706055,41.630001068115234,5758200
2021-08-19,36.77455520629883,39.810001373291016,40.709999084472656,39.63999938964844,40.66999816894531,7777400
2021-08-20,36.663700103759766,39.689998626708984,40.15999984741211,39.5099983215332,39.65999984741211,3373900
2021-08-23,38.69595718383789,41.88999938964844,42.15999984741211,40.7599983215332,40.849998474121094,11482100
2021-08-24,38.90842056274414,42.119998931884766,42.310001373291016,41.72999954223633,42.150001525878906,3143900
2021-08-25,38.27103042602539,41.43000030517578,41.869998931884766,41.09000015258789,41.869998931884766,5615200
2021-08-26,38.01238250732422,41.150001525878906,41.86000061035156,40.959999084472656,41.09000015258789,3350100
2021-08-27,39.795223236083984,43.08000183105469,43.290000915527344,41.0,41.08000183105469,11067800
2021-08-30,39.213260650634766,42.45000076293945,43.29999923706055,42.27000045776367,43.150001525878906,5182800
2021-08-31,39.822933197021484,43.11000061035156,43.20000076293945,42.41999816894531,42.59000015258789,6687700
2021-09-01,39.56428527832031,42.83000183105469,43.5,42.72999954223633,43.369998931884766,3998600
2021-09-02,39.37029266357422,42.619998931884766,43.08000183105469,42.40999984741211,42.810001373291016,4013800
2021-09-03,40.6265983581543,43.97999954223633,44.38999938964844,43.36000061035156,43.41999816894531,9247800
2021-09-07,39.120880126953125,42.349998474121094,43.65999984741211,42.31999969482422,43.349998474121094,9018100
2021-09-08,38.87147521972656,42.08000183105469,42.41999816894531,41.619998931884766,42.369998931884766,4949400
2021-09-09,38.42806625366211,41.599998474121094,42.45000076293945,41.33000183105469,42.439998626708984,7303100
2021-09-10,37.79067611694336,40.90999984741211,41.880001068115234,40.83000183105469,41.790000915527344,5750800
2021-09-13,39.13935852050781,42.369998931884766,42.75,41.02000045776367,41.150001525878906,12349000
2021-09-14,39.30562973022461,42.54999923706055,42.88999938964844,42.0099983215332,42.54999923706055,4372800
2021-09-15,39.25944519042969,42.5,42.869998931884766,42.099998474121094,42.15999984741211,4285300
2021-09-16,37.71678161621094,40.83000183105469,41.27000045776367,40.16999816894531,41.20000076293945,11147700
2021-09-17,37.39346694946289,40.47999954223633,40.709999084472656,40.13999938964844,40.58000183105469,6402600
2021-09-20,36.876163482666016,39.91999816894531,40.02000045776367,39.29999923706055,39.939998626708984,7358000
2021-09-21,36.82073974609375,39.86000061035156,40.709999084472656,39.7400016784668,40.369998931884766,4949000
2021-09-22,36.96854019165039,40.02000045776367,41.220001220703125,39.97999954223633,40.13999938964844,7266200
2021-09-23,36.183353424072266,39.16999816894531,39.97999954223633,39.15999984741211,39.84000015258789,6219900
2021-09-24,35.96165466308594,38.93000030517578,39.38999938964844,38.619998931884766,38.880001068115234,3588800
2021-09-27,35.92470169067383,38.88999938964844,39.7400016784668,38.81999969482422,39.04999923706055,5077100
2021-09-28,35.573673248291016,38.5099983215332,38.75,38.02000045776367,38.45000076293945,5957800
2021-09-29,34.5667839050293,37.41999816894531,38.5,37.310001373291016,38.40999984741211,8413000
2021-09-30,35.4166374206543,38.34000015258789,38.97999954223633,37.709999084472656,37.91999816894531,7370300
2021-10-01,35.425872802734375,38.349998474121094,38.630001068115234,37.970001220703125,38.619998931884766,3115500
2021-10-04,35.80461120605469,38.7599983215332,39.2400016784668,38.369998931884766,38.380001068115234,5718100
2021-10-05,36.19259262084961,39.18000030517578,39.220001220703125,38.09000015258789,38.630001068115234,4901000
2021-10-06,36.91311264038086,39.959999084472656,39.9900016784668,38.709999084472656,38.86000061035156,6611300
2021-10-07,37.1163444519043,40.18000030517578,40.779998779296875,39.7400016784668,39.810001373291016,6379300
2021-10-08,37.670589447021484,40.779998779296875,41.59000015258789,40.599998474121094,41.31999969482422,7462300
2021-10-11,37.522789001464844,40.619998931884766,41.56999969482422,40.61000061035156,40.90999984741211,3410900
2021-10-12,38.52044677734375,41.70000076293945,41.7599983215332,40.65999984741211,40.84000015258789,9112300
2021-10-13,39.859886169433594,43.150001525878906,43.34000015258789,41.959999084472656,42.0,9090600
2021-10-14,40.63583755493164,43.9900016784668,44.060001373291016,43.470001220703125,43.790000915527344,5919600
2021-10-15,40.25709533691406,43.58000183105469,44.150001525878906,42.83000183105469,43.20000076293945,6563300
2021-10-18,39.785980224609375,43.06999969482422,43.68000030517578,43.060001373291016,43.56999969482422,4990200
2021-10-19,40.10929489135742,43.41999816894531,44.16999816894531,43.150001525878906,44.11000061035156,5798000
2021-10-20,40.876007080078125,44.25,44.7599983215332,43.650001525878906,43.97999954223633,6416400
2021-10-21,40.571170806884766,43.91999816894531,44.220001220703125,43.689998626708984,44.06999969482422,4259700
2021-10-22,41.05152130126953,44.439998626708984,45.72999954223633,44.029998779296875,44.56999969482422,7901000
2021-10-25,42.002986907958984,45.470001220703125,45.75,44.7599983215332,45.04999923706055,6298400
2021-10-26,41.79975891113281,45.25,45.310001373291016,44.77000045776367,45.04999923706055,5227900
2021-10-27,41.61500930786133,45.04999923706055,45.52000045776367,44.81999969482422,45.08000183105469,4766000
2021-10-28,41.07924270629883,44.470001220703125,45.27000045776367,44.38999938964844,45.09000015258789,4312100
2021-10-29,39.97073745727539,43.27000045776367,43.88999938964844,43.13999938964844,43.77000045776367,6723900
2021-11-01,40.3217658996582,43.650001525878906,43.849998474121094,42.849998474121094,43.470001220703125,3991600
2021-11-02,39.610469818115234,42.880001068115234,43.33000183105469,42.43000030517578,43.33000183105469,5829700
2021-11-03,40.22938537597656,43.54999923706055,43.7599983215332,42.119998931884766,42.29999923706055,6128700
2021-11-04,39.97997283935547,43.279998779296875,44.68000030517578,43.2400016784668,44.150001525878906,4513900
2021-11-05,41.337890625,44.75,44.75,43.25,43.72999954223633,7939900
2021-11-08,41.74433517456055,45.189998626708984,45.400001525878906,44.88999938964844,45.11000061035156,5307500
2021-11-09,42.42791748046875,45.93000030517578,46.0099983215332,44.75,45.400001525878906,6383400
2021-11-10,42.91749954223633,46.459999084472656,47.439998626708984,46.119998931884766,47.029998779296875,9374200
2021-11-11,44.21998977661133,47.869998931884766,48.040000915527344,47.04999923706055,47.369998931884766,8624700
2021-11-12,44.33084487915039,47.9900016784668,48.25,47.20000076293945,47.72999954223633,7172700
2021-11-15,44.27541732788086,47.93000030517578,48.11000061035156,47.33000183105469,47.95000076293945,3918900
2021-11-16,43.379371643066406,46.959999084472656,48.16999816894531,46.88999938964844,47.83000183105469,6902000
2021-11-17,43.767356872558594,47.380001068115234,48.029998779296875,47.130001068115234,47.459999084472656,5046700
2021-11-18,43.370140075683594,46.95000076293945,47.599998474121094,46.7599983215332,47.25,3550100
2021-11-19,42.418670654296875,45.91999816894531,47.2599983215332,45.88999938964844,46.93000030517578,6502900
2021-11-22,41.4764518737793,44.900001525878906,45.65999984741211,44.22999954223633,45.0,9422200
2021-11-23,40.6265983581543,43.97999954223633,44.52000045776367,43.43000030517578,43.9900016784668,6855200
2021-11-24,40.74668502807617,44.11000061035156,44.290000915527344,43.4900016784668,43.540000915527344,4108300
2021-11-26,39.64741516113281,42.91999816894531,44.2599983215332,42.16999816894531,44.2599983215332,7768600
2021-11-29,39.80445861816406,43.09000015258789,43.18000030517578,42.459999084472656,42.91999816894531,4496300
2021-11-30,39.43495559692383,42.689998626708984,44.209999084472656,42.18000030517578,43.15999984741211,8948000
2021-12-01,37.94771957397461,41.08000183105469,43.540000915527344,40.93000030517578,43.09000015258789,11745300
2021-12-02,37.50431442260742,40.599998474121094,41.15999984741211,39.900001525878906,41.11000061035156,7400500
2021-12-03,37.495079040527344,40.59000015258789,40.75,39.779998779296875,40.689998626708984,8502400
2021-12-06,37.92924118041992,41.060001373291016,41.119998931884766,39.9900016784668,40.380001068115234,6149000
2021-12-07,38.57586669921875,41.7599983215332,42.08000183105469,41.119998931884766,41.119998931884766,8900800
2021-12-08,38.779090881347656,41.97999954223633,42.11000061035156,41.4900016784668,41.68000030517578,4529800
2021-12-09,37.6244010925293,40.72999954223633,41.70000076293945,40.58000183105469,41.66999816894531,6461600
2021-12-10,37.47660446166992,40.56999969482422,41.2599983215332,40.41999816894531,41.25,5044000
2021-12-13,37.38423156738281,40.470001220703125,41.13999938964844,40.31999969482422,40.810001373291016,4465500
2021-12-14,36.525142669677734,39.540000915527344,40.33000183105469,39.470001220703125,39.58000183105469,7360600
2021-12-15,35.980125427246094,38.95000076293945,39.41999816894531,37.86000061035156,39.41999816894531,18198500
2021-12-16,37.82762908935547,40.95000076293945,40.97999954223633,39.720001220703125,39.7400016784668,11073100
2021-12-17,37.39346694946289,40.47999954223633,41.439998626708984,40.459999084472656,41.060001373291016,7667400
2021-12-20,37.520511627197266,39.869998931884766,39.900001525878906,39.099998474121094,39.70000076293945,6330500
2021-12-21,38.04751205444336,40.43000030517578,40.59000015258789,39.88999938964844,40.380001068115234,4429200
2021-12-22,38.856834411621094,41.290000915527344,41.34000015258789,40.13999938964844,40.650001525878906,5484900
2021-12-23,39.15797424316406,41.61000061035156,41.7400016784668,40.869998931884766,41.33000183105469,4877800
2021-12-27,39.08268737792969,41.529998779296875,41.939998626708984,41.29999923706055,41.619998931884766,3039900
2021-12-28,38.63097381591797,41.04999923706055,42.04999923706055,41.02000045776367,41.56999969482422,4062800
2021-12-29,38.54627990722656,40.959999084472656,41.470001220703125,40.61000061035156,40.61000061035156,3378500
2021-12-30,39.101505279541016,41.54999923706055,41.619998931884766,40.90999984741211,40.93000030517578,4325800
2021-12-31,39.45911407470703,41.93000030517578,42.0,41.470001220703125,41.77000045776367,3639800
2022-01-03,38.61215591430664,41.029998779296875,41.4900016784668,40.95000076293945,41.27000045776367,6289900
2022-01-04,38.92271041870117,41.36000061035156,42.029998779296875,41.130001068115234,41.34000015258789,4475800
2022-01-05,37.943992614746094,40.31999969482422,42.220001220703125,40.20000076293945,41.650001525878906,8230100
2022-01-06,36.48533248901367,38.77000045776367,39.779998779296875,38.77000045776367,39.400001525878906,9988900
2022-01-07,36.92763900756836,39.2400016784668,39.41999816894531,38.630001068115234,39.099998474121094,5560100
2022-01-10,37.285240173339844,39.619998931884766,39.630001068115234,38.470001220703125,38.95000076293945,5275700
2022-01-11,38.31100845336914,40.709999084472656,40.7400016784668,39.29999923706055,39.70000076293945,7455800
2022-01-12,39.15797424316406,41.61000061035156,41.63999938964844,40.630001068115234,40.810001373291016,6151300
2022-01-13,38.57451248168945,40.9900016784668,41.709999084472656,40.95000076293945,41.459999084472656,4697500
2022-01-14,38.08515167236328,40.470001220703125,41.13999938964844,40.130001068115234,41.13999938964844,8123800
2022-01-18,37.66167068481445,40.02000045776367,40.91999816894531,39.849998474121094,40.279998779296875,6591200
2022-01-19,40.362545013427734,42.88999938964844,43.040000915527344,40.5,40.619998931884766,18958700
2022-01-20,39.83554458618164,42.33000183105469,43.400001525878906,42.25,43.290000915527344,9469900
2022-01-21,38.640384674072266,41.060001373291016,42.47999954223633,40.880001068115234,42.470001220703125,10133100
2022-01-24,38.0286865234375,40.40999984741211,40.61000061035156,39.029998779296875,40.61000061035156,11090000
2022-01-25,38.405120849609375,40.810001373291016,41.06999969482422,39.349998474121094,39.7599983215332,9117600
2022-01-26,36.579437255859375,38.869998931884766,40.83000183105469,38.38999938964844,40.349998474121094,13987900
2022-01-27,35.25252914428711,37.459999084472656,38.810001373291016,37.45000076293945,38.15999984741211,10823100
2022-01-28,34.94197463989258,37.130001068115234,37.2599983215332,36.54999923706055,37.189998626708984,7545700
2022-01-31,36.07126235961914,38.33000183105469,38.380001068115234,37.2599983215332,37.470001220703125,7145300
2022-02-01,36.58884811401367,38.880001068115234,39.209999084472656,38.20000076293945,38.779998779296875,5615000
2022-02-02,36.43827819824219,38.720001220703125,39.36000061035156,38.43000030517578,39.099998474121094,4958300
2022-02-03,35.55366897583008,37.779998779296875,38.47999954223633,37.41999816894531,38.25,6760700
2022-02-04,35.93009948730469,38.18000030517578,38.38999938964844,37.59000015258789,37.630001068115234,4828600
2022-02-07,37.37935256958008,39.720001220703125,39.939998626708984,38.400001525878906,38.5,7730500
2022-02-08,37.73695373535156,40.099998474121094,40.119998931884766,39.349998474121094,39.4900016784668,4810800
2022-02-09,37.66167068481445,40.02000045776367,40.58000183105469,39.869998931884766,40.31999969482422,5921000
2022-02-10,36.77706527709961,39.08000183105469,40.720001220703125,38.86000061035156,39.650001525878906,9230100
2022-02-11,38.97916793823242,41.41999816894531,41.810001373291016,39.119998931884766,39.16999816894531,16857400
2022-02-14,39.48735046386719,41.959999084472656,42.0099983215332,41.29999923706055,41.58000183105469,6882900
2022-02-15,39.02622985839844,41.470001220703125,41.630001068115234,40.279998779296875,40.869998931884766,6642300
2022-02-16,40.155513763427734,42.66999816894531,42.83000183105469,41.630001068115234,41.630001068115234,7428600
2022-02-17,40.91777801513672,43.47999954223633,43.970001220703125,42.7400016784668,43.2599983215332,11343500
2022-02-18,40.240203857421875,42.7599983215332,43.40999984741211,42.40999984741211,43.310001373291016,9791000
2022-02-22,39.656742095947266,42.13999938964844,43.060001373291016,41.880001068115234,42.869998931884766,6548500
2022-02-23,40.84249496459961,43.400001525878906,43.790000915527344,42.16999816894531,42.16999816894531,9452000
2022-02-24,39.910831451416016,42.40999984741211,45.15999984741211,41.72999954223633,45.13999938964844,17046000
2022-02-25,40.390777587890625,42.91999816894531,43.040000915527344,41.619998931884766,41.970001220703125,6624300
2022-02-28,40.588401794433594,43.130001068115234,43.650001525878906,42.619998931884766,43.650001525878906,6124400
2022-03-01,42.66817092895508,45.34000015258789,45.36000061035156,43.43000030517578,43.56999969482422,11603700
2022-03-02,42.4893684387207,45.150001525878906,45.290000915527344,44.380001068115234,44.70000076293945,9275600
2022-03-03,42.68699264526367,45.36000061035156,45.400001525878906,44.40999984741211,45.150001525878906,5832400
2022-03-04,43.825687408447266,46.56999969482422,46.790000915527344,45.52000045776367,45.599998474121094,9628400
2022-03-07,44.757347106933594,47.560001373291016,48.040000915527344,46.470001220703125,46.79999923706055,12153200
2022-03-08,45.1431884765625,47.970001220703125,50.290000915527344,47.2599983215332,48.41999816894531,20233300
2022-03-09,44.757347106933594,47.560001373291016,47.880001068115234,46.02000045776367,46.18000030517578,10539200
2022-03-10,45.69842529296875,48.560001373291016,48.86000061035156,47.72999954223633,47.93000030517578,11004200
2022-03-11,44.832637786865234,47.63999938964844,48.220001220703125,47.220001220703125,47.47999954223633,8813200
2022-03-14,42.64934539794922,45.31999969482422,46.9900016784668,45.029998779296875,46.83000183105469,14117300
2022-03-15,43.110469818115234,45.810001373291016,46.470001220703125,44.16999816894531,44.400001525878906,7728100
2022-03-16,43.39279556274414,46.11000061035156,46.15999984741211,44.61000061035156,45.709999084472656,8243700
2022-03-17,44.69147491455078,47.4900016784668,48.41999816894531,46.59000015258789,46.59000015258789,12164400
2022-03-18,44.28681564331055,47.060001373291016,47.599998474121094,46.43000030517578,46.97999954223633,9253600
2022-03-21,45.16200637817383,47.9900016784668,48.47999954223633,47.06999969482422,47.13999938964844,8865500
2022-03-22,44.333866119384766,47.11000061035156,47.709999084472656,46.54999923706055,47.4900016784668,7058800
2022-03-23,45.48197555541992,48.33000183105469,48.36000061035156,47.119998931884766,47.47999954223633,7914300
2022-03-24,45.21847152709961,48.04999923706055,49.22999954223633,47.95000076293945,48.47999954223633,6664800
2022-03-25,45.41609573364258,48.2599983215332,48.34000015258789,47.599998474121094,47.83000183105469,4252700
2022-03-28,43.55277633666992,46.279998779296875,47.52000045776367,46.150001525878906,47.279998779296875,9704800
2022-03-29,44.17388153076172,46.939998626708984,46.97999954223633,45.060001373291016,45.41999816894531,5502900
2022-03-30,44.43738555908203,47.220001220703125,47.93000030517578,46.84000015258789,47.11000061035156,4681900
2022-03-31,44.108009338378906,46.869998931884766,47.779998779296875,46.84000015258789,47.43000030517578,4402100
2022-04-01,45.35963821411133,48.20000076293945,48.22999954223633,46.52000045776367,46.61000061035156,8033400
2022-04-04,45.37845993041992,48.220001220703125,48.88999938964844,47.68000030517578,48.70000076293945,3910100
2022-04-05,43.84450912475586,46.59000015258789,49.060001373291016,46.4900016784668,48.5099983215332,8776800
2022-04-06,43.665706634521484,46.400001525878906,46.9900016784668,45.88999938964844,46.709999084472656,4507400
2022-04-07,44.39032745361328,47.16999816894531,47.47999954223633,46.29999923706055,46.63999938964844,5331600
2022-04-08,45.56666564941406,48.41999816894531,48.66999816894531,47.349998474121094,47.349998474121094,6030300
2022-04-11,45.444332122802734,48.290000915527344,49.209999084472656,47.630001068115234,49.18000030517578,5678800
2022-04-12,46.08425521850586,48.970001220703125,49.97999954223633,48.59000015258789,49.130001068115234,6641900
2022-04-13,47.665260314941406,50.650001525878906,50.869998931884766,49.439998626708984,49.47999954223633,6640900
2022-04-14,48.022865295410156,51.029998779296875,51.099998474121094,50.029998779296875,50.54999923706055,5228800
2022-04-18,47.6934928894043,50.68000030517578,51.91999816894531,50.650001525878906,51.75,4952500
2022-04-19,46.41363525390625,49.31999969482422,50.279998779296875,49.0099983215332,49.91999816894531,6771200
2022-04-20,47.1853141784668,50.13999938964844,50.209999084472656,48.86000061035156,49.380001068115234,4138200
2022-04-21,44.56913757324219,47.36000061035156,49.310001373291016,46.88999938964844,49.189998626708984,10687100
2022-04-22,42.92226028442383,45.61000061035156,47.099998474121094,45.380001068115234,46.58000183105469,9443300
2022-04-25,41.30361557006836,43.88999938964844,44.45000076293945,42.790000915527344,43.970001220703125,10508800
2022-04-26,40.155513763427734,42.66999816894531,44.380001068115234,42.650001525878906,44.22999954223633,5824600
2022-04-27,39.87318801879883,42.369998931884766,43.29999923706055,42.33000183105469,42.709999084472656,4514300
2022-04-28,41.07776641845703,43.650001525878906,43.79999923706055,42.16999816894531,42.599998474121094,7123000
2022-04-29,40.419010162353516,42.95000076293945,44.400001525878906,42.939998626708984,44.09000015258789,5669600
2022-05-02,39.656742095947266,42.13999938964844,42.27000045776367,41.22999954223633,41.869998931884766,7587000
2022-05-03,40.61663818359375,43.15999984741211,43.47999954223633,42.209999084472656,42.209999084472656,5477900
2022-05-04,41.35067367553711,43.939998626708984,44.09000015258789,42.209999084472656,42.83000183105469,7490400
2022-05-05,39.61909484863281,42.099998474121094,44.41999816894531,41.540000915527344,44.41999816894531,8625100
2022-05-06,39.00740432739258,41.45000076293945,42.310001373291016,41.25,42.04999923706055,5956800
2022-05-09,36.118316650390625,38.380001068115234,40.2599983215332,38.369998931884766,40.20000076293945,12436900
2022-05-10,35.46897506713867,37.689998626708984,39.560001373291016,37.15999984741211,39.16999816894531,7673800
2022-05-11,35.52544021606445,37.75,39.41999816894531,37.720001220703125,38.68000030517578,8021500
2022-05-12,33.59624481201172,35.70000076293945,36.90999984741211,35.08000183105469,36.79999923706055,12935800
2022-05-13,34.91374588012695,37.099998474121094,37.470001220703125,35.59000015258789,35.599998474121094,11496100
2022-05-16,35.25252914428711,37.459999084472656,37.619998931884766,36.869998931884766,37.11000061035156,5881000
2022-05-17,35.55366897583008,37.779998779296875,38.369998931884766,37.40999984741211,38.060001373291016,5790300
2022-05-18,34.800811767578125,36.97999954223633,37.970001220703125,36.900001525878906,37.810001373291016,5591000
2022-05-19,37.209957122802734,39.540000915527344,39.779998779296875,38.119998931884766,38.130001068115234,10792500
2022-05-20,36.786476135253906,39.09000015258789,39.70000076293945,38.630001068115234,39.599998474121094,5494800
2022-05-23,37.12526321411133,39.45000076293945,40.06999969482422,39.11000061035156,39.939998626708984,3996200
2022-05-24,37.896942138671875,40.27000045776367,40.540000915527344,39.310001373291016,39.79999923706055,5565700
2022-05-25,37.464046478271484,39.810001373291016,40.040000915527344,39.119998931884766,39.779998779296875,5438400
2022-05-26,37.33229446411133,39.66999816894531,40.2599983215332,39.36000061035156,39.45000076293945,4397800
2022-05-27,37.520511627197266,39.869998931884766,40.27000045776367,39.5,40.130001068115234,3706800
2022-05-31,36.8994026184082,39.209999084472656,40.650001525878906,38.90999984741211,40.18000030517578,7021600
2022-06-01,37.25700759887695,39.59000015258789,39.959999084472656,39.099998474121094,39.650001525878906,4562100
2022-06-02,39.496761322021484,41.970001220703125,42.189998626708984,40.060001373291016,40.09000015258789,9493800
2022-06-03,38.46158218383789,40.869998931884766,41.810001373291016,40.70000076293945,41.36000061035156,7042000
2022-06-06,37.76519012451172,40.130001068115234,41.560001373291016,39.91999816894531,41.38999938964844,4749000
2022-06-07,38.132205963134766,40.52000045776367,40.689998626708984,39.869998931884766,39.970001220703125,2731100
2022-06-08,37.76519012451172,40.130001068115234,40.56999969482422,39.720001220703125,40.13999938964844,3955800
2022-06-09,36.22183609008789,38.4900016784668,39.900001525878906,38.45000076293945,39.900001525878906,7249100
2022-06-10,37.9345817565918,40.310001373291016,40.540000915527344,37.43000030517578,37.970001220703125,11076900
2022-06-13,34.84786605834961,37.029998779296875,38.630001068115234,37.0,38.290000915527344,14172500
2022-06-14,33.94443893432617,36.06999969482422,37.08000183105469,35.66999816894531,37.04999923706055,7700900
2022-06-15,34.857276916503906,37.040000915527344,37.52000045776367,35.810001373291016,37.0,9130200
2022-06-16,35.29957962036133,37.5099983215332,37.810001373291016,35.810001373291016,36.43000030517578,7735100
2022-06-17,34.593772888183594,36.7599983215332,37.310001373291016,36.36000061035156,37.220001220703125,6255500
2022-06-21,34.58436584472656,36.75,37.43000030517578,36.349998474121094,36.77000045776367,4174300
2022-06-22,33.86915588378906,35.9900016784668,37.209999084472656,35.95000076293945,36.560001373291016,5629800
2022-06-23,32.278743743896484,34.29999923706055,36.0099983215332,33.97999954223633,35.81999969482422,10679200
2022-06-24,33.48331832885742,35.58000183105469,35.689998626708984,34.150001525878906,34.400001525878906,8599100
2022-06-27,33.16334915161133,35.2400016784668,35.369998931884766,34.52000045776367,35.16999816894531,8080100
2022-06-28,31.911725997924805,33.90999984741211,35.41999816894531,33.83000183105469,35.279998779296875,7063700
2022-06-29,31.28120994567871,33.2400016784668,34.400001525878906,32.959999084472656,34.400001525878906,5655900
2022-06-30,30.114280700683594,32.0,33.130001068115234,31.940000534057617,33.02000045776367,8133600
2022-07-01,31.10240364074707,33.04999923706055,33.27000045776367,31.229999542236328,31.440000534057617,9333600
2022-07-05,29.23908233642578,31.06999969482422,32.560001373291016,30.489999771118164,32.459999084472656,11897900
2022-07-06,28.862653732299805,30.670000076293945,31.290000915527344,29.81999969482422,31.0,8244700
2022-07-07,29.521406173706055,31.3700008392334,31.889999389648438,30.84000015258789,30.979999542236328,6398300
2022-07-08,29.370832443237305,31.209999084472656,31.809999465942383,30.729999542236328,31.3799991607666,5846900
2022-07-11,28.834423065185547,30.639999389648438,31.40999984741211,30.56999969482422,30.780000686645508,8467600
2022-07-12,28.429759979248047,30.209999084472656,31.040000915527344,29.940000534057617,30.639999389648438,8488500
2022-07-13,29.427297592163086,31.270000457763672,31.760000228881836,29.950000762939453,30.040000915527344,10685100
2022-07-14,28.250959396362305,30.020000457763672,30.190000534057617,28.8799991607666,29.90999984741211,12705500
2022-07-15,28.2697811126709,30.040000915527344,30.399999618530273,29.290000915527344,30.299999237060547,6692500
2022-07-18,28.589744567871094,30.3799991607666,31.100000381469727,30.3700008392334,30.600000381469727,6824000
2022-07-19,29.257905960083008,31.09000015258789,31.489999771118164,30.6200008392334,30.860000610351562,6861300
2022-07-20,28.51445960998535,30.299999237060547,31.43000030517578,30.280000686645508,31.1299991607666,6613300
2022-07-21,29.3802433013916,31.219999313354492,31.290000915527344,30.200000762939453,30.520000457763672,7876900
2022-07-22,28.96617317199707,30.780000686645508,32.38999938964844,30.729999542236328,31.40999984741211,8129800
2022-07-25,28.71208381652832,30.510000228881836,30.979999542236328,30.049999237060547,30.84000015258789,7778100
2022-07-26,29.060279846191406,30.8799991607666,31.079999923706055,30.420000076293945,30.520000457763672,4776600
2022-07-27,30.123687744140625,32.0099983215332,32.22999954223633,30.579999923706055,31.020000457763672,10424500
2022-07-28,31.149456024169922,33.099998474121094,33.54999923706055,32.459999084472656,32.93000030517578,11772800
2022-07-29,31.638811111450195,33.619998931884766,33.7400016784668,32.52000045776367,33.380001068115234,10648100
2022-08-01,31.525888442993164,33.5,33.83000183105469,33.15999984741211,33.599998474121094,5120500
2022-08-02,31.10240364074707,33.04999923706055,34.349998474121094,33.029998779296875,33.630001068115234,7021700
2022-08-03,30.565996170043945,32.47999954223633,33.40999984741211,32.20000076293945,33.369998931884766,8123800
2022-08-04,32.052886962890625,34.060001373291016,34.439998626708984,32.61000061035156,32.869998931884766,9978400
2022-08-05,31.751745223999023,33.7400016784668,33.77000045776367,32.56999969482422,32.9900016784668,7772600
2022-08-08,32.67399597167969,34.720001220703125,35.0099983215332,34.2400016784668,34.27000045776367,6734300
2022-08-09,32.3257942199707,34.349998474121094,34.900001525878906,33.880001068115234,34.81999969482422,5666800
2022-08-10,32.36343765258789,34.38999938964844,35.2599983215332,34.13999938964844,34.70000076293945,6535500
2022-08-11,31.667049407958984,33.650001525878906,34.72999954223633,33.61000061035156,34.529998779296875,6399600
2022-08-12,32.49518585205078,34.529998779296875,34.63999938964844,33.81999969482422,33.970001220703125,5985100
2022-08-15,31.704692840576172,33.689998626708984,33.779998779296875,33.150001525878906,33.58000183105469,6897100
2022-08-16,31.619993209838867,33.599998474121094,33.720001220703125,33.209999084472656,33.41999816894531,5863400
2022-08-17,30.1895694732666,32.08000183105469,33.29999923706055,31.989999771118164,33.22999954223633,10381800
2022-08-18,30.415420532226562,32.31999969482422,32.5,31.889999389648438,32.220001220703125,3443100
2022-08-19,29.483760833740234,31.329999923706055,32.029998779296875,31.280000686645508,31.989999771118164,5884100
2022-08-22,29.352012634277344,31.190000534057617,31.31999969482422,30.670000076293945,30.90999984741211,5666200
2022-08-23,29.963708877563477,31.84000015258789,32.529998779296875,31.15999984741211,31.18000030517578,7463800
2022-08-24,30.49070930480957,32.400001525878906,32.400001525878906,31.389999389648438,31.6200008392334,4460300
2022-08-25,30.688331604003906,32.61000061035156,32.75,32.18000030517578,32.65999984741211,3050600
2022-08-26,29.116743087768555,30.940000534057617,32.59000015258789,30.709999084472656,32.369998931884766,10838900
2022-08-29,28.74031639099121,30.540000915527344,31.350000381469727,30.389999389648438,30.75,6428300
2022-08-30,27.836885452270508,29.579999923706055,30.450000762939453,29.420000076293945,30.399999618530273,7693600
2022-08-31,27.8651180267334,29.610000610351562,30.049999237060547,29.3700008392334,29.520000457763672,7568300
2022-09-01,26.528799057006836,28.190000534057617,28.889999389648438,28.079999923706055,28.860000610351562,13439900
2022-09-02,27.56397819519043,29.290000915527344,29.760000228881836,28.459999084472656,28.84000015258789,10701900
2022-09-06,26.933460235595703,28.6200008392334,29.829999923706055,28.6200008392334,29.309999465942383,7599500
2022-09-07,28.20390510559082,29.969999313354492,30.110000610351562,28.3700008392334,28.639999389648438,9804900
2022-09-08,28.166263580322266,29.93000030517578,30.059999465942383,29.309999465942383,29.670000076293945,6739800
2022-09-09,29.304956436157227,31.139999389648438,31.139999389648438,30.299999237060547,30.309999465942383,7968400
2022-09-12,29.89783477783203,31.770000457763672,32.20000076293945,31.489999771118164,31.790000915527344,7572700
2022-09-13,28.467405319213867,30.25,31.360000610351562,30.239999771118164,30.59000015258789,10090300
2022-09-14,28.580333709716797,30.3700008392334,30.8799991607666,30.31999969482422,30.420000076293945,5615400
2022-09-15,27.592208862304688,29.31999969482422,30.469999313354492,29.09000015258789,30.010000228881836,11690900
2022-09-16,27.56397819519043,29.290000915527344,29.8799991607666,28.459999084472656,28.790000915527344,8210600
2022-09-19,28.2697811126709,30.040000915527344,30.040000915527344,28.639999389648438,28.770000457763672,8117400
2022-09-20,27.375761032104492,29.09000015258789,29.5,28.809999465942383,29.420000076293945,7377200
2022-09-21,27.507511138916016,29.229999542236328,30.280000686645508,28.68000030517578,29.360000610351562,9503900
2022-09-22,27.178138732910156,28.8799991607666,29.809999465942383,28.760000228881836,29.350000381469727,5785000
2022-09-23,25.4183349609375,27.010000228881836,28.010000228881836,26.760000228881836,27.950000762939453,14052700
2022-09-26,24.590192794799805,26.1299991607666,27.25,25.799999237060547,26.940000534057617,13797700
2022-09-27,24.740764617919922,26.290000915527344,27.06999969482422,26.209999084472656,26.59000015258789,9460700
2022-09-28,26.688779830932617,28.360000610351562,28.3799991607666,26.81999969482422,26.8799991607666,14878700
2022-09-29,26.924047470092773,28.610000610351562,28.649999618530273,27.559999465942383,28.020000457763672,7781800
2022-09-30,27.72395896911621,29.459999084472656,29.920000076293945,28.360000610351562,28.530000686645508,9324600
2022-10-03,29.163799285888672,30.989999771118164,31.0,29.850000381469727,30.010000228881836,12207100
2022-10-04,30.048404693603516,31.93000030517578,32.349998474121094,31.299999237060547,31.6200008392334,9168800
2022-10-05,29.521406173706055,31.3700008392334,31.40999984741211,30.3700008392334,31.09000015258789,8835300
2022-10-06,29.803726196289062,31.670000076293945,31.700000762939453,30.81999969482422,31.18000030517578,5614900
2022-10-07,28.2603702545166,30.030000686645508,31.360000610351562,29.920000076293945,31.110000610351562,8748600
2022-10-10,27.80865478515625,29.549999237060547,30.110000610351562,29.270000457763672,29.510000228881836,6091900
2022-10-11,27.4510498046875,29.170000076293945,30.31999969482422,29.1299991607666,29.510000228881836,6577100
2022-10-12,27.949817657470703,29.700000762939453,29.850000381469727,28.8700008392334,29.229999542236328,6806600
2022-10-13,27.582796096801758,29.309999465942383,29.459999084472656,27.690000534057617,28.209999084472656,10970500
2022-10-14,26.114727020263672,27.75,29.06999969482422,27.690000534057617,29.030000686645508,11733800
2022-10-17,27.01815414428711,28.709999084472656,29.149999618530273,28.559999465942383,28.729999542236328,8958800
2022-10-18,27.112260818481445,28.809999465942383,29.190000534057617,28.450000762939453,29.059999465942383,4297000
2022-10-19,26.152372360229492,27.790000915527344,28.389999389648438,27.6200008392334,28.200000762939453,7722700
2022-10-20,26.538211822509766,28.200000762939453,29.0,27.770000457763672,27.920000076293945,8490600
2022-10-21,28.09097671508789,29.850000381469727,29.850000381469727,28.15999984741211,28.350000381469727,12998500
2022-10-24,27.53574562072754,29.260000228881836,29.440000534057617,28.719999313354492,29.40999984741211,6966400
2022-10-25,28.11920738220215,29.8799991607666,30.09000015258789,29.360000610351562,29.360000610351562,6441800
2022-10-26,28.9755859375,30.790000915527344,31.1299991607666,30.170000076293945,30.18000030517578,7442700
2022-10-27,28.307424545288086,30.079999923706055,31.09000015258789,30.079999923706055,30.860000610351562,9127600
2022-10-28,28.18508529663086,29.950000762939453,29.950000762939453,29.209999084472656,29.649999618530273,5206700
2022-10-31,27.7616024017334,29.5,29.899999618530273,29.229999542236328,29.43000030517578,6057800
2022-11-01,28.617977142333984,30.40999984741211,30.770000457763672,30.190000534057617,30.3700008392334,7500900
2022-11-02,26.782886505126953,28.459999084472656,30.760000228881836,28.459999084472656,30.520000457763672,12385500
2022-11-03,26.56644058227539,28.229999542236328,28.81999969482422,27.850000381469727,28.110000610351562,8390600
2022-11-04,29.399065017700195,31.239999771118164,31.25,29.770000457763672,29.81999969482422,19112400
2022-11-07,29.60610008239746,31.459999084472656,31.579999923706055,30.850000381469727,31.280000686645508,6583300
2022-11-08,30.923603057861328,32.86000061035156,33.34000015258789,31.209999084472656,31.489999771118164,13526700
2022-11-09,29.98253059387207,31.860000610351562,33.15999984741211,31.75,32.720001220703125,9149000
2022-11-10,32.551658630371094,34.59000015258789,34.7400016784668,33.31999969482422,33.97999954223633,13930100
2022-11-11,32.636348724365234,34.68000030517578,34.869998931884766,34.119998931884766,34.4900016784668,7375800
2022-11-14,32.636348724365234,34.68000030517578,35.02000045776367,34.2400016784668,34.470001220703125,5834700
2022-11-15,32.109352111816406,34.119998931884766,35.16999816894531,33.86000061035156,35.130001068115234,9172700
2022-11-16,31.695280075073242,33.68000030517578,34.22999954223633,33.650001525878906,33.95000076293945,5240600
2022-11-17,31.337671279907227,33.29999923706055,33.45000076293945,32.84000015258789,33.130001068115234,6988200
2022-11-18,31.610580444335938,33.59000015258789,33.7400016784668,33.04999923706055,33.189998626708984,4417700
2022-11-21,31.45060157775879,33.41999816894531,33.4900016784668,32.77000045776367,33.38999938964844,4792400
2022-11-22,32.946903228759766,35.0099983215332,35.0099983215332,33.619998931884766,33.619998931884766,9033000
2022-11-23,33.58683395385742,35.689998626708984,35.810001373291016,34.59000015258789,35.0,5812300
2022-11-25,33.15393829345703,35.22999954223633,35.54999923706055,35.060001373291016,35.5,3052600
2022-11-28,31.45060157775879,33.41999816894531,34.959999084472656,33.34000015258789,34.93000030517578,7604700
2022-11-29,32.43872833251953,34.470001220703125,34.7400016784668,33.91999816894531,33.95000076293945,6451400
2022-11-30,33.61506652832031,35.720001220703125,35.959999084472656,34.33000183105469,34.93000030517578,8354800
2022-12-01,34.94197463989258,37.130001068115234,37.29999923706055,36.209999084472656,36.63999938964844,8119700
2022-12-02,35.02667236328125,37.220001220703125,37.41999816894531,36.099998474121094,36.36000061035156,5003300
2022-12-05,33.31392288208008,35.400001525878906,36.75,35.279998779296875,36.68000030517578,8834200
2022-12-06,33.08806610107422,35.15999984741211,36.11000061035156,35.08000183105469,35.81999969482422,4116200
2022-12-07,33.9726676940918,36.099998474121094,36.38999938964844,35.4900016784668,35.560001373291016,7081800
2022-12-08,34.03854751586914,36.16999816894531,36.7400016784668,35.939998626708984,36.4900016784668,3098700
2022-12-09,33.59624481201172,35.70000076293945,37.06999969482422,35.66999816894531,36.310001373291016,6801600
2022-12-12,33.42685317993164,35.52000045776367,35.720001220703125,35.0099983215332,35.4900016784668,4918000
2022-12-13,34.34910202026367,36.5,37.47999954223633,36.130001068115234,37.11000061035156,6362900
2022-12-14,34.01972579956055,36.150001525878906,36.65999984741211,35.52000045776367,36.439998626708984,6669000
2022-12-15,32.47636413574219,34.5099983215332,35.22999954223633,34.470001220703125,35.0,9836100
2022-12-16,33.15393829345703,35.22999954223633,35.34000015258789,34.34000015258789,34.5099983215332,7329400
2022-12-19,32.220252990722656,34.060001373291016,35.16999816894531,33.88999938964844,34.970001220703125,7037500
2022-12-20,33.724369049072266,35.650001525878906,35.9900016784668,34.70000076293945,34.75,8157100
2022-12-21,34.178443908691406,36.130001068115234,36.43000030517578,35.83000183105469,35.83000183105469,5069900
2022-12-22,33.80950927734375,35.7400016784668,35.7599983215332,34.7599983215332,35.40999984741211,5587300
2022-12-23,34.168983459472656,36.119998931884766,36.459999084472656,35.130001068115234,35.84000015258789,4531900
2022-12-27,35.096046447753906,37.099998474121094,37.61000061035156,36.220001220703125,36.369998931884766,5421400
2022-12-28,33.752750396728516,35.68000030517578,36.70000076293945,35.56999969482422,36.61000061035156,5753700
2022-12-29,33.98924255371094,35.93000030517578,36.47999954223633,35.849998474121094,36.150001525878906,3085500
2022-12-30,33.724369049072266,35.650001525878906,36.040000915527344,35.349998474121094,36.0099983215332,4284500
2023-01-03,34.86901092529297,36.86000061035156,37.459999084472656,36.31999969482422,36.41999816894531,6219400
2023-01-04,36.55286407470703,38.63999938964844,38.81999969482422,37.41999816894531,37.52000045776367,8251400
2023-01-05,36.07040786743164,38.130001068115234,38.18000030517578,37.33000183105469,37.90999984741211,5486500
2023-01-06,37.34749221801758,39.47999954223633,39.630001068115234,38.209999084472656,38.900001525878906,6961200
2023-01-09,36.80828094482422,38.90999984741211,39.900001525878906,38.86000061035156,39.86000061035156,5601900
2023-01-10,37.53668975830078,39.68000030517578,39.70000076293945,38.70000076293945,39.130001068115234,4508700
2023-01-11,36.98801803588867,39.099998474121094,39.84000015258789,38.81999969482422,39.7400016784668,3763500
2023-01-12,37.744808197021484,39.900001525878906,40.040000915527344,39.029998779296875,39.790000915527344,4874200
2023-01-13,38.217796325683594,40.400001525878906,40.54999923706055,39.709999084472656,39.75,5226900
2023-01-17,36.98801803588867,39.099998474121094,40.130001068115234,38.779998779296875,40.099998474121094,8727800
2023-01-18,36.47718811035156,38.560001373291016,40.150001525878906,38.560001373291016,39.86000061035156,6219900
2023-01-19,37.46100616455078,39.599998474121094,39.880001068115234,38.63999938964844,38.880001068115234,5750100
2023-01-20,38.09482192993164,40.27000045776367,40.29999923706055,39.060001373291016,39.400001525878906,4647900
2023-01-23,37.86777877807617,40.029998779296875,40.11000061035156,39.31999969482422,39.66999816894531,4241000
2023-01-24,38.43537139892578,40.630001068115234,40.72999954223633,39.34000015258789,39.86000061035156,4675000
2023-01-25,38.89890670776367,41.119998931884766,41.15999984741211,39.90999984741211,39.9900016784668,3898800
2023-01-26,38.104278564453125,40.279998779296875,40.95000076293945,39.81999969482422,40.91999816894531,7380400
2023-01-27,37.35694885253906,39.4900016784668,40.029998779296875,39.290000915527344,39.91999816894531,5053400
2023-01-30,36.685298919677734,38.779998779296875,39.470001220703125,38.779998779296875,39.290000915527344,4078000
2023-01-31,36.84611892700195,38.95000076293945,39.09000015258789,38.36000061035156,38.599998474121094,3611300
2023-02-01,37.70696258544922,39.86000061035156,40.209999084472656,38.43000030517578,38.81999969482422,6611300
2023-02-02,36.59070587158203,38.68000030517578,40.27000045776367,38.2599983215332,40.0,8412400
2023-02-03,34.86901092529297,36.86000061035156,37.880001068115234,36.779998779296875,37.630001068115234,9461700
2023-02-06,34.74603271484375,36.72999954223633,37.040000915527344,36.52000045776367,36.900001525878906,3767100
2023-02-07,35.19064712524414,37.20000076293945,37.709999084472656,36.56999969482422,36.83000183105469,5225400
2023-02-08,34.85954666137695,36.849998474121094,37.310001373291016,36.77000045776367,37.2599983215332,2928300
2023-02-09,34.06492233276367,36.0099983215332,37.4900016784668,35.83000183105469,37.380001068115234,6607500
2023-02-10,33.714908599853516,35.63999938964844,36.130001068115234,35.36000061035156,36.029998779296875,3703900
2023-02-13,33.468955993652344,35.380001068115234,35.81999969482422,35.22999954223633,35.540000915527344,2749200
2023-02-14,33.837886810302734,35.77000045776367,35.97999954223633,34.88999938964844,35.29999923706055,5703500
2023-02-15,32.94866180419922,34.83000183105469,34.939998626708984,34.40999984741211,34.939998626708984,6580900
2023-02-16,32.816219329833984,34.689998626708984,35.150001525878906,34.09000015258789,34.59000015258789,4666900
2023-02-17,32.72162628173828,34.59000015258789,34.77000045776367,33.720001220703125,34.150001525878906,5960000
2023-02-21,32.12565231323242,33.959999084472656,34.72999954223633,33.7599983215332,34.52000045776367,5420600
2023-02-22,31.633737564086914,33.439998626708984,33.900001525878906,33.20000076293945,33.900001525878906,4313300
2023-02-23,31.548601150512695,33.349998474121094,33.70000076293945,33.029998779296875,33.40999984741211,3345200
2023-02-24,31.245885848999023,33.029998779296875,33.060001373291016,32.459999084472656,32.72999954223633,5548700
2023-02-27,31.45400619506836,33.25,33.540000915527344,33.02000045776367,33.13999938964844,5313800
2023-02-28,31.9648380279541,33.790000915527344,34.04999923706055,33.029998779296875,33.31999969482422,8750800
2023-03-01,32.929744720458984,34.810001373291016,35.040000915527344,33.959999084472656,34.099998474121094,8040300
2023-03-02,32.702701568603516,34.56999969482422,34.65999984741211,34.27000045776367,34.5,4684900
2023-03-03,33.22299575805664,35.119998931884766,35.25,34.619998931884766,34.849998474121094,5043700
2023-03-06,32.5608024597168,34.41999816894531,34.97999954223633,34.20000076293945,34.83000183105469,7659200
2023-03-07,30.905332565307617,32.66999816894531,34.0,32.5099983215332,34.0,12252600
2023-03-08,30.725595474243164,32.47999954223633,33.2400016784668,32.25,32.720001220703125,4998000
2023-03-09,30.64045524597168,32.38999938964844,33.36000061035156,32.2599983215332,32.83000183105469,5275200
2023-03-10,31.10399055480957,32.880001068115234,33.90999984741211,32.849998474121094,33.16999816894531,9307300
2023-03-13,33.251380920410156,35.150001525878906,35.47999954223633,34.209999084472656,34.209999084472656,15750800
2023-03-14,33.57301330566406,35.4900016784668,35.63999938964844,34.81999969482422,35.150001525878906,5145400
2023-03-15,33.23245620727539,35.130001068115234,36.119998931884766,34.68000030517578,35.959999084472656,8455800
2023-03-16,32.91082000732422,34.790000915527344,35.34000015258789,34.040000915527344,35.29999923706055,7083600
2023-03-17,34.72711181640625,36.709999084472656,37.369998931884766,35.08000183105469,35.369998931884766,15322800
2023-03-20,35.55957794189453,37.59000015258789,37.66999816894531,36.93000030517578,37.29999923706055,6876800
2023-03-21,33.96086883544922,35.900001525878906,37.02000045776367,35.560001373291016,36.9900016784668,9828000
2023-03-22,34.95415115356445,36.95000076293945,37.77000045776367,35.95000076293945,36.0099983215332,9118500
2023-03-23,35.6541748046875,37.689998626708984,38.13999938964844,36.869998931884766,37.04999923706055,7474900
2023-03-24,35.84337615966797,37.88999938964844,38.20000076293945,37.36000061035156,37.90999984741211,6308700
2023-03-27,35.9190559387207,37.970001220703125,38.04999923706055,36.88999938964844,37.130001068115234,5459600
2023-03-28,37.12991714477539,39.25,39.290000915527344,37.77000045776367,38.08000183105469,7069200
2023-03-29,36.78935623168945,38.88999938964844,39.380001068115234,38.75,38.7599983215332,4654400
2023-03-30,37.68804931640625,39.84000015258789,39.869998931884766,39.130001068115234,39.470001220703125,5971800
2023-03-31,37.36641311645508,39.5,40.22999954223633,39.25,39.959999084472656,6147200
2023-04-03,38.246177673339844,40.43000030517578,40.84000015258789,39.459999084472656,39.75,6675700
2023-04-04,39.29621887207031,41.540000915527344,41.779998779296875,40.04999923706055,40.4900016784668,7727500
2023-04-05,39.116485595703125,41.349998474121094,42.04999923706055,40.86000061035156,41.880001068115234,5900900
2023-04-06,39.125946044921875,41.36000061035156,41.58000183105469,40.52000045776367,40.970001220703125,4032200
2023-04-10,38.73809051513672,40.95000076293945,41.040000915527344,40.31999969482422,40.81999969482422,5283700
2023-04-11,39.59893798828125,41.86000061035156,42.41999816894531,41.130001068115234,41.20000076293945,6497100
2023-04-12,40.07192611694336,42.36000061035156,42.68000030517578,41.66999816894531,42.54999923706055,8265000
2023-04-13,41.26387023925781,43.619998931884766,43.88999938964844,42.9900016784668,43.04999923706055,8613900
2023-04-14,40.10030746459961,42.38999938964844,43.36000061035156,41.63999938964844,43.0,8957400
2023-04-17,39.02188491821289,41.25,42.0099983215332,40.849998474121094,41.970001220703125,7475800
2023-04-18,39.21107864379883,41.45000076293945,42.22999954223633,41.15999984741211,41.27000045776367,3743200
2023-04-19,38.47321319580078,40.66999816894531,41.189998626708984,40.470001220703125,40.68000030517578,5792900
2023-04-20,38.529972076416016,40.72999954223633,41.43000030517578,40.58000183105469,40.93000030517578,3468100
2023-04-21,37.87724304199219,40.040000915527344,40.70000076293945,39.529998779296875,40.310001373291016,6082700
2023-04-24,38.085357666015625,40.2599983215332,40.439998626708984,39.689998626708984,39.959999084472656,3502900
2023-04-25,37.86777877807617,40.029998779296875,40.18000030517578,39.34000015258789,40.029998779296875,4690800
2023-04-26,37.37586975097656,39.5099983215332,40.58000183105469,39.43000030517578,40.41999816894531,4615200
2023-04-27,37.91508483886719,40.08000183105469,40.119998931884766,39.130001068115234,39.349998474121094,5943700
2023-04-28,37.6029052734375,39.75,40.209999084472656,39.47999954223633,39.939998626708984,4605000
2023-05-01,37.26235580444336,39.38999938964844,40.79999923706055,39.369998931884766,40.40999984741211,4716900
2023-05-02,38.75701141357422,40.970001220703125,41.0099983215332,38.970001220703125,39.540000915527344,7708500
2023-05-03,38.90836715698242,41.130001068115234,41.4900016784668,40.599998474121094,40.91999816894531,5175800
2023-05-04,39.71245193481445,41.97999954223633,42.650001525878906,41.279998779296875,41.279998779296875,9207600
2023-05-05,39.551639556884766,41.810001373291016,42.099998474121094,40.650001525878906,40.9900016784668,4615300
2023-05-08,39.67461395263672,41.939998626708984,42.349998474121094,41.68000030517578,42.13999938964844,3388300
2023-05-09,39.617855072021484,41.880001068115234,42.09000015258789,41.58000183105469,41.84000015258789,2884500
2023-05-10,39.35297775268555,41.599998474121094,42.119998931884766,40.91999816894531,42.06999969482422,4516500
2023-05-11,37.39479064941406,39.529998779296875,41.08000183105469,39.4900016784668,40.810001373291016,10289900
2023-05-12,37.8110237121582,39.970001220703125,40.040000915527344,39.400001525878906,39.560001373291016,6401200
2023-05-15,38.132659912109375,40.310001373291016,40.68000030517578,40.060001373291016,40.11000061035156,3240400
2023-05-16,37.006935119628906,39.119998931884766,40.310001373291016,38.95000076293945,40.08000183105469,5845300
2023-05-17,36.8177375793457,38.91999816894531,39.099998474121094,38.439998626708984,39.08000183105469,4275500
2023-05-18,35.89067459106445,37.939998626708984,38.25,37.47999954223633,38.22999954223633,7797700
2023-05-19,36.23122787475586,38.29999923706055,38.849998474121094,37.790000915527344,38.189998626708984,5190700
2023-05-22,35.92851257324219,37.97999954223633,38.470001220703125,37.900001525878906,38.18000030517578,3330700
2023-05-23,35.87175369262695,37.91999816894531,38.2400016784668,37.59000015258789,37.7400016784668,3877400
2023-05-24,34.887935638427734,36.880001068115234,38.029998779296875,36.72999954223633,37.95000076293945,5656300
2023-05-25,34.102760314941406,36.04999923706055,36.650001525878906,35.790000915527344,36.58000183105469,6238200
2023-05-26,34.358177185058594,36.31999969482422,36.66999816894531,36.02000045776367,36.560001373291016,4391000
2023-05-30,34.45277404785156,36.41999816894531,36.86000061035156,36.20000076293945,36.630001068115234,4045500
2023-05-31,35.13388442993164,37.13999938964844,37.56999969482422,36.380001068115234,36.47999954223633,8639300
2023-06-01,36.42042541503906,38.5,38.880001068115234,37.34000015258789,37.38999938964844,8033300
2023-06-02,35.5406608581543,37.56999969482422,38.779998779296875,37.2400016784668,38.29999923706055,5920200
2023-06-05,35.82445526123047,37.869998931884766,38.099998474121094,37.369998931884766,37.529998779296875,3216100
2023-06-06,36.11771011352539,38.18000030517578,38.209999084472656,37.41999816894531,37.880001068115234,3463200
2023-06-07,35.181182861328125,37.189998626708984,38.95000076293945,37.02000045776367,38.0099983215332,5647400
2023-06-08,35.96635437011719,38.02000045776367,38.2599983215332,37.630001068115234,37.650001525878906,4829700
2023-06-09,35.38930130004883,37.40999984741211,38.029998779296875,37.369998931884766,37.91999816894531,4434500
2023-06-12,35.39876174926758,37.41999816894531,37.5099983215332,36.86000061035156,37.41999816894531,2969100
2023-06-13,34.793331146240234,36.779998779296875,37.959999084472656,36.779998779296875,37.630001068115234,6417800
2023-06-14,34.65143585205078,36.630001068115234,37.54999923706055,36.2400016784668,37.349998474121094,3883200
2023-06-15,34.72711181640625,36.709999084472656,36.72999954223633,36.18000030517578,36.40999984741211,4238600
2023-06-16,35.17172622680664,37.18000030517578,37.68000030517578,36.529998779296875,36.970001220703125,5518500
2023-06-20,33.837886810302734,35.77000045776367,36.5099983215332,35.59000015258789,36.5,7588900
2023-06-21,33.752750396728516,35.68000030517578,35.900001525878906,35.029998779296875,35.5,4345800
2023-06-22,33.308135986328125,35.209999084472656,35.38999938964844,34.86000061035156,35.08000183105469,6604000
2023-06-23,33.308135986328125,35.209999084472656,35.900001525878906,35.04999923706055,35.45000076293945,5011200
2023-06-26,33.66761016845703,35.59000015258789,35.79999923706055,35.040000915527344,35.40999984741211,3950200
2023-06-27,32.96757888793945,34.849998474121094,35.650001525878906,34.619998931884766,35.540000915527344,4898700
2023-06-28,32.47567367553711,34.33000183105469,34.83000183105469,34.290000915527344,34.650001525878906,6806300
2023-06-29,33.185157775878906,35.08000183105469,35.09000015258789,33.95000076293945,34.119998931884766,5560700
2023-06-30,33.733829498291016,35.65999984741211,35.65999984741211,34.810001373291016,35.279998779296875,4751200
2023-07-03,34.49061584472656,36.459999084472656,36.470001220703125,35.75,35.79999923706055,3971800
2023-07-05,33.51625061035156,35.43000030517578,36.65999984741211,35.40999984741211,36.54999923706055,5499400
2023-07-06,32.64594268798828,34.5099983215332,35.290000915527344,34.400001525878906,35.290000915527344,7171800
2023-07-07,33.166236877441406,35.060001373291016,35.470001220703125,34.66999816894531,34.75,5689500
2023-07-10,34.19736099243164,36.150001525878906,36.2400016784668,34.849998474121094,34.93000030517578,9600900
2023-07-11,34.30141830444336,36.2599983215332,36.81999969482422,36.150001525878906,36.31999969482422,4520600
2023-07-12,36.240692138671875,38.310001373291016,38.470001220703125,36.88999938964844,36.959999084472656,10856300
2023-07-13,36.56232452392578,38.650001525878906,38.79999923706055,38.349998474121094,38.5,3982100
2023-07-14,36.297447204589844,38.369998931884766,38.83000183105469,38.13999938964844,38.65999984741211,3524200
2023-07-17,36.45826721191406,38.540000915527344,38.630001068115234,37.7599983215332,38.040000915527344,3148100
2023-07-18,37.281272888183594,39.40999984741211,39.70000076293945,38.650001525878906,39.0,5812500
2023-07-19,36.95017623901367,39.060001373291016,39.34000015258789,38.939998626708984,39.15999984741211,2738900
2023-07-20,35.9379768371582,37.9900016784668,39.11000061035156,37.9900016784668,39.029998779296875,6270900
2023-07-21,35.8622932434082,37.90999984741211,38.099998474121094,37.65999984741211,37.75,3188600
2023-07-24,35.58795928955078,37.619998931884766,38.060001373291016,37.209999084472656,37.86000061035156,4359300
2023-07-25,35.99473190307617,38.04999923706055,38.18000030517578,37.459999084472656,37.599998474121094,4222800
2023-07-26,35.92851257324219,37.97999954223633,38.18000030517578,37.560001373291016,38.18000030517578,4455200
2023-07-27,34.15005874633789,36.099998474121094,37.59000015258789,36.099998474121094,37.540000915527344,10154300
2023-07-28,34.57575225830078,36.54999923706055,36.7400016784668,36.189998626708984,36.45000076293945,4124200
2023-07-31,35.62580108642578,37.65999984741211,38.09000015258789,36.86000061035156,36.86000061035156,6845700
2023-08-01,34.329803466796875,36.290000915527344,37.040000915527344,36.209999084472656,36.68000030517578,7580100
2023-08-02,33.24191665649414,35.13999938964844,36.25,34.95000076293945,36.25,7780600
2023-08-03,33.34597396850586,35.25,35.58000183105469,34.970001220703125,35.290000915527344,3861200
2023-08-04,33.63922882080078,35.560001373291016,36.189998626708984,35.560001373291016,35.70000076293945,5665600
2023-08-07,33.468955993652344,35.380001068115234,35.650001525878906,34.95000076293945,35.650001525878906,3233100
2023-08-08,33.22299575805664,35.119998931884766,35.27000045776367,34.59000015258789,34.86000061035156,3740000
2023-08-09,33.07163619995117,34.959999084472656,35.29999923706055,34.689998626708984,35.189998626708984,3108600
2023-08-10,33.08109664916992,34.970001220703125,35.4900016784668,34.63999938964844,35.279998779296875,5345700
2023-08-11,33.49733352661133,35.40999984741211,35.45000076293945,34.81999969482422,34.959999084472656,3845000
2023-08-14,33.0148811340332,34.900001525878906,35.16999816894531,34.47999954223633,35.029998779296875,4765500
2023-08-15,32.201332092285156,34.040000915527344,34.869998931884766,33.95000076293945,34.869998931884766,6653100
2023-08-16,31.76618003845215,33.58000183105469,34.189998626708984,33.56999969482422,34.06999969482422,4487600
2023-08-17,31.567520141601562,33.369998931884766,33.93000030517578,33.20000076293945,33.779998779296875,5676200
2023-08-18,31.501304626464844,33.29999923706055,33.380001068115234,32.97999954223633,33.33000183105469,5803300
2023-08-21,31.898618698120117,33.720001220703125,33.77000045776367,33.099998474121094,33.540000915527344,5744600
2023-08-22,32.239173889160156,34.08000183105469,34.08000183105469,33.459999084472656,33.95000076293945,4364800
2023-08-23,33.38381576538086,35.290000915527344,35.599998474121094,34.36000061035156,34.36000061035156,12821000
2023-08-24,33.20407485961914,35.099998474121094,35.650001525878906,34.59000015258789,35.119998931884766,7884700
2023-08-25,32.816219329833984,34.689998626708984,35.31999969482422,34.16999816894531,35.0,6731800
2023-08-28,33.7432861328125,35.66999816894531,35.84000015258789,34.66999816894531,34.7400016784668,6418400
2023-08-29,34.49061584472656,36.459999084472656,36.47999954223633,35.36000061035156,35.560001373291016,6544200
2023-08-30,34.386558532714844,36.349998474121094,37.08000183105469,36.189998626708984,36.7400016784668,4073400
2023-08-31,34.04600524902344,35.9900016784668,36.4900016784668,35.709999084472656,36.369998931884766,7814300
2023-09-01,33.63922882080078,35.560001373291016,36.79999923706055,35.54999923706055,36.59000015258789,6762500
2023-09-05,32.6175651550293,34.47999954223633,35.36000061035156,34.369998931884766,35.09000015258789,7331200
2023-09-06,32.41891098022461,34.27000045776367,34.79999923706055,34.15999984741211,34.31999969482422,5198900
2023-09-07,32.17295455932617,34.0099983215332,34.209999084472656,33.869998931884766,34.209999084472656,4165700
2023-09-08,32.201332092285156,34.040000915527344,34.720001220703125,33.959999084472656,34.189998626708984,3465800
2023-09-11,32.51350402832031,34.369998931884766,34.83000183105469,34.16999816894531,34.38999938964844,4109700
2023-09-12,32.57972717285156,34.439998626708984,34.84000015258789,33.939998626708984,33.970001220703125,3864600
2023-09-13,32.428367614746094,34.279998779296875,34.689998626708984,34.16999816894531,34.40999984741211,3240000
2023-09-14,33.02433776855469,34.90999984741211,35.279998779296875,34.33000183105469,34.33000183105469,5995000
2023-09-15,33.856807708740234,35.790000915527344,36.13999938964844,35.380001068115234,35.400001525878906,8046600
2023-09-18,33.781124114990234,35.709999084472656,35.869998931884766,35.220001220703125,35.70000076293945,4750800
2023-09-19,33.156776428222656,35.04999923706055,35.79999923706055,34.93000030517578,35.79999923706055,5840500
2023-09-20,33.317596435546875,35.220001220703125,35.93000030517578,35.150001525878906,35.18000030517578,6188100
2023-09-21,32.38106918334961,34.22999954223633,34.77000045776367,34.119998931884766,34.4900016784668,7581000
2023-09-22,32.305389404296875,34.150001525878906,34.900001525878906,34.130001068115234,34.650001525878906,3155900
2023-09-25,31.898618698120117,33.720001220703125,34.099998474121094,33.38999938964844,34.08000183105469,5685200
2023-09-26,30.8580322265625,32.619998931884766,33.52000045776367,32.599998474121094,33.459999084472656,6904400
2023-09-27,30.328283309936523,32.060001373291016,32.560001373291016,31.65999984741211,32.5,10250600
2023-09-28,30.621538162231445,32.369998931884766,32.38999938964844,31.75,32.09000015258789,8226200
2023-09-29,30.489099502563477,32.22999954223633,33.20000076293945,31.889999389648438,32.93000030517578,8214900
2023-10-02,29.363378524780273,31.040000915527344,31.920000076293945,30.920000076293945,31.920000076293945,9814800
2023-10-03,29.476896286010742,31.15999984741211,31.40999984741211,30.559999465942383,30.940000534057617,7080100
2023-10-04,29.16472053527832,30.829999923706055,31.290000915527344,30.459999084472656,31.200000762939453,7802300
2023-10-05,29.486356735229492,31.170000076293945,31.170000076293945,30.6299991607666,30.809999465942383,5577000
2023-10-06,30.110706329345703,31.829999923706055,32.099998474121094,30.959999084472656,31.309999465942383,7831800
2023-10-09,30.867494583129883,32.630001068115234,32.70000076293945,32.29999923706055,32.369998931884766,6548200
2023-10-10,31.09453010559082,32.869998931884766,32.9900016784668,32.459999084472656,32.709999084472656,4668400
2023-10-11,31.567520141601562,33.369998931884766,33.52000045776367,32.939998626708984,33.290000915527344,5868500
2023-10-12,30.49856185913086,32.2400016784668,33.38999938964844,32.04999923706055,33.2400016784668,9231900
2023-10-13,32.05943298339844,33.88999938964844,34.209999084472656,33.22999954223633,33.290000915527344,12285100
2023-10-16,32.16349411010742,34.0,34.2400016784668,33.560001373291016,33.70000076293945,5056300
2023-10-17,32.750003814697266,34.619998931884766,34.7400016784668,33.75,33.9900016784668,7331400
2023-10-18,32.71216583251953,34.58000183105469,35.459999084472656,34.34000015258789,35.060001373291016,6797100
2023-10-19,32.9202766418457,34.79999923706055,34.849998474121094,34.08000183105469,34.599998474121094,8286600
2023-10-20,32.83514404296875,34.709999084472656,35.630001068115234,34.68000030517578,34.790000915527344,8543900
2023-10-23,32.50404739379883,34.36000061035156,34.81999969482422,33.61000061035156,34.47999954223633,6729900
2023-10-24,32.731082916259766,34.599998474121094,34.70000076293945,34.04999923706055,34.220001220703125,4210800
2023-10-25,31.974294662475586,33.79999923706055,34.810001373291016,33.790000915527344,34.369998931884766,6511100
2023-10-26,31.671581268310547,33.47999954223633,33.93000030517578,32.810001373291016,33.58000183105469,11535200
2023-10-27,32.57026672363281,34.43000030517578,34.43000030517578,33.18000030517578,33.7599983215332,9412900
2023-10-30,32.324310302734375,34.16999816894531,34.63999938964844,34.0,34.529998779296875,6375000
2023-10-31,31.53914451599121,33.34000015258789,34.459999084472656,33.130001068115234,34.02000045776367,10396500
2023-11-01,31.671581268310547,33.47999954223633,33.849998474121094,32.790000915527344,33.58000183105469,9133900
2023-11-02,31.86077880859375,33.68000030517578,33.939998626708984,33.20000076293945,33.869998931884766,9402600
2023-11-03,33.56354904174805,35.47999954223633,35.849998474121094,34.02000045776367,34.02000045776367,16256600
2023-11-06,33.156776428222656,35.04999923706055,35.630001068115234,35.04999923706055,35.349998474121094,5652900
2023-11-07,32.58918762207031,34.45000076293945,34.7599983215332,33.779998779296875,34.54999923706055,8766800
2023-11-08,31.633737564086914,33.439998626708984,34.36000061035156,33.2599983215332,34.27000045776367,9952400
2023-11-09,31.633737564086914,33.439998626708984,34.459999084472656,33.2599983215332,33.70000076293945,6766700
2023-11-10,31.085071563720703,32.86000061035156,33.290000915527344,32.619998931884766,33.18000030517578,7232100
2023-11-13,30.80127716064453,32.560001373291016,33.15999984741211,32.560001373291016,32.810001373291016,3693500
2023-11-14,32.55134582519531,34.40999984741211,34.650001525878906,33.529998779296875,33.72999954223633,12615200
2023-11-15,32.305389404296875,34.150001525878906,34.54999923706055,33.869998931884766,34.43000030517578,4456300
2023-11-16,32.83514404296875,34.709999084472656,35.279998779296875,34.22999954223633,34.349998474121094,8691400
2023-11-17,32.731082916259766,34.599998474121094,35.099998474121094,34.470001220703125,34.869998931884766,5094700
2023-11-20,32.778385162353516,34.650001525878906,34.709999084472656,33.95000076293945,34.15999984741211,5165100
2023-11-21,33.59192657470703,35.5099983215332,35.959999084472656,35.150001525878906,35.189998626708984,12432200
2023-11-22,33.468955993652344,35.380001068115234,35.72999954223633,35.150001525878906,35.59000015258789,5862800
2023-11-24,33.92302703857422,35.86000061035156,36.06999969482422,35.40999984741211,35.52000045776367,4665000
2023-11-27,34.65143585205078,36.630001068115234,36.779998779296875,36.04999923706055,36.369998931884766,9454700
2023-11-28,36.146087646484375,38.209999084472656,38.2400016784668,36.869998931884766,37.11000061035156,11803100
2023-11-29,36.18393325805664,38.25,38.47999954223633,37.939998626708984,38.119998931884766,5777700
2023-11-30,36.44880676269531,38.529998779296875,38.560001373291016,37.790000915527344,38.08000183105469,6711800
2023-12-01,37.30965042114258,39.439998626708984,39.470001220703125,38.25,38.43000030517578,11723100
2023-12-04,36.165008544921875,38.22999954223633,38.790000915527344,37.97999954223633,38.5099983215332,12076000
2023-12-05,35.38930130004883,37.40999984741211,38.08000183105469,37.08000183105469,37.91999816894531,7519400
2023-12-06,35.332542419433594,37.349998474121094,38.15999984741211,37.349998474121094,37.939998626708984,5962800
2023-12-07,35.14334487915039,37.150001525878906,37.65999984741211,36.83000183105469,37.619998931884766,5425600
2023-12-08,34.47169494628906,36.439998626708984,37.060001373291016,36.08000183105469,36.41999816894531,8173000
2023-12-11,34.102760314941406,36.04999923706055,36.130001068115234,35.65999984741211,36.0,5876700
2023-12-12,33.20407485961914,35.099998474121094,36.16999816894531,34.959999084472656,36.119998931884766,8375200
2023-12-13,35.59741973876953,37.630001068115234,37.66999816894531,34.93000030517578,35.11000061035156,14580100
2023-12-14,35.97581481933594,38.029998779296875,38.810001373291016,37.630001068115234,38.29999923706055,9438100
2023-12-15,35.5217399597168,37.54999923706055,38.150001525878906,37.459999084472656,37.689998626708984,6932100
2023-12-18,35.6399040222168,37.400001525878906,37.689998626708984,37.08000183105469,37.529998779296875,5806400
2023-12-19,36.945430755615234,38.77000045776367,38.90999984741211,37.529998779296875,37.68000030517578,8819400
2023-12-20,35.83049011230469,37.599998474121094,38.81999969482422,37.58000183105469,38.720001220703125,6034800
2023-12-21,36.78342819213867,38.599998474121094,38.70000076293945,38.22999954223633,38.25,5699700
2023-12-22,37.00260543823242,38.83000183105469,39.81999969482422,38.77000045776367,39.25,6955500
2023-12-26,37.13602066040039,38.970001220703125,39.27000045776367,38.650001525878906,39.13999938964844,3022000
2023-12-27,37.49813461303711,39.349998474121094,39.65999984741211,39.02000045776367,39.13999938964844,6542800
2023-12-28,36.40225601196289,38.20000076293945,39.36000061035156,38.189998626708984,39.06999969482422,8372300
2023-12-29,36.12590026855469,37.90999984741211,38.20000076293945,37.619998931884766,37.9900016784668,5936000
2024-01-02,35.46837615966797,37.220001220703125,38.22999954223633,37.130001068115234,38.02000045776367,7246000
2024-01-03,34.296260833740234,35.9900016784668,36.59000015258789,35.79999923706055,36.34000015258789,11034100
2024-01-04,34.37249755859375,36.06999969482422,36.380001068115234,35.7400016784668,36.119998931884766,5445000
2024-01-05,34.2867317199707,35.97999954223633,36.91999816894531,35.75,36.16999816894531,5370000
2024-01-08,34.200965881347656,35.88999938964844,36.13999938964844,35.349998474121094,35.5,6080700
2024-01-09,33.6959114074707,35.36000061035156,36.09000015258789,35.25,36.04999923706055,8697700
2024-01-10,33.81026077270508,35.47999954223633,35.650001525878906,35.060001373291016,35.38999938964844,5445700
2024-01-11,33.486263275146484,35.13999938964844,35.70000076293945,34.59000015258789,35.52000045776367,7823500
2024-01-12,34.64884948730469,36.36000061035156,36.970001220703125,36.20000076293945,36.209999084472656,10665800
2024-01-16,33.02885437011719,34.65999984741211,35.709999084472656,34.59000015258789,35.689998626708984,10083200
2024-01-17,32.07591247558594,33.65999984741211,34.11000061035156,33.40999984741211,34.04999923706055,10736800
2024-01-18,32.17120361328125,33.7599983215332,34.0,33.47999954223633,33.9900016784668,5589500
2024-01-19,32.29508972167969,33.88999938964844,34.040000915527344,33.34000015258789,34.02000045776367,5445800
2024-01-22,32.02827072143555,33.61000061035156,34.0,33.31999969482422,33.459999084472656,4060500
2024-01-23,32.77156066894531,34.38999938964844,34.41999816894531,33.689998626708984,33.790000915527344,5806200
2024-01-24,32.047325134277344,33.630001068115234,35.15999984741211,33.52000045776367,34.880001068115234,7719900
2024-01-25,32.77156066894531,34.38999938964844,34.439998626708984,34.0,34.31999969482422,4993900
2024-01-26,32.52379608154297,34.130001068115234,34.58000183105469,34.02000045776367,34.33000183105469,6247100
2024-01-29,32.9621467590332,34.59000015258789,34.63999938964844,33.849998474121094,34.459999084472656,4498400
2024-01-30,32.65720748901367,34.27000045776367,34.869998931884766,34.02000045776367,34.779998779296875,4734500
2024-01-31,32.20932388305664,33.79999923706055,35.04999923706055,33.790000915527344,34.439998626708984,7362200
2024-02-01,33.5529670715332,35.209999084472656,35.2400016784668,34.119998931884766,34.18000030517578,10426500
2024-02-02,32.3999137878418,34.0,34.209999084472656,33.61000061035156,34.209999084472656,8268400
2024-02-05,31.580385208129883,33.13999938964844,33.56999969482422,32.95000076293945,33.459999084472656,5443200
2024-02-06,32.17120361328125,33.7599983215332,33.810001373291016,33.20000076293945,33.349998474121094,3684700
2024-02-07,31.73285484313965,33.29999923706055,33.79999923706055,33.27000045776367,33.59000015258789,3918600
2024-02-08,31.570858001708984,33.130001068115234,33.38999938964844,33.06999969482422,33.209999084472656,3472700
2024-02-09,31.256385803222656,32.79999923706055,33.16999816894531,32.54999923706055,33.16999816894531,3993900
2024-02-12,31.685209274291992,33.25,33.400001525878906,32.63999938964844,32.70000076293945,4496800
2024-02-13,29.65545082092285,31.1200008392334,32.369998931884766,30.889999389648438,32.34000015258789,12931300
2024-02-14,30.036624908447266,31.520000457763672,31.610000610351562,31.079999923706055,31.299999237060547,7845100
2024-02-15,30.884740829467773,32.40999984741211,32.77000045776367,31.8700008392334,31.899999618530273,7446300
2024-02-16,30.903799057006836,32.43000030517578,32.7400016784668,32.029998779296875,32.06999969482422,4500100
2024-02-20,30.894268035888672,32.41999816894531,32.68000030517578,32.13999938964844,32.65999984741211,3690500
2024-02-21,30.732269287109375,32.25,32.400001525878906,31.799999237060547,32.380001068115234,5772300
2024-02-22,30.255802154541016,31.75,32.27000045776367,31.639999389648438,32.2400016784668,7673400
2024-02-23,30.79897689819336,32.31999969482422,32.41999816894531,31.389999389648438,31.84000015258789,7050800
2024-02-26,30.427330017089844,31.93000030517578,32.029998779296875,31.59000015258789,31.979999542236328,5068300
2024-02-27,30.17003631591797,31.65999984741211,32.0,31.639999389648438,31.920000076293945,4163800
2024-02-28,29.731685638427734,31.200000762939453,31.479999542236328,31.0,31.440000534057617,5898600
2024-02-29,30.379682540893555,31.8799991607666,32.220001220703125,31.700000762939453,31.770000457763672,6762900
2024-03-01,31.675682067871094,33.2400016784668,33.349998474121094,31.729999542236328,32.029998779296875,9887400
2024-03-04,33.11461639404297,34.75,34.75,33.65999984741211,33.75,13601100
2024-03-05,33.14320373535156,34.779998779296875,35.349998474121094,34.689998626708984,35.220001220703125,8588700
2024-03-06,33.83884811401367,35.5099983215332,35.849998474121094,35.130001068115234,35.25,7163200
2024-03-07,34.38202667236328,36.08000183105469,36.119998931884766,35.599998474121094,35.880001068115234,6816400
2024-03-08,34.23908615112305,35.93000030517578,36.45000076293945,35.779998779296875,36.36000061035156,6961900
2024-03-11,34.8775520324707,36.599998474121094,36.880001068115234,35.560001373291016,35.900001525878906,7161300
2024-03-12,34.420143127441406,36.119998931884766,36.15999984741211,35.439998626708984,35.779998779296875,7326200
2024-03-13,35.13484573364258,36.869998931884766,37.15999984741211,36.150001525878906,36.2599983215332,6903600
2024-03-14,34.77273178100586,36.4900016784668,36.720001220703125,36.16999816894531,36.52000045776367,10061100
2024-03-15,35.01096725463867,36.7400016784668,36.79999923706055,36.08000183105469,36.290000915527344,4613700
2024-03-18,34.63931655883789,36.349998474121094,36.90999984741211,36.349998474121094,36.86000061035156,4562400
2024-03-19,33.85791015625,35.529998779296875,36.20000076293945,35.4900016784668,36.20000076293945,5496300
2024-03-20,35.49696350097656,37.25,37.560001373291016,35.34000015258789,35.41999816894531,9721200
2024-03-21,34.95378875732422,36.68000030517578,37.880001068115234,36.68000030517578,37.75,8405000
2024-03-22,34.44873046875,36.150001525878906,36.790000915527344,36.130001068115234,36.4900016784668,5906900
2024-03-25,34.82990264892578,36.54999923706055,37.189998626708984,36.5,36.5,5032700
2024-03-26,34.80131912231445,36.52000045776367,37.36000061035156,36.5099983215332,37.27000045776367,5299600
2024-03-27,36.106842041015625,37.88999938964844,37.88999938964844,36.689998626708984,36.7400016784668,6527800
2024-03-28,36.91684341430664,38.7400016784668,38.900001525878906,38.0099983215332,38.2599983215332,8494000
2024-04-01,37.355194091796875,39.20000076293945,39.68000030517578,38.790000915527344,39.52000045776367,6838100
2024-04-02,37.9650764465332,39.84000015258789,39.939998626708984,39.150001525878906,39.400001525878906,8435000
2024-04-03,39.165775299072266,41.099998474121094,41.209999084472656,39.619998931884766,39.7400016784668,9563700
2024-04-04,38.59401321411133,40.5,41.31999969482422,40.459999084472656,41.040000915527344,9898800
2024-04-05,39.91859436035156,41.88999938964844,42.119998931884766,40.4900016784668,40.81999969482422,8977300
2024-04-08,39.93765640258789,41.90999984741211,42.63999938964844,41.380001068115234,42.400001525878906,6420800
2024-04-09,40.65236282348633,42.65999984741211,43.2599983215332,42.380001068115234,42.689998626708984,8457500
2024-04-10,39.9090690612793,41.880001068115234,42.540000915527344,41.060001373291016,41.47999954223633,9129900
2024-04-11,40.900123596191406,42.91999816894531,42.93000030517578,41.709999084472656,42.47999954223633,6913000
2024-04-12,40.013893127441406,41.9900016784668,44.70000076293945,41.70000076293945,43.810001373291016,17757400
2024-04-15,39.604129791259766,41.560001373291016,42.5099983215332,40.900001525878906,42.380001068115234,11010600
2024-04-16,38.908485412597656,40.83000183105469,41.13999938964844,40.09000015258789,40.970001220703125,9809100
2024-04-17,39.50883483886719,41.459999084472656,42.20000076293945,40.959999084472656,41.52000045776367,10238700
2024-04-18,39.69942092895508,41.65999984741211,42.15999984741211,41.31999969482422,42.099998474121094,5788300
2024-04-19,40.2044792175293,42.189998626708984,42.59000015258789,41.709999084472656,41.84000015258789,5634800
2024-04-22,38.30813217163086,40.20000076293945,41.15999984741211,40.06999969482422,40.400001525878906,12608200
2024-04-23,39.232479095458984,41.16999816894531,41.31999969482422,39.880001068115234,40.130001068115234,6466500
2024-04-24,39.07048416137695,41.0,41.279998779296875,40.72999954223633,40.88999938964844,4624600
2024-04-25,40.013893127441406,41.9900016784668,42.13999938964844,40.4900016784668,40.790000915527344,9368600
2024-04-26,40.39506912231445,42.38999938964844,42.63999938964844,41.7599983215332,42.34000015258789,4605000
2024-04-29,40.661888122558594,42.66999816894531,42.880001068115234,41.849998474121094,42.58000183105469,3990300
2024-04-30,38.55589294433594,40.459999084472656,41.790000915527344,40.41999816894531,41.45000076293945,10390900
2024-05-01,38.8513069152832,40.77000045776367,41.970001220703125,40.380001068115234,40.849998474121094,9208900
2024-05-02,38.984718322753906,40.90999984741211,41.22999954223633,40.189998626708984,40.47999954223633,5126800
2024-05-03,38.81319046020508,40.72999954223633,41.36000061035156,40.400001525878906,41.060001373291016,4493300
2024-05-06,39.91859436035156,41.88999938964844,42.130001068115234,41.68000030517578,41.68000030517578,7015500
2024-05-07,39.966243743896484,41.939998626708984,42.13999938964844,41.61000061035156,41.75,4389500
2024-05-08,39.91859436035156,41.88999938964844,42.400001525878906,41.41999816894531,41.619998931884766,3627800
2024-05-09,41.61482620239258,43.66999816894531,43.75,42.209999084472656,42.209999084472656,7471300
2024-05-10,41.395652770996094,43.439998626708984,44.2599983215332,43.41999816894531,44.2599983215332,5137500
2024-05-13,40.88106918334961,42.900001525878906,43.61000061035156,42.61000061035156,43.27000045776367,4287600
2024-05-14,41.6434211730957,43.70000076293945,43.709999084472656,43.02000045776367,43.25,5370600
2024-05-15,42.31047439575195,44.400001525878906,44.630001068115234,43.20000076293945,44.099998474121094,7205700
2024-05-16,42.19612121582031,44.279998779296875,44.58000183105469,43.7400016784668,44.31999969482422,4913000
2024-05-17,44.168701171875,46.349998474121094,46.380001068115234,44.93000030517578,45.209999084472656,10160000
2024-05-20,44.73093795776367,46.939998626708984,47.25,45.880001068115234,46.470001220703125,7656200
2024-05-21,44.635643005371094,46.84000015258789,47.06999969482422,46.470001220703125,46.75,4419700
2024-05-22,42.67258834838867,44.779998779296875,46.209999084472656,44.68000030517578,46.150001525878906,8341500
2024-05-23,41.834007263183594,43.900001525878906,45.189998626708984,43.779998779296875,44.83000183105469,7310700
2024-05-24,42.501060485839844,44.599998474121094,44.939998626708984,44.43000030517578,44.47999954223633,3511900
2024-05-28,43.768470764160156,45.93000030517578,46.130001068115234,45.380001068115234,45.72999954223633,6131500
2024-05-29,42.720237731933594,44.83000183105469,45.689998626708984,44.79999923706055,45.22999954223633,4410400
2024-05-30,43.215763092041016,45.349998474121094,45.72999954223633,44.90999984741211,44.93000030517578,3906900
2024-05-31,43.00612258911133,45.130001068115234,46.06999969482422,44.65999984741211,45.86000061035156,4378900
2024-06-03,42.939414978027344,45.060001373291016,45.369998931884766,44.7400016784668,45.18000030517578,4955000
2024-06-04,41.24318313598633,43.279998779296875,44.33000183105469,42.97999954223633,44.33000183105469,8003200
2024-06-05,42.02458953857422,44.099998474121094,44.18000030517578,43.11000061035156,43.529998779296875,4791600
2024-06-06,43.23482131958008,45.369998931884766,45.5099983215332,44.13999938964844,44.27000045776367,4826500
2024-06-07,39.98530578613281,41.959999084472656,43.77000045776367,41.88999938964844,43.68000030517578,12690100
2024-06-10,40.54753875732422,42.54999923706055,42.59000015258789,41.72999954223633,42.220001220703125,4876800
2024-06-11,40.194950103759766,42.18000030517578,42.22999954223633,41.66999816894531,42.150001525878906,3654000
2024-06-12,40.404598236083984,42.400001525878906,43.529998779296875,42.09000015258789,43.25,6636400
2024-06-13,39.4421272277832,41.38999938964844,42.650001525878906,41.209999084472656,42.209999084472656,3995300
2024-06-14,39.8804817199707,41.849998474121094,41.939998626708984,41.22999954223633,41.939998626708984,3586500
2024-06-17,39.53742599487305,41.4900016784668,41.68000030517578,40.91999816894531,41.54999923706055,3179900
2024-06-18,40.21400833129883,42.20000076293945,42.41999816894531,41.220001220703125,41.38999938964844,3883200
2024-06-20,41.29083251953125,43.33000183105469,43.52000045776367,42.400001525878906,42.599998474121094,4880900
2024-06-21,40.42365264892578,42.41999816894531,43.189998626708984,42.16999816894531,43.13999938964844,5402900
2024-06-24,40.52847671508789,42.529998779296875,43.08000183105469,42.349998474121094,42.83000183105469,3006300
2024-06-25,39.890010833740234,41.86000061035156,42.209999084472656,41.83000183105469,42.09000015258789,3037000
2024-06-26,39.794715881347656,41.7599983215332,41.93000030517578,41.13999938964844,41.20000076293945,2441300
2024-06-27,40.404598236083984,42.400001525878906,42.77000045776367,42.310001373291016,42.310001373291016,3272300
2024-06-28,40.13777542114258,42.119998931884766,42.880001068115234,41.83000183105469,42.599998474121094,3053300
2024-07-01,40.004364013671875,41.97999954223633,42.77000045776367,41.939998626708984,42.38999938964844,1922700
2024-07-02,40.10918426513672,42.09000015258789,42.560001373291016,41.619998931884766,42.0099983215332,2563400
2024-07-03,41.88165283203125,43.95000076293945,44.15999984741211,42.83000183105469,42.869998931884766,5258400
2024-07-05,42.96800231933594,45.09000015258789,45.45000076293945,44.45000076293945,44.5,5025700
2024-07-08,42.89176559448242,45.0099983215332,45.09000015258789,44.29999923706055,44.65999984741211,4042600
2024-07-09,42.86317825317383,44.97999954223633,45.439998626708984,44.63999938964844,45.08000183105469,2305200
2024-07-10,44.063880920410156,46.2400016784668,46.400001525878906,45.47999954223633,45.54999923706055,4654100
2024-07-11,45.52187728881836,47.77000045776367,47.86000061035156,46.400001525878906,47.470001220703125,7819700
2024-07-12,45.35034942626953,47.59000015258789,47.939998626708984,47.13999938964844,47.150001525878906,4381600
2024-07-15,45.10258483886719,47.33000183105469,48.2400016784668,46.9900016784668,47.75,4000300
2024-07-16,46.779754638671875,49.09000015258789,49.11000061035156,47.459999084472656,47.84000015258789,6218100
2024-07-17,45.32175827026367,47.560001373291016,49.130001068115234,47.5,48.689998626708984,6324400
2024-07-18,44.43552780151367,46.630001068115234,47.95000076293945,46.310001373291016,47.880001068115234,4953000
2024-07-19,43.73988342285156,45.900001525878906,46.470001220703125,45.189998626708984,45.34000015258789,3599400
2024-07-22,43.85423278808594,46.02000045776367,46.130001068115234,45.400001525878906,45.900001525878906,2223500
2024-07-23,43.749412536621094,45.90999984741211,46.0,45.540000915527344,45.790000915527344,1898300
2024-07-24,43.139530181884766,45.27000045776367,47.15999984741211,45.25,46.38999938964844,4141700
2024-07-25,41.834007263183594,43.900001525878906,44.41999816894531,43.63999938964844,44.09000015258789,6778400
2024-07-26,42.33906173706055,44.43000030517578,44.70000076293945,44.09000015258789,44.45000076293945,2868500
2024-07-29,42.45341491699219,44.54999923706055,44.650001525878906,43.61000061035156,44.619998931884766,2971200
2024-07-30,42.71070861816406,44.81999969482422,45.040000915527344,44.20000076293945,44.900001525878906,3176100
2024-07-31,43.99717330932617,46.16999816894531,46.31999969482422,45.45000076293945,45.689998626708984,5498900
2024-08-01,42.79647445678711,44.90999984741211,46.29999923706055,44.25,46.04999923706055,5605000
2024-08-02,41.6434211730957,43.70000076293945,45.81999969482422,43.2400016784668,45.529998779296875,6976500
2024-08-05,40.09012985229492,42.06999969482422,42.38999938964844,40.2599983215332,40.72999954223633,9764600
2024-08-06,40.43318557739258,42.43000030517578,42.959999084472656,41.47999954223633,41.81999969482422,3891200
2024-08-07,39.280128479003906,41.220001220703125,43.29999923706055,41.04999923706055,43.20000076293945,6119600
2024-08-08,40.23306655883789,42.220001220703125,42.459999084472656,41.18000030517578,41.790000915527344,4744600
2024-08-09,40.585655212402344,42.59000015258789,42.790000915527344,41.970001220703125,42.560001373291016,2508600
2024-08-12,42.072242736816406,44.150001525878906,44.43000030517578,42.869998931884766,43.099998474121094,7454900
2024-08-13,42.82505798339844,44.939998626708984,45.09000015258789,44.0,44.02000045776367,3865300
2024-08-14,42.60588455200195,44.709999084472656,44.869998931884766,44.099998474121094,44.529998779296875,2896800
2024-08-15,42.987060546875,45.11000061035156,45.33000183105469,44.2599983215332,44.88999938964844,3270700
2024-08-16,44.340232849121094,46.529998779296875,46.54999923706055,45.369998931884766,45.68000030517578,5401800
2024-08-19,45.33129119873047,47.56999969482422,47.599998474121094,46.150001525878906,46.150001525878906,4293300
2024-08-20,45.51234436035156,47.7599983215332,48.470001220703125,47.400001525878906,48.18000030517578,4826400
2024-08-21,46.05552673339844,48.33000183105469,48.41999816894531,47.369998931884766,47.7400016784668,4067500
2024-08-22,44.607059478759766,46.810001373291016,47.529998779296875,46.54999923706055,47.459999084472656,5565500
2024-08-23,45.483760833740234,47.72999954223633,48.040000915527344,46.970001220703125,47.529998779296875,3768700
2024-08-26,45.18834686279297,47.41999816894531,48.06999969482422,47.22999954223633,47.95000076293945,2312600
2024-08-27,44.92152786254883,47.13999938964844,47.2599983215332,46.709999084472656,47.09000015258789,2243800
2024-08-28,43.79705810546875,45.959999084472656,46.59000015258789,45.4900016784668,46.47999954223633,4640600
2024-08-29,44.21635437011719,46.400001525878906,46.68000030517578,45.970001220703125,45.970001220703125,2679600
2024-08-30,43.80658721923828,45.970001220703125,46.459999084472656,45.5,46.290000915527344,3783000
2024-09-03,41.6434211730957,43.70000076293945,45.33000183105469,43.380001068115234,45.33000183105469,7948600
2024-09-04,41.30988693237305,43.349998474121094,44.04999923706055,43.150001525878906,43.2599983215332,3689700
2024-09-05,42.01506423950195,44.09000015258789,44.58000183105469,43.849998474121094,43.93000030517578,4953600
2024-09-06,40.61424255371094,42.619998931884766,44.060001373291016,42.5099983215332,43.900001525878906,5245400
2024-09-09,41.21459197998047,43.25,43.40999984741211,42.869998931884766,42.90999984741211,2734500
2024-09-10,42.02458953857422,44.099998474121094,44.130001068115234,42.95000076293945,43.43000030517578,3084900
2024-09-11,42.5296516418457,44.630001068115234,44.66999816894531,43.29999923706055,43.939998626708984,3799600
2024-09-12,45.35034942626953,47.59000015258789,47.88999938964844,45.40999984741211,45.599998474121094,10159300
2024-09-13,46.674930572509766,48.97999954223633,49.22999954223633,48.45000076293945,48.63999938964844,7601900
2024-09-16,46.68446731567383,48.9900016784668,49.40999984741211,48.599998474121094,48.90999984741211,4954000
2024-09-17,46.122230529785156,48.400001525878906,49.2599983215332,48.31999969482422,48.77000045776367,3690400
2024-09-18,45.3408203125,47.58000183105469,50.36000061035156,47.5,48.90999984741211,8786500
2024-09-19,46.417640686035156,48.709999084472656,49.279998779296875,48.279998779296875,49.209999084472656,5196800
2024-09-20,47.37057876586914,49.709999084472656,49.9900016784668,49.09000015258789,49.459999084472656,6551200
2024-09-23,46.88458251953125,49.20000076293945,50.47999954223633,49.18000030517578,49.7599983215332,3898600
2024-09-24,48.7142219543457,51.119998931884766,51.25,49.439998626708984,49.900001525878906,6318700
2024-09-25,48.1519889831543,50.529998779296875,51.279998779296875,50.43000030517578,50.900001525878906,5143700
2024-09-26,48.78092575073242,51.189998626708984,51.7400016784668,50.709999084472656,51.310001373291016,5453000
2024-09-27,47.284812927246094,49.619998931884766,51.36000061035156,49.41999816894531,51.150001525878906,6423300
2024-09-30,46.51293182373047,48.810001373291016,49.47999954223633,48.25,49.349998474121094,4143300
2024-10-01,47.4182243347168,49.7599983215332,50.130001068115234,49.0,49.529998779296875,4319800
2024-10-02,47.17045974731445,49.5,50.060001373291016,48.9900016784668,49.709999084472656,3556200
2024-10-03,46.23657989501953,48.52000045776367,48.849998474121094,48.099998474121094,48.75,4852600
2024-10-04,46.35093307495117,48.63999938964844,49.81999969482422,48.34000015258789,48.630001068115234,4146600
2024-10-07,45.531402587890625,47.779998779296875,48.22999954223633,47.45000076293945,48.20000076293945,3364600
2024-10-08,45.52187728881836,47.77000045776367,47.86000061035156,46.84000015258789,47.54999923706055,3157300
2024-10-09,45.274112701416016,47.5099983215332,47.560001373291016,46.709999084472656,47.2599983215332,3887600
2024-10-10,46.95128631591797,49.27000045776367,49.380001068115234,47.52000045776367,47.619998931884766,6152200
2024-10-11,47.19905090332031,49.529998779296875,50.130001068115234,49.470001220703125,49.54999923706055,3734900
2024-10-14,47.26575469970703,49.599998474121094,49.90999984741211,49.0,49.5,2453400
2024-10-15,47.942344665527344,50.310001373291016,50.34000015258789,49.33000183105469,49.689998626708984,4228300
2024-10-16,48.352108001708984,50.7400016784668,51.7400016784668,50.68000030517578,51.02000045776367,4761500
2024-10-17,48.93339538574219,51.349998474121094,51.95000076293945,50.959999084472656,51.38999938964844,3323900
2024-10-18,51.334800720214844,53.869998931884766,54.099998474121094,51.91999816894531,52.06999969482422,6808800
2024-10-21,51.50632858276367,54.04999923706055,55.25,53.90999984741211,55.0,4216000
2024-10-22,52.745147705078125,55.349998474121094,55.58000183105469,54.83000183105469,54.95000076293945,4942400
2024-10-23,51.525390625,54.06999969482422,54.68000030517578,53.47999954223633,54.619998931884766,5840300
2024-10-24,51.24903869628906,53.779998779296875,54.79999923706055,52.7400016784668,54.790000915527344,4215400
2024-10-25,50.38186264038086,52.869998931884766,53.970001220703125,52.68000030517578,53.68000030517578,5181100
2024-10-28,50.162689208984375,52.63999938964844,53.150001525878906,52.540000915527344,52.810001373291016,2001300
2024-10-29,51.23950958251953,53.77000045776367,53.869998931884766,52.90999984741211,53.13999938964844,4470100
2024-10-30,50.52480697631836,53.02000045776367,53.68000030517578,52.22999954223633,53.65999984741211,3902000
2024-10-31,49.1525764465332,51.58000183105469,52.27000045776367,50.72999954223633,52.18000030517578,5990700
2024-11-01,48.4473991394043,50.84000015258789,52.18000030517578,50.79999923706055,51.84000015258789,3411700
2024-11-04,48.26634216308594,50.650001525878906,51.560001373291016,50.5099983215332,51.38999938964844,2889000
2024-11-05,48.352108001708984,50.7400016784668,51.619998931884766,50.470001220703125,51.16999816894531,5099600
2024-11-06,46.693992614746094,49.0,49.59000015258789,47.65999984741211,48.209999084472656,9019400
2024-11-07,47.95186996459961,50.31999969482422,50.56999969482422,48.97999954223633,49.36000061035156,5697700
2024-11-08,47.189517974853516,49.52000045776367,50.060001373291016,48.86000061035156,49.93000030517578,6596000
2024-11-11,44.66423416137695,46.869998931884766,48.11000061035156,45.90999984741211,47.65999984741211,11137800
2024-11-12,43.81611633300781,45.97999954223633,46.68000030517578,45.40999984741211,46.529998779296875,8989700
2024-11-13,43.00612258911133,45.130001068115234,46.81999969482422,45.099998474121094,46.70000076293945,4754300
2024-11-14,43.22529602050781,45.36000061035156,45.709999084472656,44.7599983215332,44.869998931884766,6229200
2024-11-15,42.987060546875,45.11000061035156,46.15999984741211,45.0,45.59000015258789,4671000
2024-11-18,45.10258483886719,47.33000183105469,47.88999938964844,46.540000915527344,46.540000915527344,8260200
2024-11-19,45.91258239746094,48.18000030517578,48.220001220703125,47.209999084472656,48.0,4483300
2024-11-20,45.426578521728516,47.66999816894531,48.0099983215332,47.47999954223633,47.869998931884766,3214300
2024-11-21,46.150814056396484,48.43000030517578,48.5099983215332,47.619998931884766,48.2400016784668,6456600
2024-11-22,46.0650520324707,48.34000015258789,48.810001373291016,48.099998474121094,48.72999954223633,4461900
2024-11-25,44.61658477783203,46.81999969482422,47.25,46.38999938964844,46.86000061035156,8052100
2024-11-26,44.4736442565918,46.66999816894531,46.9900016784668,46.41999816894531,46.88999938964844,3181400
2024-11-27,44.950111389160156,47.16999816894531,47.81999969482422,46.9900016784668,47.25,5076800
2024-11-29,45.43611526489258,47.68000030517578,48.060001373291016,47.52000045776367,47.77000045776367,2337500
2024-12-02,44.65470504760742,46.86000061035156,47.68000030517578,46.7599983215332,47.630001068115234,3109500
2024-12-03,45.99834442138672,48.27000045776367,48.88999938964844,47.29999923706055,47.40999984741211,4407100
2024-12-04,45.98881530761719,48.2599983215332,48.849998474121094,48.119998931884766,48.36000061035156,2546500
2024-12-05,46.22705078125,48.5099983215332,49.11000061035156,48.060001373291016,48.5,2884200
2024-12-06,45.083526611328125,47.310001373291016,48.279998779296875,47.13999938964844,48.209999084472656,3610500
2024-12-09,46.94175720214844,49.2599983215332,50.54999923706055,48.849998474121094,48.880001068115234,8700400
2024-12-10,46.9798698425293,49.29999923706055,50.279998779296875,49.2400016784668,49.83000183105469,3399400
2024-12-11,48.4473991394043,50.84000015258789,51.029998779296875,49.439998626708984,49.79999923706055,4550700
2024-12-12,46.10316848754883,48.380001068115234,49.56999969482422,48.36000061035156,49.36000061035156,6887800
2024-12-13,44.79764175415039,47.0099983215332,48.16999816894531,46.810001373291016,48.16999816894531,4872500
2024-12-16,44.4736442565918,46.66999816894531,47.36000061035156,46.599998474121094,47.2400016784668,3704300
2024-12-17,44.321170806884766,46.5099983215332,46.779998779296875,45.88999938964844,46.13999938964844,3331600
2024-12-18,42.16753387451172,44.25,46.470001220703125,44.099998474121094,46.369998931884766,6707200
2024-12-19,41.9578857421875,44.029998779296875,44.939998626708984,43.869998931884766,44.72999954223633,3711400
2024-12-20,42.28188705444336,44.369998931884766,45.08000183105469,44.13999938964844,44.2599983215332,5333400
2024-12-23,42.50083923339844,43.47999954223633,43.540000915527344,42.72999954223633,43.150001525878906,3652200
2024-12-24,42.295570373535156,43.27000045776367,43.7400016784668,42.91999816894531,43.650001525878906,2274800
2024-12-26,42.56926345825195,43.54999923706055,43.77000045776367,43.22999954223633,43.59000015258789,3235000
2024-12-27,42.08052444458008,43.04999923706055,43.13999938964844,42.599998474121094,42.880001068115234,3067400
2024-12-30,41.36696243286133,42.31999969482422,42.75,41.849998474121094,42.56999969482422,4174000
2024-12-31,41.78728103637695,42.75,42.95000076293945,42.150001525878906,42.189998626708984,2454100
2025-01-02,43.82044219970703,44.83000183105469,44.90999984741211,43.459999084472656,43.470001220703125,5526000
2025-01-03,43.253501892089844,44.25,44.72999954223633,44.209999084472656,44.630001068115234,3088400
2025-01-06,42.80385971069336,43.790000915527344,44.709999084472656,43.72999954223633,44.220001220703125,3150000
2025-01-07,43.34147262573242,44.34000015258789,45.43000030517578,44.04999923706055,44.90999984741211,4412000
2025-01-08,44.32872772216797,45.349998474121094,45.41999816894531,44.61000061035156,44.810001373291016,3414600
2025-01-10,44.29940414428711,45.31999969482422,46.47999954223633,45.04999923706055,46.150001525878906,4319100
2025-01-13,43.321922302246094,44.31999969482422,44.709999084472656,43.95000076293945,44.70000076293945,5139500
2025-01-14,44.817466735839844,45.849998474121094,46.060001373291016,44.52000045776367,44.59000015258789,4578900
2025-01-15,45.05206298828125,46.09000015258789,46.630001068115234,45.369998931884766,46.630001068115234,4575700
2025-01-16,44.768592834472656,45.79999923706055,46.66999816894531,45.79999923706055,46.34000015258789,2410400
2025-01-17,44.983642578125,46.02000045776367,46.36000061035156,45.220001220703125,45.630001068115234,3973800
2025-01-21,45.99044418334961,47.04999923706055,47.470001220703125,46.459999084472656,46.459999084472656,3631400
2025-01-22,46.019771575927734,47.08000183105469,47.79999923706055,46.72999954223633,47.380001068115234,2997700
2025-01-23,45.95134353637695,47.0099983215332,47.029998779296875,46.06999969482422,46.459999084472656,3332200
2025-01-24,46.5573844909668,47.630001068115234,47.880001068115234,47.43000030517578,47.68000030517578,4831800
2025-01-27,45.18891143798828,46.22999954223633,46.939998626708984,45.689998626708984,46.880001068115234,5122000
2025-01-28,45.873146057128906,46.93000030517578,47.08000183105469,46.220001220703125,46.43000030517578,2541300
2025-01-29,46.30323791503906,47.369998931884766,47.72999954223633,46.63999938964844,46.83000183105469,2710600
2025-01-30,48.0920295715332,49.20000076293945,49.7599983215332,48.25,48.349998474121094,5650300
2025-01-31,47.28071594238281,48.369998931884766,49.45000076293945,48.18000030517578,49.34000015258789,4553400
2025-02-03,48.02360534667969,49.130001068115234,49.900001525878906,48.40999984741211,48.650001525878906,5518700
2025-02-04,49.13793182373047,50.27000045776367,50.43000030517578,49.560001373291016,49.599998474121094,3668600
2025-02-05,50.35978317260742,51.52000045776367,52.189998626708984,50.70000076293945,50.7599983215332,5158900
2025-02-06,50.1740608215332,51.33000183105469,51.4900016784668,50.83000183105469,51.380001068115234,3796600
2025-02-07,49.792842864990234,50.939998626708984,52.09000015258789,50.900001525878906,51.599998474121094,5076800
2025-02-10,50.926719665527344,52.099998474121094,52.630001068115234,51.84000015258789,52.470001220703125,5508600
2025-02-11,50.183834075927734,51.34000015258789,52.06999969482422,51.34000015258789,51.65999984741211,3813100
2025-02-12,51.05379104614258,52.22999954223633,52.599998474121094,50.97999954223633,51.060001373291016,3910500
2025-02-13,51.36658477783203,52.54999923706055,52.54999923706055,51.540000915527344,52.119998931884766,4633800
2025-02-14,49.538700103759766,50.68000030517578,52.84000015258789,50.56999969482422,52.65999984741211,6138800
2025-02-18,50.0665397644043,51.220001220703125,51.59000015258789,50.869998931884766,51.41999816894531,5321500
2025-02-19,49.87104034423828,51.02000045776367,51.22999954223633,50.630001068115234,51.18000030517578,2964600
2025-02-20,51.30793762207031,52.4900016784668,52.90999984741211,51.25,51.25,4935700
2025-02-21,49.235679626464844,50.369998931884766,52.349998474121094,50.2400016784668,52.25,6127600
2025-02-24,49.626670837402344,50.77000045776367,51.0,49.619998931884766,50.88999938964844,2683100
2025-02-25,48.825138092041016,49.95000076293945,50.689998626708984,48.970001220703125,50.5,3691900
2025-02-26,49.47027587890625,50.61000061035156,50.959999084472656,49.18000030517578,49.279998779296875,2937500
2025-02-27,47.29049301147461,48.380001068115234,50.13999938964844,48.34000015258789,49.849998474121094,5613700
2025-02-28,47.564186096191406,48.65999984741211,48.720001220703125,47.290000915527344,47.63999938964844,3936900
2025-03-03,47.525089263916016,48.619998931884766,50.16999816894531,48.279998779296875,49.40999984741211,3172900
2025-03-04,48.307071685791016,49.41999816894531,50.04999923706055,48.11000061035156,49.45000076293945,4475000
2025-03-05,50.516178131103516,51.68000030517578,51.689998626708984,49.41999816894531,49.52000045776367,5202100
2025-03-06,50.164283752441406,51.31999969482422,52.189998626708984,51.06999969482422,51.150001525878906,3130800
2025-03-07,50.79964828491211,51.970001220703125,52.56999969482422,50.790000915527344,51.2400016784668,5414800
2025-03-10,48.658966064453125,49.779998779296875,51.70000076293945,49.36000061035156,51.279998779296875,5999700
2025-03-11,50.7214469909668,51.88999938964844,52.040000915527344,50.2599983215332,50.310001373291016,4669800
2025-03-12,51.444786071777344,52.630001068115234,52.81999969482422,51.290000915527344,51.36000061035156,3626500
2025-03-13,53.23357391357422,54.459999084472656,54.720001220703125,52.810001373291016,53.0,7458200
2025-03-14,53.75164031982422,54.9900016784668,55.349998474121094,54.45000076293945,55.06999969482422,4510800
2025-03-17,55.21786117553711,56.4900016784668,56.529998779296875,55.11000061035156,55.16999816894531,4669500
2025-03-18,55.12010955810547,56.38999938964844,57.650001525878906,56.29999923706055,57.220001220703125,4738600
2025-03-19,55.2667350769043,56.540000915527344,56.779998779296875,55.70000076293945,56.33000183105469,3745000
2025-03-20,55.11033630371094,56.380001068115234,56.619998931884766,55.380001068115234,55.70000076293945,2648300
2025-03-21,54.279476165771484,55.529998779296875,55.72999954223633,54.68000030517578,55.529998779296875,4083300
2025-03-24,53.97645950317383,55.220001220703125,56.02000045776367,55.16999816894531,55.849998474121094,2393600
2025-03-25,54.953941345214844,56.220001220703125,57.349998474121094,56.08000183105469,56.15999984741211,2970000
2025-03-26,54.4651985168457,55.720001220703125,56.65999984741211,55.61000061035156,56.470001220703125,3143400
2025-03-27,56.166011810302734,57.459999084472656,57.56999969482422,56.09000015258789,56.599998474121094,4165500
2025-03-28,55.56974792480469,56.849998474121094,58.599998474121094,56.59000015258789,57.849998474121094,4242400
2025-03-31,55.911869049072266,57.20000076293945,57.279998779296875,55.13999938964844,57.099998474121094,3694400
2025-04-01,55.62839889526367,56.90999984741211,57.45000076293945,56.2599983215332,57.11000061035156,3142800
2025-04-02,55.45245361328125,56.72999954223633,57.15999984741211,56.040000915527344,56.619998931884766,4072800
2025-04-03,55.29605484008789,56.56999969482422,57.77000045776367,54.060001373291016,54.459999084472656,6595000
2025-04-04,50.22293472290039,51.380001068115234,54.91999816894531,50.83000183105469,54.880001068115234,13591800
2025-04-07,49.37252426147461,50.5099983215332,53.83000183105469,49.33000183105469,50.2599983215332,12534300
2025-04-08,49.36275100708008,50.5,53.36000061035156,50.13999938964844,53.13999938964844,4999500
2025-04-09,54.54339599609375,55.79999923706055,56.18000030517578,52.130001068115234,52.869998931884766,12446700
2025-04-10,56.91867446899414,58.22999954223633,58.81999969482422,55.630001068115234,55.77000045776367,8964100
2025-04-11,59.84134292602539,61.220001220703125,61.58000183105469,60.16999816894531,60.40999984741211,7848200
2025-04-14,60.789493560791016,62.189998626708984,62.33000183105469,60.099998474121094,60.529998779296875,5113000
2025-04-15,61.55193328857422,62.970001220703125,63.34000015258789,62.439998626708984,62.84000015258789,3346200
2025-04-16,63.67306137084961,65.13999938964844,66.18000030517578,64.4000015258789,65.37999725341797,8263800
2025-04-17,62.6760368347168,64.12000274658203,64.8499984741211,63.150001525878906,64.5199966430664,7032200
2025-04-21,63.64373779296875,65.11000061035156,66.80000305175781,64.04000091552734,66.22000122070312,6937800
2025-04-22,61.21958923339844,62.630001068115234,65.4000015258789,62.439998626708984,65.3499984741211,8876800
2025-04-23,59.49922180175781,60.869998931884766,61.81999969482422,60.04999923706055,60.7400016784668,11129700
2025-04-24,60.85791778564453,62.2599983215332,62.45000076293945,61.16999816894531,62.25,3626400
2025-04-25,59.6653938293457,61.040000915527344,61.11000061035156,60.130001068115234,60.25,4373600
2025-04-28,60.18345642089844,61.56999969482422,61.59000015258789,60.130001068115234,60.77000045776367,4925700
2025-04-29,59.284175872802734,60.650001525878906,61.650001525878906,60.59000015258789,60.959999084472656,2924900
2025-04-30,60.01728820800781,61.400001525878906,61.41999816894531,60.04999923706055,60.04999923706055,3325900
2025-05-01,57.407413482666016,58.72999954223633,59.81999969482422,58.560001373291016,59.81999969482422,8162900
2025-05-02,57.38786315917969,58.709999084472656,60.209999084472656,58.380001068115234,59.93000030517578,3769500
2025-05-05,59.69471740722656,61.06999969482422,61.189998626708984,60.08000183105469,61.08000183105469,5712200
2025-05-06,63.184322357177734,64.63999938964844,64.7699966430664,62.400001525878906,62.84000015258789,9386600
2025-05-07,61.45418167114258,62.869998931884766,63.709999084472656,62.40999984741211,63.0099983215332,5134000
2025-05-08,60.52557373046875,61.91999816894531,63.560001373291016,61.83000183105469,63.2599983215332,5786000
2025-05-09,62.88130569458008,64.33000183105469,64.4800033569336,62.439998626708984,62.91999816894531,4873000
2025-05-12,57.788631439208984,59.119998931884766,61.310001373291016,58.90999984741211,61.2400016784668,12258900
2025-05-13,57.9743537902832,59.310001373291016,59.720001220703125,58.689998626708984,59.29999923706055,4870100
2025-05-14,56.57655715942383,57.880001068115234,58.2599983215332,57.400001525878906,57.97999954223633,7900800
2025-05-15,57.87660217285156,59.209999084472656,59.2400016784668,57.84000015258789,58.599998474121094,5814500
2025-05-16,57.38786315917969,58.709999084472656,58.709999084472656,57.459999084472656,57.630001068115234,5202900
2025-05-19,58.8834114074707,60.2400016784668,60.27000045776367,59.2599983215332,59.63999938964844,5147300
2025-05-20,60.86769485473633,62.27000045776367,62.369998931884766,60.099998474121094,60.25,7655800
2025-05-21,61.7572021484375,63.18000030517578,63.5099983215332,62.41999816894531,62.41999816894531,4222300
2025-05-22,61.40530776977539,62.81999969482422,63.43000030517578,62.27000045776367,63.119998931884766,4012000
2025-05-23,63.213645935058594,64.66999816894531,65.01000213623047,63.56999969482422,64.33999633789062,6013200
2025-05-27,62.28504180908203,63.720001220703125,64.44000244140625,63.189998626708984,63.29999923706055,4966100
2025-05-28,63.19409942626953,64.6500015258789,64.66999816894531,63.86000061035156,63.91999816894531,3748600
2025-05-29,63.125675201416016,64.58000183105469,65.4800033569336,64.19000244140625,65.13999938964844,3403300
2025-05-30,63.84900665283203,65.31999969482422,65.33999633789062,63.880001068115234,64.0199966430664,4415600
2025-06-02,67.87622833251953,69.44000244140625,69.76000213623047,66.6500015258789,66.68000030517578,10113400
2025-06-03,67.15288543701172,68.69999694824219,68.7300033569336,67.66000366210938,68.3499984741211,4836700
2025-06-04,67.67095947265625,69.2300033569336,69.6500015258789,68.66000366210938,69.16999816894531,3795200
2025-06-05,69.12740325927734,70.72000122070312,71.83999633789062,69.80000305175781,70.36000061035156,6757700
2025-06-06,67.44613647460938,69.0,70.87999725341797,68.80000305175781,70.41000366210938,6325000
2025-06-09,68.04239654541016,69.61000061035156,70.04000091552734,69.08000183105469,69.31999969482422,3706700
2025-06-10,66.96717071533203,68.51000213623047,70.13999938964844,68.04000091552734,69.87999725341797,4233000
2025-06-11,67.41680908203125,68.97000122070312,69.1500015258789,68.41000366210938,68.62000274658203,2301600
2025-06-12,69.01988220214844,70.61000061035156,71.02999877929688,69.83000183105469,69.94000244140625,5192400
2025-06-13,69.62592315673828,71.2300033569336,71.70999908447266,70.87999725341797,71.55000305175781,4910500
2025-06-16,68.05217742919922,69.62000274658203,70.8499984741211,69.4000015258789,70.5199966430664,4437200
2025-06-17,68.15969848632812,69.7300033569336,70.20999908447266,69.1500015258789,70.0,2643100
2025-06-18,67.28973388671875,68.83999633789062,69.77999877929688,68.5199966430664,69.62000274658203,3371000
2025-06-20,65.6866683959961,67.19999694824219,68.94999694824219,67.16000366210938,68.05000305175781,5929700
2025-06-23,66.54685974121094,68.08000183105469,69.08999633789062,67.1500015258789,67.30000305175781,3497800
2025-06-24,65.28590393066406,66.79000091552734,66.9000015258789,65.19000244140625,66.44999694824219,5135800
2025-06-25,65.27613067626953,66.77999877929688,66.95999908447266,66.05999755859375,66.27999877929688,2836200
2025-06-26,66.22428894042969,67.75,67.77999877929688,66.62999725341797,66.7699966430664,2925900
2025-06-27,64.02495574951172,65.5,65.77999877929688,64.91999816894531,65.58999633789062,6223900
2025-06-30,66.06788635253906,67.58999633789062,67.69000244140625,65.80000305175781,65.94999694824219,4082400
2025-07-01,66.05811309814453,67.58000183105469,68.98999786376953,67.51000213623047,68.61000061035156,3226000
2025-07-02,66.71302795410156,68.25,68.31999969482422,67.0199966430664,68.12999725341797,3100500
2025-07-03,66.90851593017578,68.44999694824219,68.47000122070312,67.52999877929688,67.52999877929688,1897500
2025-07-07,67.46568298339844,69.0199966430664,69.05000305175781,66.33999633789062,67.55999755859375,3301700
2025-07-08,64.89491271972656,66.38999938964844,68.95999908447266,65.69000244140625,68.94000244140625,6213000
2025-07-09,65.70622253417969,67.22000122070312,67.48999786376953,66.12999725341797,66.38999938964844,3069800
2025-07-10,65.99945831298828,67.5199966430664,67.58000183105469,66.51000213623047,67.48999786376953,2669900
2025-07-11,67.28973388671875,68.83999633789062,69.13999938964844,68.0,68.26000213623047,4500300
2025-07-14,67.03559875488281,68.58000183105469,70.04000091552734,68.4000015258789,69.13999938964844,3136400
2025-07-15,66.10698699951172,67.62999725341797,68.66999816894531,66.86000061035156,68.56999969482422,3132400
2025-07-16,65.97013854980469,67.48999786376953,68.30000305175781,66.33999633789062,67.68000030517578,3296400
2025-07-17,65.25658416748047,66.76000213623047,67.01000213623047,65.52999877929688,66.23999786376953,4827300
2025-07-18,64.69941711425781,66.19000244140625,67.41999816894531,66.19000244140625,67.29000091552734,2470000
2025-07-21,67.04536437988281,68.58999633789062,69.30999755859375,67.16999816894531,67.16999816894531,4956500
2025-07-22,68.69731140136719,70.27999877929688,70.52999877929688,68.62000274658203,69.20999908447266,5009300
2025-07-23,67.51455688476562,69.06999969482422,70.0199966430664,68.55000305175781,69.75,6091700
2025-07-24,66.6739273071289,68.20999908447266,68.93000030517578,67.5,68.18000030517578,3270200
2025-07-25,66.29270935058594,67.81999969482422,67.87999725341797,66.54000091552734,67.33000183105469,5525100
2025-07-28,64.63099670410156,66.12000274658203,66.83999633789062,65.5199966430664,66.83000183105469,5933900
2025-07-29,65.04153442382812,66.54000091552734,66.81999969482422,65.87999725341797,66.16000366210938,2998000
2025-07-30,63.282066345214844,64.73999786376953,66.19999694824219,64.38999938964844,65.62999725341797,5445500
2025-07-31,62.773780822753906,64.22000122070312,65.16999816894531,63.900001525878906,64.95999908447266,4340600
2025-08-01,63.56553649902344,65.02999877929688,66.0,64.52999877929688,65.62000274658203,4797600
2025-08-04,66.06788635253906,67.58999633789062,67.76000213623047,66.23999786376953,66.23999786376953,5258400
2025-08-05,68.01307678222656,69.58000183105469,69.68000030517578,67.05000305175781,67.19000244140625,5450400
2025-08-06,69.63568878173828,71.23999786376953,71.29000091552734,69.5,69.5,5131700
2025-08-07,70.74024963378906,72.37000274658203,72.98999786376953,71.8499984741211,71.9000015258789,7077200
2025-08-08,70.60340118408203,72.2300033569336,73.16999816894531,71.9000015258789,72.9000015258789,4482000
2025-08-11,70.27105712890625,71.88999938964844,72.33000183105469,70.01000213623047,70.5199966430664,4395200
2025-08-12,71.28763580322266,72.93000030517578,72.94000244140625,71.73999786376953,72.1500015258789,2810700
2025-08-13,71.39515686035156,73.04000091552734,73.98999786376953,72.79000091552734,73.6500015258789,3125800
2025-08-14,71.13123321533203,72.7699966430664,73.87000274658203,72.41000366210938,72.54000091552734,3200800
2025-08-15,72.21623992919922,73.87999725341797,74.22000122070312,72.56999969482422,72.94999694824219,4050600
2025-08-18,72.04029083251953,73.69999694824219,73.95999908447266,72.80000305175781,73.62999725341797,2817900
2025-08-19,69.61614227294922,71.22000122070312,73.5999984741211,71.18000030517578,73.37999725341797,4008800
2025-08-20,71.62975311279297,73.27999877929688,73.41000366210938,72.0999984741211,72.29000091552734,4510300
2025-08-21,73.08619689941406,74.7699966430664,75.13999938964844,72.91000366210938,72.91000366210938,4028400
2025-08-22,74.55241394042969,76.2699966430664,76.94000244140625,73.63999938964844,73.95999908447266,4843500
2025-08-25,74.28849792480469,76.0,76.62000274658203,75.83000183105469,75.9800033569336,3822600
2025-08-26,75.79381561279297,77.54000091552734,77.55999755859375,76.04000091552734,76.12999725341797,4988900
2025-08-27,75.79381561279297,77.54000091552734,77.58000183105469,75.98999786376953,76.7300033569336,2850000
2025-08-28,75.40282440185547,77.13999938964844,77.66000366210938,76.45999908447266,77.63999938964844,3981000
2025-08-29,78.24729919433594,80.05000305175781,80.05999755859375,77.11000061035156,77.22000122070312,7514600
2025-09-02,81.09175872802734,82.95999908447266,83.27999877929688,80.05999755859375,81.87999725341797,8180000
2025-09-03,81.91284942626953,83.80000305175781,84.7699966430664,83.0999984741211,84.56999969482422,5540100
2025-09-04,80.81806945800781,82.68000030517578,83.6500015258789,82.12999725341797,83.05000305175781,5892600
2025-09-05,82.948974609375,84.86000061035156,85.66999816894531,83.69999694824219,84.56999969482422,7444600
2025-09-08,84.43473815917969,86.37999725341797,86.86000061035156,85.55999755859375,86.4800033569336,5024300
2025-09-09,83.67230987548828,85.5999984741211,87.29000091552734,85.11000061035156,87.19000244140625,6589200
2025-09-10,86.10623168945312,88.08999633789062,88.12000274658203,86.19000244140625,86.19000244140625,7350200
2025-09-11,87.98299407958984,90.01000213623047,90.19999694824219,87.87000274658203,88.19999694824219,4834100
2025-09-12,88.0025405883789,90.02999877929688,90.9000015258789,89.4800033569336,90.5199966430664,3902100
2025-09-15,89.4296646118164,91.48999786376953,92.41999816894531,89.51000213623047,89.91999816894531,6573000
2025-09-16,86.84911346435547,88.8499984741211,91.87000274658203,88.47000122070312,91.87000274658203,5642700
2025-09-17,85.63704681396484,87.61000061035156,90.08999633789062,86.66000366210938,87.43000030517578,5610600
2025-09-18,85.59794616699219,87.56999969482422,87.5999984741211,85.5999984741211,87.41999816894531,5264400
2025-09-19,89.90863800048828,91.9800033569336,92.23999786376953,87.7300033569336,87.7300033569336,9026900
2025-09-22,93.03656768798828,95.18000030517578,95.30999755859375,92.9800033569336,93.97000122070312,6313700
2025-09-23,92.87039947509766,95.01000213623047,96.76000213623047,94.62999725341797,96.43000030517578,4148300
2025-09-24,90.69061279296875,92.77999877929688,95.56999969482422,92.76000213623047,94.8499984741211,5095300
2025-09-25,91.87336730957031,93.98999786376953,94.0199966430664,92.70999908447266,93.06999969482422,3989600
2025-09-26,94.04337310791016,96.20999908447266,96.79000091552734,94.2300033569336,94.83999633789062,5598100
2025-09-29,96.02765655517578,98.23999786376953,99.5199966430664,97.86000061035156,98.93000030517578,5955500
2025-09-30,96.79986572265625,99.02999877929688,100.29000091552734,96.62999725341797,96.8499984741211,5253100
2025-10-01,97.65027618408203,99.9000015258789,101.27999877929688,99.05000305175781,100.44999694824219,6012200
2025-10-02,97.39613342285156,99.63999938964844,101.36000061035156,95.70999908447266,100.9800033569336,8569000
2025-10-03,97.4938735961914,99.73999786376953,100.8499984741211,98.94999694824219,100.05999755859375,3696200
2025-10-06,100.17218017578125,102.4800033569336,104.05000305175781,100.9000015258789,101.16999816894531,7617300
2025-10-07,98.41271209716797,100.68000030517578,102.61000061035156,100.26000213623047,102.61000061035156,5201300
2025-10-08,102.44969940185547,104.80999755859375,104.94999694824219,102.22000122070312,103.11000061035156,6482300
2025-10-09,97.6405029296875,99.88999938964844,105.23999786376953,98.44000244140625,105.18000030517578,9826700
2025-10-10,97.65027618408203,99.9000015258789,101.25,98.54000091552734,100.23999786376953,6836900
2025-10-13,102.77227020263672,105.13999938964844,105.5199966430664,103.16000366210938,103.3499984741211,8223900
2025-10-14,101.28650665283203,103.62000274658203,105.27999877929688,102.81999969482422,103.12999725341797,4678400
2025-10-15,106.03705596923828,108.4800033569336,109.19999694824219,105.47000122070312,105.5199966430664,6021800
2025-10-16,109.18453979492188,111.69999694824219,112.44999694824219,108.52999877929688,109.80999755859375,6340800
2025-10-17,100.7879867553711,103.11000061035156,108.4800033569336,101.25,107.69000244140625,14744700
2025-10-20,103.73997497558594,106.12999725341797,106.97000122070312,104.1500015258789,106.45999908447266,7546400
2025-10-21,92.96814727783203,95.11000061035156,98.4000015258789,93.9800033569336,97.9000015258789,19870700
2025-10-22,92.8606185913086,95.0,95.69999694824219,91.80000305175781,92.05000305175781,12631100
2025-10-23,93.90652465820312,96.06999969482422,97.76000213623047,95.68000030517578,97.58999633789062,8541400
2025-10-24,92.73355102539062,94.87000274658203,96.66000366210938,94.5,94.97000122070312,5531700
2025-10-27,89.23416900634766,91.29000091552734,93.30999755859375,88.66999816894531,91.87999725341797,13157600
2025-10-28,90.85678100585938,92.94999694824219,93.23999786376953,89.0,89.33999633789062,6021500
2025-10-29,90.66129302978516,92.75,95.8499984741211,92.31999969482422,95.79000091552734,6442000
2025-10-30,92.79219818115234,94.93000030517578,95.04000091552734,91.7699966430664,92.2300033569336,6965900
2025-10-31,91.5605697631836,93.66999816894531,94.83999633789062,92.30000305175781,94.61000061035156,5283300
2025-11-03,90.00637817382812,92.08000183105469,94.16999816894531,91.33000183105469,93.30999755859375,5196800
2025-11-04,85.58816528320312,87.55999755859375,89.81999969482422,87.3499984741211,89.25,8750700
2025-11-05,87.98299407958984,90.01000213623047,90.26000213623047,88.30000305175781,89.30000305175781,7021200
2025-11-06,88.31533813476562,90.3499984741211,93.16999816894531,90.13999938964844,91.13999938964844,6119600
2025-11-07,90.93498229980469,93.02999877929688,93.0999984741211,90.04000091552734,90.87999725341797,5174900
2025-11-10,95.47048950195312,97.66999816894531,98.4000015258789,95.77999877929688,96.37000274658203,9490000
2025-11-11,95.83216094970703,98.04000091552734,98.36000061035156,95.87999725341797,98.29000091552734,4522800
2025-11-12,99.15559387207031,101.44000244140625,102.5,97.45999908447266,98.3499984741211,8063100
2025-11-13,96.3697738647461,98.58999633789062,102.55000305175781,97.7699966430664,101.95999908447266,6391000
2025-11-14,95.24567413330078,97.44000244140625,98.36000061035156,93.55000305175781,93.81999969482422,6545700
2025-11-17,93.87720489501953,96.04000091552734,98.4800033569336,94.83999633789062,97.04000091552734,5447700
2025-11-18,94.71783447265625,96.9000015258789,97.87999725341797,95.0999984741211,96.83000183105469,4702300
2025-11-19,95.59757232666016,97.80000305175781,100.4800033569336,96.55999755859375,98.63999938964844,4748900
2025-11-20,91.32598114013672,93.43000030517578,99.86000061035156,93.33999633789062,98.54000091552734,6021900
2025-11-21,91.86359405517578,93.9800033569336,95.69999694824219,92.66000366210938,93.48999786376953,4528700
2025-11-24,97.60140228271484,99.8499984741211,99.91999816894531,94.48999786376953,94.66000366210938,5850600
2025-11-25,97.89464569091797,100.1500015258789,101.4800033569336,98.97000122070312,99.4800033569336,6165800
2025-11-26,102.95799255371094,105.33000183105469,105.62999725341797,100.91999816894531,101.1500015258789,5182600
2025-11-28,106.81903839111328,109.27999877929688,109.37999725341797,106.27999877929688,107.0199966430664,4435100
2025-12-01,105.84156036376953,108.27999877929688,110.43000030517578,107.36000061035156,110.16999816894531,3942400
2025-12-02,104.87385559082031,107.29000091552734,108.66999816894531,104.06999969482422,108.0999984741211,4657300
2025-12-03,104.34601593017578,106.75,109.16999816894531,106.51000213623047,108.0,4688200
2025-12-04,104.57083892822266,106.9800033569336,107.12999725341797,105.05000305175781,105.91000366210938,2087700
2025-12-05,104.277587890625,106.68000030517578,110.41999816894531,106.33000183105469,108.16000366210938,3457100
2025-12-08,102.13690948486328,104.48999786376953,107.16999816894531,104.38999938964844,106.88999938964844,3322600
2025-12-09,106.44760131835938,108.9000015258789,109.23999786376953,104.8499984741211,104.8499984741211,4756900
2025-12-10,108.39278411865234,110.88999938964844,111.68000030517578,106.69000244140625,108.44000244140625,5314500
2025-12-11,112.28315734863281,114.87000274658203,116.69000244140625,110.75,110.80999755859375,6060900
2025-12-12,111.72599029541016,114.30000305175781,118.27999877929688,112.04000091552734,118.27999877929688,5347400
2025-12-15,110.04472351074219,112.58000183105469,115.91000366210938,110.80999755859375,115.7699966430664,4502500
2025-12-16,110.68009185791016,113.2300033569336,114.88999938964844,111.37000274658203,113.0,3356600
2025-12-17,112.03878784179688,114.62000274658203,115.87999725341797,113.11000061035156,115.23999786376953,3905300
2025-12-18,111.62824249267578,114.19999694824219,116.7699966430664,113.47000122070312,114.30000305175781,5223000
2025-12-19,114.98099517822266,117.62999725341797,118.87000274658203,114.6500015258789,114.81999969482422,8284200
2025-12-22,120.0,120.0,121.26000213623047,118.2300033569336,119.26000213623047,7150700
2025-12-23,120.0,120.0,120.44000244140625,117.80000305175781,120.33000183105469,4752200
2025-12-24,118.97000122070312,118.97000122070312,119.68000030517578,116.70999908447266,119.27999877929688,3188700
2025-12-26,121.5999984741211,121.5999984741211,122.16999816894531,119.0999984741211,121.06999969482422,4120400
2025-12-29,113.81999969482422,113.81999969482422,115.87000274658203,112.66999816894531,115.31999969482422,9696600
2025-12-30,115.13999938964844,115.13999938964844,117.72000122070312,114.88999938964844,117.11000061035156,4847100
2025-12-31,113.77999877929688,113.77999877929688,116.69999694824219,113.62999725341797,114.6500015258789,3021800
2026-01-02,113.19999694824219,113.19999694824219,116.4800033569336,110.04000091552734,116.26000213623047,5020000
2026-01-05,117.33999633789062,117.33999633789062,120.45999908447266,115.38999938964844,115.93000030517578,7752000
2026-01-06,121.87999725341797,121.87999725341797,121.94000244140625,118.12000274658203,118.36000061035156,4814800
2026-01-07,120.19000244140625,120.19000244140625,120.31999969482422,115.91999816894531,118.0999984741211,3825300
2026-01-08,120.9800033569336,120.9800033569336,121.02999877929688,117.11000061035156,117.33000183105469,4456500
2026-01-09,121.94999694824219,121.94999694824219,122.87999725341797,120.33999633789062,120.83999633789062,4786800
2026-01-12,126.30000305175781,126.30000305175781,128.2899932861328,125.08999633789062,125.19999694824219,7608600
2026-01-13,126.16000366210938,126.16000366210938,129.4199981689453,125.88999938964844,128.0,3727900
2026-01-14,126.68000030517578,126.68000030517578,129.0500030517578,124.83000183105469,128.97999572753906,4305000
2026-01-15,127.1500015258789,127.1500015258789,128.02000427246094,124.0199966430664,125.26000213623047,3598100
2026-01-16,128.07000732421875,128.07000732421875,128.19000244140625,123.36000061035156,126.06999969482422,3996100
2026-01-20,136.0,136.0,136.38999938964844,132.72000122070312,133.4499969482422,9810800
2026-01-21,134.74000549316406,134.74000549316406,139.52000427246094,133.0800018310547,139.07000732421875,7615900
2026-01-22,142.08999633789062,142.08999633789062,143.0399932861328,134.47999572753906,134.72000122070312,9137100
2026-01-23,145.02999877929688,145.02999877929688,146.0,141.8000030517578,143.0399932861328,6712100
2026-01-26,144.2899932861328,144.2899932861328,152.24000549316406,144.1199951171875,150.75,9440300
2026-01-27,147.4199981689453,147.4199981689453,147.8000030517578,139.47000122070312,144.66000366210938,6460100
2026-01-28,150.4199981689453,150.4199981689453,150.66000366210938,145.7100067138672,148.49000549316406,5203900
2026-01-29,143.67999267578125,143.67999267578125,151.9600067138672,139.00999450683594,151.72999572753906,13631600
2026-01-30,124.08999633789062,124.08999633789062,134.9499969482422,122.2699966430664,130.05999755859375,22121000
2026-02-02,124.08000183105469,124.08000183105469,127.7699966430664,120.91000366210938,124.25,7154200
2026-02-03,129.86000061035156,129.86000061035156,132.24000549316406,126.29000091552734,132.24000549316406,8178800
2026-02-04,130.35000610351562,130.35000610351562,133.57000732421875,125.05999755859375,133.57000732421875,5196400
2026-02-05,121.16999816894531,121.16999816894531,127.56999969482422,120.91999816894531,124.0,7936200
2026-02-06,128.55999755859375,128.55999755859375,128.72000122070312,124.61000061035156,124.81999969482422,6490300
2026-02-09,136.89999389648438,136.89999389648438,137.02999877929688,130.60000610351562,131.49000549316406,6967800
2026-02-10,136.3300018310547,136.3300018310547,137.72000122070312,134.9600067138672,135.99000549316406,4800700
2026-02-11,141.1699981689453,141.1699981689453,141.60000610351562,135.89999389648438,140.58999633789062,4723700
2026-02-12,128.85000610351562,128.85000610351562,139.77999877929688,128.63999938964844,138.8699951171875,8757800
2026-02-13,136.33999633789062,136.33999633789062,136.94000244140625,131.22999572753906,132.5800018310547,5763800
2026-02-17,130.8000030517578,130.8000030517578,132.2899932861328,126.87999725341797,131.16000366210938,6680100
2026-02-18,134.07000732421875,134.07000732421875,135.38999938964844,132.58999633789062,133.80999755859375,3732300
2026-02-19,137.92999267578125,137.92999267578125,138.2100067138672,132.39999389648438,133.6699981689453,4285500
2026-02-20,142.00999450683594,142.00999450683594,142.14999389648438,135.6699981689453,138.63999938964844,5284700
2026-02-23,146.63999938964844,146.63999938964844,147.5,143.9600067138672,144.30999755859375,5298700
2026-02-24,147.0800018310547,147.0800018310547,148.4499969482422,141.58999633789062,141.58999633789062,4322300
2026-02-25,147.85000610351562,147.85000610351562,150.69000244140625,147.14999389648438,149.0,3058700
2026-02-26,153.27999877929688,153.27999877929688,153.6300048828125,145.67999267578125,147.02000427246094,6257500
2026-02-27,156.19000244140625,156.19000244140625,156.32000732421875,152.86000061035156,154.19000244140625,3684700
2026-03-02,155.02999877929688,155.02999877929688,157.49000549316406,149.86000061035156,156.64999389648438,5205300
2026-03-03,141.22000122070312,141.22000122070312,144.8699951171875,137.6199951171875,144.17999267578125,13127900
2026-03-04,142.49000549316406,142.49000549316406,146.13999938964844,140.4600067138672,146.13999938964844,3206900
2026-03-05,136.7100067138672,136.7100067138672,140.47000122070312,133.8000030517578,140.14999389648438,6865500
2026-03-06,136.1699981689453,136.1699981689453,137.80999755859375,131.50999450683594,133.19000244140625,3888600
2026-03-09,137.22999572753906,137.22999572753906,137.58999633789062,127.79000091552734,131.6999969482422,6655800
2026-03-10,138.94000244140625,138.94000244140625,142.39999389648438,138.36000061035156,139.27000427246094,4714800
2026-03-11,135.36000061035156,135.36000061035156,137.2899932861328,132.42999267578125,137.0,4227800
2026-03-12,131.58999633789062,131.58999633789062,134.80999755859375,130.33999633789062,134.47000122070312,3400000
2026-03-13,123.93000030517578,123.93000030517578,131.4499969482422,123.63999938964844,131.4499969482422,7638600
2026-03-16,125.83999633789062,125.83999633789062,127.88999938964844,122.47000122070312,124.44000244140625,4931800
2026-03-17,125.12999725341797,125.12999725341797,128.22999572753906,124.1500015258789,126.44000244140625,3960100
2026-03-18,116.37000274658203,116.37000274658203,120.19999694824219,116.0999984741211,120.04000091552734,7764800
2026-03-19,108.97000122070312,108.97000122070312,109.80999755859375,104.16999816894531,106.61000061035156,10880600
2026-03-20,104.7699966430664,104.7699966430664,109.87999725341797,102.87999725341797,109.56999969482422,8325300
2026-03-23,110.02999877929688,110.02999877929688,112.5,106.58999633789062,107.02999877929688,12880800
2026-03-24,109.79000091552734,109.79000091552734,110.45999908447266,105.93000030517578,107.33000183105469,6107300
2026-03-25,113.29000091552734,113.29000091552734,115.91000366210938,111.87999725341797,115.26000213623047,6269600
2026-03-26,105.91999816894531,105.91999816894531,112.3499984741211,105.8499984741211,108.66000366210938,6919100
2026-03-27,110.58000183105469,110.58000183105469,112.69000244140625,106.12999725341797,107.16000366210938,6380800
2026-03-30,110.61000061035156,110.61000061035156,114.05999755859375,109.05999755859375,113.27999877929688,4410400
2026-03-31,120.04000091552734,120.04000091552734,120.18000030517578,113.63999938964844,113.73999786376953,9639400
2026-04-01,125.25,125.25,128.1199951171875,121.87000274658203,123.62000274658203,6292100
2026-04-02,122.19000244140625,122.19000244140625,124.13999938964844,116.12999725341797,116.12999725341797,4852100
2026-04-06,121.22000122070312,121.22000122070312,123.19999694824219,120.58999633789062,122.2699966430664,2674800
2026-04-07,122.91000366210938,122.91000366210938,123.0,117.83000183105469,120.91999816894531,3215100
2026-04-08,127.25,127.25,132.19000244140625,124.87000274658203,131.80999755859375,7674700
2026-04-09,127.87000274658203,127.87000274658203,129.99000549316406,125.41999816894531,128.14999389648438,3387600
2026-04-10,128.83999633789062,128.83999633789062,130.47000122070312,127.83999633789062,128.94000244140625,2361900
2026-04-13,129.0500030517578,129.0500030517578,129.63999938964844,126.54000091552734,127.05000305175781,2245500
2026-04-14,132.77000427246094,132.77000427246094,133.32000732421875,130.25999450683594,130.80999755859375,3609300
2026-04-15,129.3800048828125,129.3800048828125,132.75,128.97000122070312,132.17999267578125,2767100
2026-04-16,129.42999267578125,129.42999267578125,131.2899932861328,128.9499969482422,129.85000610351562,3130100
2026-04-17,133.1199951171875,133.1199951171875,136.5500030517578,132.38999938964844,132.8699951171875,6102500
2026-04-20,131.55999755859375,131.55999755859375,132.32000732421875,130.1199951171875,131.4600067138672,2819900
2026-04-21,122.4800033569336,122.4800033569336,130.7100067138672,122.31999969482422,130.14999389648438,6886400
2026-04-22,125.7300033569336,125.7300033569336,127.5199966430664,124.69999694824219,125.77999877929688,3980200
2026-04-23,122.0,122.0,125.33999633789062,119.0999984741211,124.55999755859375,5271100
2026-04-24,123.75,123.75,124.02999877929688,121.13999938964844,123.31999969482422,2862000
2026-04-27,121.4800033569336,121.4800033569336,122.83999633789062,120.61000061035156,122.69999694824219,3015300
2026-04-28,116.7300033569336,116.7300033569336,119.22000122070312,116.13999938964844,118.31999969482422,5250000
2026-04-29,113.5199966430664,113.5199966430664,115.23999786376953,113.20999908447266,115.04000091552734,4085800
2026-04-30,116.33999633789062,116.33999633789062,118.0,114.91000366210938,117.05999755859375,3823500
2026-05-01,115.37999725341797,115.37999725341797,117.9800033569336,114.8499984741211,115.36000061035156,3424700
2026-05-04,113.08999633789062,113.08999633789062,115.6500015258789,112.80000305175781,113.81999969482422,4012900
2026-05-05,113.16000366210938,113.16000366210938,115.98999786376953,113.13999938964844,115.94999694824219,4191000
2026-05-06,122.75,122.75,124.02999877929688,119.5,119.5,7817000
2026-05-07,122.41999816894531,122.41999816894531,129.32000732421875,122.2699966430664,126.41000366210938,7113800
2026-05-08,125.83999633789062,125.83999633789062,127.63999938964844,123.38999938964844,124.31999969482422,5082600
2026-05-11,129.5,129.5,131.36000061035156,126.62000274658203,126.68000030517578,6506900
2026-05-12,129.8699951171875,129.8699951171875,130.5800018310547,123.26000213623047,127.02999877929688,7173400
2026-05-13,128.94000244140625,128.94000244140625,130.0,126.30000305175781,128.25,3944600
2026-05-14,125.66999816894531,125.66999816894531,128.5399932861328,124.8499984741211,128.2899932861328,4714700
2026-05-15,116.37000274658203,116.37000274658203,119.68000030517578,115.47000122070312,119.55999755859375,8177800
2026-05-18,115.47000122070312,115.47000122070312,118.77999877929688,114.2699966430664,118.0,4288300
2026-05-19,110.30000305175781,110.30000305175781,113.01000213623047,109.5199966430664,112.93000030517578,5929500
2026-05-20,113.37000274658203,113.37000274658203,114.4000015258789,109.5999984741211,111.3499984741211,6599500
2026-05-21,112.20999908447266,112.20999908447266,115.0199966430664,110.05000305175781,110.62000274658203,5895900
2026-05-22,111.62000274658203,111.62000274658203,113.33999633789062,110.11000061035156,112.69999694824219,4183200
2026-05-26,116.66000366210938,116.66000366210938,116.7300033569336,114.4800033569336,114.75,5173700
2026-05-27,112.55999755859375,112.55999755859375,114.88999938964844,112.5199966430664,113.0,6411100
2026-05-28,114.83000183105469,114.83000183105469,116.20999908447266,109.4000015258789,111.05000305175781,6928100
2026-05-29,119.29000091552734,119.29000091552734,120.05000305175781,114.27999877929688,115.20999908447266,9476100
2026-06-01,114.94999694824219,114.94999694824219,116.5999984741211,111.76000213623047,115.70999908447266,6947500
2026-06-02,115.9800033569336,115.9800033569336,116.94999694824219,113.5199966430664,116.22000122070312,3489400
2026-06-03,110.87999725341797,110.87999725341797,114.13999938964844,110.5999984741211,113.7699966430664,5840200
2026-06-04,111.9000015258789,111.9000015258789,113.80999755859375,110.87000274658203,112.44000244140625,3186700
2026-06-05,100.58999633789062,100.58999633789062,108.80000305175781,100.55000305175781,108.08000183105469,11370600
2026-06-08,101.61000061035156,101.61000061035156,103.2300033569336,101.18000030517578,102.08000183105469,4858900
2026-06-09,99.54000091552734,99.54000091552734,103.54000091552734,96.29000091552734,102.87000274658203,7326300
2026-06-10,94.54000091552734,94.54000091552734,98.63999938964844,94.33000183105469,95.95999908447266,8568900
2026-06-11,101.08000183105469,101.08000183105469,101.36000061035156,95.01000213623047,95.41000366210938,10561600
2026-06-12,104.26000213623047,104.26000213623047,105.20999908447266,101.0999984741211,101.62999725341797,5936300
2026-06-15,111.87999725341797,111.87999725341797,114.62999725341797,111.04000091552734,112.16999816894531,8291000
2026-06-16,114.44000244140625,114.44000244140625,114.94000244140625,112.08000183105469,113.4000015258789,5705900
2026-06-17,109.79000091552734,109.79000091552734,118.19000244140625,109.72000122070312,114.69999694824219,13548200
2026-06-18,107.22000122070312,107.22000122070312,112.83999633789062,106.05999755859375,110.98999786376953,10609400
2026-06-22,106.12000274658203,106.12000274658203,106.95999908447266,104.9000015258789,105.86000061035156,4584500
2026-06-23,100.55999755859375,100.55999755859375,102.86000061035156,100.08000183105469,101.0999984741211,6650700
2026-06-24,96.08000183105469,96.08000183105469,99.0199966430664,95.06999969482422,96.33000183105469,7749400
2026-06-25,97.9000015258789,97.9000015258789,99.6500015258789,95.8499984741211,98.08000183105469,5843400
2026-06-26,100.29000091552734,100.29000091552734,102.70999908447266,98.62999725341797,99.11000061035156,5956400
2026-06-29,98.91999816894531,98.91999816894531,99.37000274658203,97.08999633789062,98.83999633789062,4075900
2026-06-30,98.25,98.25,98.94000244140625,96.6500015258789,98.56999969482422,4002700
2026-07-01,98.05000305175781,98.05000305175781,102.02999877929688,97.83000183105469,98.19000244140625,3223700
2026-07-02,102.91000366210938,102.91000366210938,105.08000183105469,100.69000244140625,101.97000122070312,6392500
2026-07-06,103.91000366210938,103.91000366210938,105.94000244140625,102.43000030517578,105.37999725341797,3597900
2026-07-07,98.93000030517578,98.93000030517578,103.55999755859375,98.0199966430664,103.0,4815000
2026-07-08,95.5999984741211,95.5999984741211,97.5999984741211,93.2300033569336,96.55999755859375,4881100
2026-07-09,99.0,99.0,99.58000183105469,97.01000213623047,97.8499984741211,4306200
2026-07-10,98.87999725341797,98.87999725341797,99.80000305175781,97.44999694824219,98.3499984741211,2554100
2026-07-13,95.4000015258789,95.4000015258789,97.48999786376953,94.66000366210938,96.9800033569336,5172900
